GeographyCode,KS105NI0001,KS105NI0002,KS105NI0003,KS105NI0004,KS105NI0005,KS105NI0006,KS105NI0007,KS105NI0008,KS105NI0009,KS105NI0010,KS105NI0011,KS105NI0012,KS105NI0013,KS105NI0014,KS105NI0015,KS105NI0016,KS105NI0017,KS105NI0018,KS105NI0019,KS105NI0020,KS105NI0021,KS105NI0022,KS105NI0023,KS105NI0024,KS105NI0025,KS105NI0026,KS105NI0027,KS105NI0028,KS105NI0029,KS105NI0030,KS105NI0031
95AA01,1522,94,202,71,257,514,104,44,26,4,61,54,40,3,1,47,6.18,13.27,4.66,16.89,33.77,6.83,2.89,1.71,0.26,4.01,3.55,2.63,0.20,0.07,3.09
95AA02,839,155,191,53,93,81,62,34,22,3,60,42,16,0,1,26,18.47,22.77,6.32,11.08,9.65,7.39,4.05,2.62,0.36,7.15,5.01,1.91,0,0.12,3.10
95AA03,845,123,200,54,69,98,42,31,26,1,103,55,15,0,1,27,14.56,23.67,6.39,8.17,11.60,4.97,3.67,3.08,0.12,12.19,6.51,1.78,0,0.12,3.20
95AA04,1014,73,98,77,141,287,129,18,25,4,31,40,47,1,4,39,7.20,9.66,7.59,13.91,28.30,12.72,1.78,2.47,0.39,3.06,3.94,4.64,0.10,0.39,3.85
95AA05,920,88,104,69,91,252,125,17,20,7,57,37,28,0,4,21,9.57,11.30,7.50,9.89,27.39,13.59,1.85,2.17,0.76,6.20,4.02,3.04,0,0.43,2.28
95AA06,1570,159,197,73,142,468,122,36,47,4,177,52,57,0,3,33,10.13,12.55,4.65,9.04,29.81,7.77,2.29,2.99,0.25,11.27,3.31,3.63,0,0.19,2.10
95AA07,820,73,128,69,108,159,89,24,25,2,56,37,24,0,7,19,8.90,15.61,8.41,13.17,19.39,10.85,2.93,3.05,0.24,6.83,4.51,2.93,0,0.85,2.32
95AA08,699,67,148,48,50,75,64,18,28,5,100,48,21,0,2,25,9.59,21.17,6.87,7.15,10.73,9.16,2.58,4.01,0.72,14.31,6.87,3.00,0,0.29,3.58
95AA09,943,87,220,58,96,112,71,29,31,8,131,45,23,0,3,29,9.23,23.33,6.15,10.18,11.88,7.53,3.08,3.29,0.85,13.89,4.77,2.44,0,0.32,3.08
95AA10,792,64,135,69,94,113,69,17,25,5,94,56,28,0,3,20,8.08,17.05,8.71,11.87,14.27,8.71,2.15,3.16,0.63,11.87,7.07,3.54,0,0.38,2.53
95AA11,1993,159,328,116,263,511,122,84,66,8,128,61,64,1,4,78,7.98,16.46,5.82,13.20,25.64,6.12,4.21,3.31,0.40,6.42,3.06,3.21,0.05,0.20,3.91
95AA12,971,92,88,65,154,322,92,24,14,3,33,26,27,0,5,26,9.47,9.06,6.69,15.86,33.16,9.47,2.47,1.44,0.31,3.40,2.68,2.78,0,0.51,2.68
95AA13,1239,125,201,72,129,271,103,31,51,5,118,56,30,0,4,43,10.09,16.22,5.81,10.41,21.87,8.31,2.50,4.12,0.40,9.52,4.52,2.42,0,0.32,3.47
95AA14,779,80,50,58,135,217,102,10,7,2,30,35,25,0,7,21,10.27,6.42,7.45,17.33,27.86,13.09,1.28,0.90,0.26,3.85,4.49,3.21,0,0.90,2.70
95AA15,1595,78,317,50,193,344,97,76,69,4,193,65,45,0,1,63,4.89,19.87,3.13,12.10,21.57,6.08,4.76,4.33,0.25,12.10,4.08,2.82,0,0.06,3.95
95AA16,832,91,227,58,72,111,41,30,29,3,77,44,14,0,1,34,10.94,27.28,6.97,8.65,13.34,4.93,3.61,3.49,0.36,9.25,5.29,1.68,0,0.12,4.09
95AA17,855,71,166,44,96,131,83,21,36,5,106,49,27,1,0,19,8.30,19.42,5.15,11.23,15.32,9.71,2.46,4.21,0.58,12.40,5.73,3.16,0.12,0,2.22
95AA18,1004,121,136,145,174,166,86,33,18,1,42,28,19,2,3,30,12.05,13.55,14.44,17.33,16.53,8.57,3.29,1.79,0.10,4.18,2.79,1.89,0.20,0.30,2.99
95AA19,832,66,91,40,60,271,96,9,8,0,70,58,35,0,6,22,7.93,10.94,4.81,7.21,32.57,11.54,1.08,0.96,0,8.41,6.97,4.21,0,0.72,2.64
95BB01,1307,107,163,98,176,367,138,28,27,14,78,42,26,0,3,40,8.19,12.47,7.50,13.47,28.08,10.56,2.14,2.07,1.07,5.97,3.21,1.99,0,0.23,3.06
95BB02,1126,202,236,108,108,123,59,33,23,2,85,79,15,0,6,47,17.94,20.96,9.59,9.59,10.92,5.24,2.93,2.04,0.18,7.55,7.02,1.33,0,0.53,4.17
95BB03,1776,251,226,188,247,327,119,77,50,5,121,64,32,0,7,62,14.13,12.73,10.59,13.91,18.41,6.70,4.34,2.82,0.28,6.81,3.60,1.80,0,0.39,3.49
95BB04,1307,176,173,187,213,201,129,27,20,6,60,51,24,0,7,33,13.47,13.24,14.31,16.30,15.38,9.87,2.07,1.53,0.46,4.59,3.90,1.84,0,0.54,2.52
95BB05,1318,134,148,134,228,279,142,36,29,6,65,45,29,0,6,37,10.17,11.23,10.17,17.30,21.17,10.77,2.73,2.20,0.46,4.93,3.41,2.20,0,0.46,2.81
95BB06,1518,296,384,92,151,105,68,73,26,6,141,78,23,0,9,66,19.50,25.30,6.06,9.95,6.92,4.48,4.81,1.71,0.40,9.29,5.14,1.52,0,0.59,4.35
95BB07,1315,210,221,121,163,184,82,57,41,7,120,70,13,0,1,25,15.97,16.81,9.20,12.40,13.99,6.24,4.33,3.12,0.53,9.13,5.32,0.99,0,0.08,1.90
95BB08,1068,130,149,78,152,220,109,29,22,3,70,53,22,0,6,25,12.17,13.95,7.30,14.23,20.60,10.21,2.72,2.06,0.28,6.55,4.96,2.06,0,0.56,2.34
95BB09,1253,141,199,118,220,231,114,46,18,4,55,55,18,0,2,32,11.25,15.88,9.42,17.56,18.44,9.10,3.67,1.44,0.32,4.39,4.39,1.44,0,0.16,2.55
95BB10,1509,247,268,181,228,217,104,46,26,5,82,42,22,0,7,34,16.37,17.76,11.99,15.11,14.38,6.89,3.05,1.72,0.33,5.43,2.78,1.46,0,0.46,2.25
95BB11,1338,235,242,144,149,189,97,29,25,5,111,73,13,0,9,17,17.56,18.09,10.76,11.14,14.13,7.25,2.17,1.87,0.37,8.30,5.46,0.97,0,0.67,1.27
95BB12,1130,125,166,107,126,188,89,36,38,7,127,61,29,0,6,25,11.06,14.69,9.47,11.15,16.64,7.88,3.19,3.36,0.62,11.24,5.40,2.57,0,0.53,2.21
95BB13,1687,110,213,139,252,409,150,62,39,11,176,60,31,0,3,32,6.52,12.63,8.24,14.94,24.24,8.89,3.68,2.31,0.65,10.43,3.56,1.84,0,0.18,1.90
95BB14,1172,131,128,127,180,270,131,37,24,1,48,38,24,0,5,28,11.18,10.92,10.84,15.36,23.04,11.18,3.16,2.05,0.09,4.10,3.24,2.05,0,0.43,2.39
95BB15,1287,128,173,89,163,315,107,34,34,4,97,67,27,0,9,40,9.95,13.44,6.92,12.67,24.48,8.31,2.64,2.64,0.31,7.54,5.21,2.10,0,0.70,3.11
95BB16,1176,111,114,137,208,299,129,15,18,6,33,40,23,0,7,36,9.44,9.69,11.65,17.69,25.43,10.97,1.28,1.53,0.51,2.81,3.40,1.96,0,0.60,3.06
95BB17,1399,115,220,79,203,296,98,48,48,2,152,64,37,0,2,35,8.22,15.73,5.65,14.51,21.16,7.01,3.43,3.43,0.14,10.86,4.57,2.64,0,0.14,2.50
95BB18,1638,146,226,141,243,382,124,58,46,10,113,53,40,0,8,48,8.91,13.80,8.61,14.84,23.32,7.57,3.54,2.81,0.61,6.90,3.24,2.44,0,0.49,2.93
95BB19,1724,116,185,93,292,502,182,48,42,6,118,66,38,0,2,34,6.73,10.73,5.39,16.94,29.12,10.56,2.78,2.44,0.35,6.84,3.83,2.20,0,0.12,1.97
95BB20,1290,158,211,88,135,282,132,27,25,3,85,68,30,0,9,37,12.25,16.36,6.82,10.47,21.86,10.23,2.09,1.94,0.23,6.59,5.27,2.33,0,0.70,2.87
95BB21,1821,197,243,148,278,440,137,53,36,5,126,56,49,0,1,52,10.82,13.34,8.13,15.27,24.16,7.52,2.91,1.98,0.27,6.92,3.08,2.69,0,0.05,2.86
95BB22,1194,68,252,52,121,222,73,45,43,4,195,62,24,0,2,31,5.70,21.11,4.36,10.13,18.59,6.11,3.77,3.60,0.34,16.33,5.19,2.01,0,0.17,2.60
95BB23,1161,106,130,135,214,241,150,19,20,1,49,51,27,1,2,15,9.13,11.20,11.63,18.43,20.76,12.92,1.64,1.72,0.09,4.22,4.39,2.33,0.09,0.17,1.29
95CC01,904,92,142,42,65,183,72,27,15,1,113,71,34,0,2,45,10.18,15.71,4.65,7.19,20.24,7.96,2.99,1.66,0.11,12.50,7.85,3.76,0,0.22,4.98
95CC02,875,83,88,54,88,254,128,17,24,1,35,43,25,0,12,23,9.49,10.06,6.17,10.06,29.03,14.63,1.94,2.74,0.11,4.00,4.91,2.86,0,1.37,2.63
95CC03,1127,145,222,31,66,146,69,36,38,0,188,63,57,0,8,58,12.87,19.70,2.75,5.86,12.95,6.12,3.19,3.37,0,16.68,5.59,5.06,0,0.71,5.15
95CC04,790,94,83,47,58,221,110,13,17,0,48,53,22,0,4,20,11.90,10.51,5.95,7.34,27.97,13.92,1.65,2.15,0,6.08,6.71,2.78,0,0.51,2.53
95CC05,954,114,113,58,95,268,89,19,10,0,59,58,26,0,11,34,11.95,11.84,6.08,9.96,28.09,9.33,1.99,1.05,0,6.18,6.08,2.73,0,1.15,3.56
95CC06,1096,123,178,83,137,236,100,35,19,1,91,47,24,0,2,20,11.22,16.24,7.57,12.50,21.53,9.12,3.19,1.73,0.09,8.30,4.29,2.19,0,0.18,1.82
95CC07,1108,99,128,45,94,338,122,16,22,2,103,51,44,0,4,40,8.94,11.55,4.06,8.48,30.51,11.01,1.44,1.99,0.18,9.30,4.60,3.97,0,0.36,3.61
95CC08,990,120,166,58,53,197,82,27,26,1,137,58,21,0,8,36,12.12,16.77,5.86,5.35,19.90,8.28,2.73,2.63,0.10,13.84,5.86,2.12,0,0.81,3.64
95CC09,1190,95,140,89,175,332,144,33,19,2,58,49,20,1,3,30,7.98,11.76,7.48,14.71,27.90,12.10,2.77,1.60,0.17,4.87,4.12,1.68,0.08,0.25,2.52
95CC10,901,80,106,92,110,214,115,16,19,1,33,50,23,0,6,36,8.88,11.76,10.21,12.21,23.75,12.76,1.78,2.11,0.11,3.66,5.55,2.55,0,0.67,4.00
95CC11,786,112,178,52,70,102,66,18,7,1,83,46,13,0,3,35,14.25,22.65,6.62,8.91,12.98,8.40,2.29,0.89,0.13,10.56,5.85,1.65,0,0.38,4.45
95CC12,890,76,99,63,83,284,120,9,11,0,53,39,24,0,4,25,8.54,11.12,7.08,9.33,31.91,13.48,1.01,1.24,0,5.96,4.38,2.70,0,0.45,2.81
95CC13,817,65,103,50,94,235,114,13,6,0,38,47,25,0,5,22,7.96,12.61,6.12,11.51,28.76,13.95,1.59,0.73,0,4.65,5.75,3.06,0,0.61,2.69
95CC14,1132,119,130,86,170,294,115,34,21,1,80,47,13,0,1,21,10.51,11.48,7.60,15.02,25.97,10.16,3.00,1.86,0.09,7.07,4.15,1.15,0,0.09,1.86
95CC15,1007,98,115,61,100,293,114,25,18,3,67,58,25,0,5,25,9.73,11.42,6.06,9.93,29.10,11.32,2.48,1.79,0.30,6.65,5.76,2.48,0,0.50,2.48
95CC16,1076,158,144,76,110,259,94,22,23,2,96,40,18,0,13,21,14.68,13.38,7.06,10.22,24.07,8.74,2.04,2.14,0.19,8.92,3.72,1.67,0,1.21,1.95
95CC17,897,78,100,54,87,277,122,12,16,1,46,44,28,0,2,30,8.70,11.15,6.02,9.70,30.88,13.60,1.34,1.78,0.11,5.13,4.91,3.12,0,0.22,3.34
95CC18,937,138,146,74,80,174,94,25,20,7,69,55,23,2,3,27,14.73,15.58,7.90,8.54,18.57,10.03,2.67,2.13,0.75,7.36,5.87,2.45,0.21,0.32,2.88
95CC19,981,124,118,59,123,272,98,10,15,3,57,43,21,0,2,36,12.64,12.03,6.01,12.54,27.73,9.99,1.02,1.53,0.31,5.81,4.38,2.14,0,0.20,3.67
95CC20,1127,114,161,68,160,283,112,30,33,2,70,40,26,0,1,27,10.12,14.29,6.03,14.20,25.11,9.94,2.66,2.93,0.18,6.21,3.55,2.31,0,0.09,2.40
95CC21,1167,119,188,91,168,241,98,36,29,3,89,55,18,0,3,29,10.20,16.11,7.80,14.40,20.65,8.40,3.08,2.49,0.26,7.63,4.71,1.54,0,0.26,2.49
95CC22,842,166,204,52,71,85,46,21,18,2,69,63,10,0,2,33,19.71,24.23,6.18,8.43,10.10,5.46,2.49,2.14,0.24,8.19,7.48,1.19,0,0.24,3.92
95DD01,836,111,85,129,141,147,82,13,19,3,29,30,14,0,3,30,13.28,10.17,15.43,16.87,17.58,9.81,1.56,2.27,0.36,3.47,3.59,1.67,0,0.36,3.59
95DD02,1490,147,198,90,206,382,133,45,40,5,102,77,30,0,3,32,9.87,13.29,6.04,13.83,25.64,8.93,3.02,2.68,0.34,6.85,5.17,2.01,0,0.20,2.15
95DD03,1389,142,163,145,200,304,98,53,28,3,110,53,26,1,5,58,10.22,11.74,10.44,14.40,21.89,7.06,3.82,2.02,0.22,7.92,3.82,1.87,0.07,0.36,4.18
95DD04,859,127,176,42,76,86,38,30,35,2,130,69,20,0,1,27,14.78,20.49,4.89,8.85,10.01,4.42,3.49,4.07,0.23,15.13,8.03,2.33,0,0.12,3.14
95DD05,685,51,123,27,75,92,57,19,28,4,123,50,16,0,1,19,7.45,17.96,3.94,10.95,13.43,8.32,2.77,4.09,0.58,17.96,7.30,2.34,0,0.15,2.77
95DD06,944,109,78,129,159,186,117,21,16,4,34,42,21,0,9,19,11.55,8.26,13.67,16.84,19.70,12.39,2.22,1.69,0.42,3.60,4.45,2.22,0,0.95,2.01
95DD07,1412,208,189,155,172,267,114,38,39,7,93,62,25,0,14,29,14.73,13.39,10.98,12.18,18.91,8.07,2.69,2.76,0.50,6.59,4.39,1.77,0,0.99,2.05
95DD08,1041,218,267,46,58,68,42,50,31,5,73,67,26,2,7,81,20.94,25.65,4.42,5.57,6.53,4.03,4.80,2.98,0.48,7.01,6.44,2.50,0.19,0.67,7.78
95DD09,929,78,86,87,152,254,114,11,6,2,36,43,15,0,11,34,8.40,9.26,9.36,16.36,27.34,12.27,1.18,0.65,0.22,3.88,4.63,1.61,0,1.18,3.66
95DD10,1180,195,166,87,139,193,123,27,29,4,93,65,22,0,2,35,16.53,14.07,7.37,11.78,16.36,10.42,2.29,2.46,0.34,7.88,5.51,1.86,0,0.17,2.97
95DD11,955,102,199,35,71,128,37,32,50,6,153,62,37,0,2,41,10.68,20.84,3.66,7.43,13.40,3.87,3.35,5.24,0.63,16.02,6.49,3.87,0,0.21,4.29
95DD12,890,82,81,83,131,262,111,8,10,1,33,36,24,0,4,24,9.21,9.10,9.33,14.72,29.44,12.47,0.90,1.12,0.11,3.71,4.04,2.70,0,0.45,2.70
95DD13,741,114,158,43,51,94,56,18,16,0,71,43,33,0,7,37,15.38,21.32,5.80,6.88,12.69,7.56,2.43,2.16,0,9.58,5.80,4.45,0,0.94,4.99
95DD14,1233,116,143,120,188,323,120,23,17,2,74,47,27,0,6,27,9.41,11.60,9.73,15.25,26.20,9.73,1.87,1.38,0.16,6.00,3.81,2.19,0,0.49,2.19
95DD15,1174,93,146,66,122,333,151,23,32,3,71,66,29,0,8,31,7.92,12.44,5.62,10.39,28.36,12.86,1.96,2.73,0.26,6.05,5.62,2.47,0,0.68,2.64
95DD16,1019,93,104,65,150,275,159,15,15,5,34,40,31,0,8,25,9.13,10.21,6.38,14.72,26.99,15.60,1.47,1.47,0.49,3.34,3.93,3.04,0,0.79,2.45
95DD17,1148,93,99,83,159,359,149,19,23,4,44,43,35,0,14,24,8.10,8.62,7.23,13.85,31.27,12.98,1.66,2.00,0.35,3.83,3.75,3.05,0,1.22,2.09
95DD18,873,118,193,85,109,87,67,33,14,2,59,57,13,1,3,32,13.52,22.11,9.74,12.49,9.97,7.67,3.78,1.60,0.23,6.76,6.53,1.49,0.11,0.34,3.67
95DD19,1275,123,174,102,181,304,120,32,24,4,98,53,23,0,3,34,9.65,13.65,8.00,14.20,23.84,9.41,2.51,1.88,0.31,7.69,4.16,1.80,0,0.24,2.67
95DD20,826,101,229,65,55,66,49,29,19,2,87,70,22,0,4,28,12.23,27.72,7.87,6.66,7.99,5.93,3.51,2.30,0.24,10.53,8.47,2.66,0,0.48,3.39
95DD21,891,108,134,76,114,127,64,27,26,4,96,44,24,0,3,44,12.12,15.04,8.53,12.79,14.25,7.18,3.03,2.92,0.45,10.77,4.94,2.69,0,0.34,4.94
95DD22,1156,146,163,76,138,280,128,21,12,1,62,55,34,0,8,32,12.63,14.10,6.57,11.94,24.22,11.07,1.82,1.04,0.09,5.36,4.76,2.94,0,0.69,2.77
95DD23,881,81,73,85,110,248,114,20,14,2,29,48,23,0,9,25,9.19,8.29,9.65,12.49,28.15,12.94,2.27,1.59,0.23,3.29,5.45,2.61,0,1.02,2.84
95DD24,990,93,105,75,114,228,107,26,21,4,85,60,28,0,2,42,9.39,10.61,7.58,11.52,23.03,10.81,2.63,2.12,0.40,8.59,6.06,2.83,0,0.20,4.24
95EE01,592,35,58,37,61,187,73,12,17,2,30,25,26,0,7,22,5.91,9.80,6.25,10.30,31.59,12.33,2.03,2.87,0.34,5.07,4.22,4.39,0,1.18,3.72
95EE02,790,71,115,35,117,182,83,24,27,3,38,53,19,0,2,21,8.99,14.56,4.43,14.81,23.04,10.51,3.04,3.42,0.38,4.81,6.71,2.41,0,0.25,2.66
95EE03,808,85,146,62,87,159,61,22,26,4,60,49,19,1,3,24,10.52,18.07,7.67,10.77,19.68,7.55,2.72,3.22,0.50,7.43,6.06,2.35,0.12,0.37,2.97
95EE04,736,75,93,55,89,158,80,28,16,3,44,36,24,0,5,30,10.19,12.64,7.47,12.09,21.47,10.87,3.80,2.17,0.41,5.98,4.89,3.26,0,0.68,4.08
95EE05,577,64,71,49,81,124,54,29,11,2,16,40,17,0,2,17,11.09,12.31,8.49,14.04,21.49,9.36,5.03,1.91,0.35,2.77,6.93,2.95,0,0.35,2.95
95EE06,692,72,51,35,42,245,84,14,17,3,41,21,32,0,10,25,10.40,7.37,5.06,6.07,35.40,12.14,2.02,2.46,0.43,5.92,3.03,4.62,0,1.45,3.61
95EE07,740,107,100,79,71,143,50,23,20,1,65,35,24,0,5,17,14.46,13.51,10.68,9.59,19.32,6.76,3.11,2.70,0.14,8.78,4.73,3.24,0,0.68,2.30
95EE08,711,94,130,69,95,104,69,21,10,1,43,38,14,0,2,21,13.22,18.28,9.70,13.36,14.63,9.70,2.95,1.41,0.14,6.05,5.34,1.97,0,0.28,2.95
95EE09,605,40,55,40,65,166,82,12,26,2,23,39,24,1,4,26,6.61,9.09,6.61,10.74,27.44,13.55,1.98,4.30,0.33,3.80,6.45,3.97,0.17,0.66,4.30
95EE10,598,48,68,34,59,155,70,23,14,4,21,26,39,0,11,26,8.03,11.37,5.69,9.87,25.92,11.71,3.85,2.34,0.67,3.51,4.35,6.52,0,1.84,4.35
95EE11,551,46,36,46,67,144,82,11,11,4,16,38,21,0,8,21,8.35,6.53,8.35,12.16,26.13,14.88,2.00,2.00,0.73,2.90,6.90,3.81,0,1.45,3.81
95EE12,1059,88,222,44,110,183,61,61,36,1,128,56,24,0,3,42,8.31,20.96,4.15,10.39,17.28,5.76,5.76,3.40,0.09,12.09,5.29,2.27,0,0.28,3.97
95EE13,718,155,142,71,56,95,53,18,14,1,34,39,8,0,5,27,21.59,19.78,9.89,7.80,13.23,7.38,2.51,1.95,0.14,4.74,5.43,1.11,0,0.70,3.76
95EE14,1016,99,114,81,133,264,72,35,35,4,66,59,18,0,5,31,9.74,11.22,7.97,13.09,25.98,7.09,3.44,3.44,0.39,6.50,5.81,1.77,0,0.49,3.05
95EE15,606,61,68,37,84,156,75,9,20,2,18,28,23,0,8,17,10.07,11.22,6.11,13.86,25.74,12.38,1.49,3.30,0.33,2.97,4.62,3.80,0,1.32,2.81
95EE16,709,52,80,45,90,211,84,16,19,1,26,30,30,0,6,19,7.33,11.28,6.35,12.69,29.76,11.85,2.26,2.68,0.14,3.67,4.23,4.23,0,0.85,2.68
95FF01,1740,119,216,122,225,506,156,75,45,2,152,50,25,0,3,44,6.84,12.41,7.01,12.93,29.08,8.97,4.31,2.59,0.11,8.74,2.87,1.44,0,0.17,2.53
95FF02,923,90,100,49,106,299,108,19,17,0,33,43,24,0,4,31,9.75,10.83,5.31,11.48,32.39,11.70,2.06,1.84,0,3.58,4.66,2.60,0,0.43,3.36
95FF03,1169,88,180,58,133,273,94,59,25,3,150,47,19,0,1,39,7.53,15.40,4.96,11.38,23.35,8.04,5.05,2.14,0.26,12.83,4.02,1.63,0,0.09,3.34
95FF04,862,77,59,62,113,274,111,14,14,3,24,44,23,0,9,35,8.93,6.84,7.19,13.11,31.79,12.88,1.62,1.62,0.35,2.78,5.10,2.67,0,1.04,4.06
95FF05,1119,145,222,93,122,187,74,32,29,6,101,51,20,0,11,26,12.96,19.84,8.31,10.90,16.71,6.61,2.86,2.59,0.54,9.03,4.56,1.79,0,0.98,2.32
95FF06,1540,123,231,99,225,445,83,56,38,0,107,52,28,0,11,42,7.99,15.00,6.43,14.61,28.90,5.39,3.64,2.47,0,6.95,3.38,1.82,0,0.71,2.73
95FF07,1154,111,252,54,93,191,68,33,35,2,173,81,26,0,3,32,9.62,21.84,4.68,8.06,16.55,5.89,2.86,3.03,0.17,14.99,7.02,2.25,0,0.26,2.77
95FF08,993,184,167,84,96,185,85,23,33,2,63,36,12,0,5,18,18.53,16.82,8.46,9.67,18.63,8.56,2.32,3.32,0.20,6.34,3.63,1.21,0,0.50,1.81
95FF09,1000,111,189,57,108,215,75,30,36,4,78,37,17,0,9,34,11.10,18.90,5.70,10.80,21.50,7.50,3.00,3.60,0.40,7.80,3.70,1.70,0,0.90,3.40
95FF10,1216,69,159,75,158,371,119,50,39,2,64,57,21,0,4,28,5.67,13.08,6.17,12.99,30.51,9.79,4.11,3.21,0.16,5.26,4.69,1.73,0,0.33,2.30
95FF11,873,85,72,53,124,279,105,15,8,5,22,54,17,0,7,27,9.74,8.25,6.07,14.20,31.96,12.03,1.72,0.92,0.57,2.52,6.19,1.95,0,0.80,3.09
95FF12,1018,86,143,59,129,235,120,36,19,3,67,60,24,0,6,31,8.45,14.05,5.80,12.67,23.08,11.79,3.54,1.87,0.29,6.58,5.89,2.36,0,0.59,3.05
95FF13,977,89,129,68,120,247,122,33,19,0,53,45,20,0,2,30,9.11,13.20,6.96,12.28,25.28,12.49,3.38,1.94,0,5.42,4.61,2.05,0,0.20,3.07
95FF14,862,68,81,76,137,261,110,20,7,2,16,36,7,0,8,33,7.89,9.40,8.82,15.89,30.28,12.76,2.32,0.81,0.23,1.86,4.18,0.81,0,0.93,3.83
95FF15,1073,170,165,58,98,203,87,26,29,2,100,69,26,0,7,33,15.84,15.38,5.41,9.13,18.92,8.11,2.42,2.70,0.19,9.32,6.43,2.42,0,0.65,3.08
95FF16,927,104,151,86,112,207,96,16,16,2,60,37,15,0,4,21,11.22,16.29,9.28,12.08,22.33,10.36,1.73,1.73,0.22,6.47,3.99,1.62,0,0.43,2.27
95FF17,857,143,235,58,82,85,46,32,29,0,67,44,6,0,4,26,16.69,27.42,6.77,9.57,9.92,5.37,3.73,3.38,0,7.82,5.13,0.70,0,0.47,3.03
95GG01,2004,340,309,163,101,221,219,32,25,7,202,193,78,2,23,89,16.97,15.42,8.13,5.04,11.03,10.93,1.60,1.25,0.35,10.08,9.63,3.89,0.10,1.15,4.44
95GG02,2568,307,578,74,80,141,108,39,51,5,686,206,129,2,16,146,11.95,22.51,2.88,3.12,5.49,4.21,1.52,1.99,0.19,26.71,8.02,5.02,0.08,0.62,5.69
95GG03,2667,358,621,171,294,449,150,123,57,4,143,100,41,2,20,134,13.42,23.28,6.41,11.02,16.84,5.62,4.61,2.14,0.15,5.36,3.75,1.54,0.07,0.75,5.02
95GG04,2297,323,637,71,98,155,97,62,49,5,425,176,79,1,10,109,14.06,27.73,3.09,4.27,6.75,4.22,2.70,2.13,0.22,18.50,7.66,3.44,0.04,0.44,4.75
95GG05,2800,225,853,52,167,266,79,197,76,12,210,106,53,16,9,479,8.04,30.46,1.86,5.96,9.50,2.82,7.04,2.71,0.43,7.50,3.79,1.89,0.57,0.32,17.11
95GG06,2381,289,434,144,218,352,152,68,79,10,322,163,55,1,10,84,12.14,18.23,6.05,9.16,14.78,6.38,2.86,3.32,0.42,13.52,6.85,2.31,0.04,0.42,3.53
95GG07,2269,217,525,77,81,218,152,52,49,3,448,170,135,6,10,126,9.56,23.14,3.39,3.57,9.61,6.70,2.29,2.16,0.13,19.74,7.49,5.95,0.26,0.44,5.55
95GG08,2151,253,482,132,153,292,132,95,58,3,283,108,56,5,13,86,11.76,22.41,6.14,7.11,13.58,6.14,4.42,2.70,0.14,13.16,5.02,2.60,0.23,0.60,4.00
95GG09,2604,321,481,229,293,446,183,92,57,9,203,122,57,2,11,98,12.33,18.47,8.79,11.25,17.13,7.03,3.53,2.19,0.35,7.80,4.69,2.19,0.08,0.42,3.76
95GG10,2017,227,656,66,117,111,68,111,57,7,208,96,37,38,6,212,11.25,32.52,3.27,5.80,5.50,3.37,5.50,2.83,0.35,10.31,4.76,1.83,1.88,0.30,10.51
95GG11,2686,315,847,110,241,261,92,162,73,7,239,104,50,1,15,169,11.73,31.53,4.10,8.97,9.72,3.43,6.03,2.72,0.26,8.90,3.87,1.86,0.04,0.56,6.29
95GG12,3429,142,998,28,101,150,48,195,53,4,206,112,82,690,3,617,4.14,29.10,0.82,2.95,4.37,1.40,5.69,1.55,0.12,6.01,3.27,2.39,20.12,0.09,17.99
95GG13,2116,339,480,131,175,307,148,57,40,9,199,125,36,0,13,57,16.02,22.68,6.19,8.27,14.51,6.99,2.69,1.89,0.43,9.40,5.91,1.70,0,0.61,2.69
95GG14,1817,227,213,179,217,426,190,38,29,4,101,86,40,0,13,54,12.49,11.72,9.85,11.94,23.45,10.46,2.09,1.60,0.22,5.56,4.73,2.20,0,0.72,2.97
95GG15,2544,455,434,251,300,504,149,96,41,6,111,83,26,0,10,78,17.89,17.06,9.87,11.79,19.81,5.86,3.77,1.61,0.24,4.36,3.26,1.02,0,0.39,3.07
95GG16,2230,248,528,88,148,299,156,72,55,12,275,134,82,4,7,122,11.12,23.68,3.95,6.64,13.41,7.00,3.23,2.47,0.54,12.33,6.01,3.68,0.18,0.31,5.47
95GG17,2137,255,381,114,151,307,145,41,47,5,377,146,73,0,12,83,11.93,17.83,5.33,7.07,14.37,6.79,1.92,2.20,0.23,17.64,6.83,3.42,0,0.56,3.88
95GG18,2143,221,525,58,72,146,82,52,62,4,444,191,97,1,11,177,10.31,24.50,2.71,3.36,6.81,3.83,2.43,2.89,0.19,20.72,8.91,4.53,0.05,0.51,8.26
95GG19,2239,424,580,113,130,126,90,38,56,5,399,143,52,0,6,77,18.94,25.90,5.05,5.81,5.63,4.02,1.70,2.50,0.22,17.82,6.39,2.32,0,0.27,3.44
95GG20,2359,324,684,79,145,152,73,93,59,5,335,104,84,6,15,201,13.73,29.00,3.35,6.15,6.44,3.09,3.94,2.50,0.21,14.20,4.41,3.56,0.25,0.64,8.52
95GG21,2262,268,586,44,81,109,109,57,31,10,443,233,118,8,11,154,11.85,25.91,1.95,3.58,4.82,4.82,2.52,1.37,0.44,19.58,10.30,5.22,0.35,0.49,6.81
95GG22,2208,388,395,133,143,291,194,31,36,3,233,154,88,2,26,91,17.57,17.89,6.02,6.48,13.18,8.79,1.40,1.63,0.14,10.55,6.97,3.99,0.09,1.18,4.12
95GG23,1821,243,247,203,232,346,207,40,33,6,91,72,31,1,9,60,13.34,13.56,11.15,12.74,19.00,11.37,2.20,1.81,0.33,5.00,3.95,1.70,0.05,0.49,3.29
95GG24,1945,306,408,147,177,284,143,74,41,9,152,84,41,2,14,63,15.73,20.98,7.56,9.10,14.60,7.35,3.80,2.11,0.46,7.81,4.32,2.11,0.10,0.72,3.24
95GG25,2194,290,378,101,108,309,156,39,30,4,320,227,101,0,15,116,13.22,17.23,4.60,4.92,14.08,7.11,1.78,1.37,0.18,14.59,10.35,4.60,0,0.68,5.29
95GG26,1654,211,352,124,114,136,111,39,34,4,282,135,56,0,9,47,12.76,21.28,7.50,6.89,8.22,6.71,2.36,2.06,0.24,17.05,8.16,3.39,0,0.54,2.84
95GG27,2467,172,514,108,127,320,178,38,47,6,438,228,144,2,11,134,6.97,20.84,4.38,5.15,12.97,7.22,1.54,1.91,0.24,17.75,9.24,5.84,0.08,0.45,5.43
95GG28,2325,232,404,154,224,370,173,66,63,9,337,141,64,4,15,69,9.98,17.38,6.62,9.63,15.91,7.44,2.84,2.71,0.39,14.49,6.06,2.75,0.17,0.65,2.97
95GG29,2430,298,703,85,177,251,63,152,53,7,316,105,55,1,7,157,12.26,28.93,3.50,7.28,10.33,2.59,6.26,2.18,0.29,13.00,4.32,2.26,0.04,0.29,6.46
95GG30,2083,294,338,246,257,378,141,59,37,8,131,89,37,2,9,57,14.11,16.23,11.81,12.34,18.15,6.77,2.83,1.78,0.38,6.29,4.27,1.78,0.10,0.43,2.74
95GG31,2463,204,363,215,180,351,229,52,53,8,437,164,114,2,7,84,8.28,14.74,8.73,7.31,14.25,9.30,2.11,2.15,0.32,17.74,6.66,4.63,0.08,0.28,3.41
95GG32,2649,333,505,146,218,380,171,81,68,7,409,129,95,1,10,96,12.57,19.06,5.51,8.23,14.35,6.46,3.06,2.57,0.26,15.44,4.87,3.59,0.04,0.38,3.62
95GG33,2195,259,382,176,268,480,190,89,18,2,73,77,19,6,10,146,11.80,17.40,8.02,12.21,21.87,8.66,4.05,0.82,0.09,3.33,3.51,0.87,0.27,0.46,6.65
95GG34,1999,253,342,135,203,374,185,63,51,2,137,102,42,0,9,101,12.66,17.11,6.75,10.16,18.71,9.25,3.15,2.55,0.10,6.85,5.10,2.10,0,0.45,5.05
95GG35,2244,247,650,61,76,111,99,41,34,4,425,223,112,3,25,133,11.01,28.97,2.72,3.39,4.95,4.41,1.83,1.52,0.18,18.94,9.94,4.99,0.13,1.11,5.93
95GG36,2481,390,450,180,278,455,190,105,58,8,128,86,45,0,12,96,15.72,18.14,7.26,11.21,18.34,7.66,4.23,2.34,0.32,5.16,3.47,1.81,0,0.48,3.87
95GG37,2687,247,684,126,283,395,127,210,58,2,119,85,38,4,3,306,9.19,25.46,4.69,10.53,14.70,4.73,7.82,2.16,0.07,4.43,3.16,1.41,0.15,0.11,11.39
95GG38,2915,381,718,144,255,450,128,152,45,1,151,97,44,8,23,318,13.07,24.63,4.94,8.75,15.44,4.39,5.21,1.54,0.03,5.18,3.33,1.51,0.27,0.79,10.91
95GG39,3616,452,1215,69,173,207,87,196,44,9,355,173,112,76,31,417,12.50,33.60,1.91,4.78,5.72,2.41,5.42,1.22,0.25,9.82,4.78,3.10,2.10,0.86,11.53
95GG40,1861,304,552,72,94,107,63,40,43,8,334,104,60,0,17,63,16.34,29.66,3.87,5.05,5.75,3.39,2.15,2.31,0.43,17.95,5.59,3.22,0,0.91,3.39
95GG41,2173,323,282,273,304,490,190,52,36,2,66,68,19,2,7,59,14.86,12.98,12.56,13.99,22.55,8.74,2.39,1.66,0.09,3.04,3.13,0.87,0.09,0.32,2.72
95GG42,2606,257,484,201,247,453,129,124,38,3,71,67,39,181,15,297,9.86,18.57,7.71,9.48,17.38,4.95,4.76,1.46,0.12,2.72,2.57,1.50,6.95,0.58,11.40
95GG43,2316,305,584,134,251,259,117,138,49,10,208,124,38,4,4,91,13.17,25.22,5.79,10.84,11.18,5.05,5.96,2.12,0.43,8.98,5.35,1.64,0.17,0.17,3.93
95GG44,2705,260,891,87,150,165,66,159,97,10,369,146,82,8,8,207,9.61,32.94,3.22,5.55,6.10,2.44,5.88,3.59,0.37,13.64,5.40,3.03,0.30,0.30,7.65
95GG45,2129,306,406,232,187,291,130,63,46,5,206,106,47,6,12,86,14.37,19.07,10.90,8.78,13.67,6.11,2.96,2.16,0.23,9.68,4.98,2.21,0.28,0.56,4.04
95GG46,1932,155,330,83,73,176,142,15,49,6,398,246,135,1,7,116,8.02,17.08,4.30,3.78,9.11,7.35,0.78,2.54,0.31,20.60,12.73,6.99,0.05,0.36,6.00
95GG47,2641,316,843,61,114,185,98,71,59,5,406,157,117,5,14,190,11.97,31.92,2.31,4.32,7.00,3.71,2.69,2.23,0.19,15.37,5.94,4.43,0.19,0.53,7.19
95GG48,2051,114,364,34,66,157,114,30,48,7,592,237,154,0,5,129,5.56,17.75,1.66,3.22,7.65,5.56,1.46,2.34,0.34,28.86,11.56,7.51,0,0.24,6.29
95GG49,3351,278,856,71,150,231,46,237,41,4,98,78,42,483,12,724,8.30,25.54,2.12,4.48,6.89,1.37,7.07,1.22,0.12,2.92,2.33,1.25,14.41,0.36,21.61
95GG50,2653,316,774,73,159,190,90,161,90,6,336,133,60,3,11,251,11.91,29.17,2.75,5.99,7.16,3.39,6.07,3.39,0.23,12.66,5.01,2.26,0.11,0.41,9.46
95GG51,2081,343,600,127,135,132,77,56,62,5,307,98,51,0,14,74,16.48,28.83,6.10,6.49,6.34,3.70,2.69,2.98,0.24,14.75,4.71,2.45,0,0.67,3.56
95HH01,890,129,163,93,97,151,60,45,20,3,63,37,10,0,2,17,14.49,18.31,10.45,10.90,16.97,6.74,5.06,2.25,0.34,7.08,4.16,1.12,0,0.22,1.91
95HH02,1063,71,101,81,159,347,108,28,20,3,80,23,17,0,2,23,6.68,9.50,7.62,14.96,32.64,10.16,2.63,1.88,0.28,7.53,2.16,1.60,0,0.19,2.16
95HH03,726,123,84,107,126,108,79,12,6,0,37,18,11,0,1,14,16.94,11.57,14.74,17.36,14.88,10.88,1.65,0.83,0,5.10,2.48,1.52,0,0.14,1.93
95HH04,1160,102,112,105,197,294,145,20,25,5,75,35,14,0,2,29,8.79,9.66,9.05,16.98,25.34,12.50,1.72,2.16,0.43,6.47,3.02,1.21,0,0.17,2.50
95HH05,908,88,166,49,76,141,53,32,28,6,175,54,10,0,0,30,9.69,18.28,5.40,8.37,15.53,5.84,3.52,3.08,0.66,19.27,5.95,1.10,0,0,3.30
95HH06,1682,97,205,94,231,549,144,44,45,5,136,59,34,1,3,35,5.77,12.19,5.59,13.73,32.64,8.56,2.62,2.68,0.30,8.09,3.51,2.02,0.06,0.18,2.08
95HH07,733,104,209,42,55,69,46,24,13,2,87,47,14,0,1,20,14.19,28.51,5.73,7.50,9.41,6.28,3.27,1.77,0.27,11.87,6.41,1.91,0,0.14,2.73
95HH08,1083,103,207,109,130,207,90,45,22,5,67,36,18,5,6,33,9.51,19.11,10.06,12.00,19.11,8.31,4.16,2.03,0.46,6.19,3.32,1.66,0.46,0.55,3.05
95HH09,1423,292,439,82,139,103,43,63,32,2,102,49,17,0,3,57,20.52,30.85,5.76,9.77,7.24,3.02,4.43,2.25,0.14,7.17,3.44,1.19,0,0.21,4.01
95HH10,945,80,108,101,132,256,84,21,18,5,72,34,15,0,2,17,8.47,11.43,10.69,13.97,27.09,8.89,2.22,1.90,0.53,7.62,3.60,1.59,0,0.21,1.80
95HH11,655,113,139,41,60,61,35,18,15,2,94,38,17,0,1,21,17.25,21.22,6.26,9.16,9.31,5.34,2.75,2.29,0.31,14.35,5.80,2.60,0,0.15,3.21
95HH12,626,58,72,63,109,89,68,13,11,2,74,30,18,0,1,18,9.27,11.50,10.06,17.41,14.22,10.86,2.08,1.76,0.32,11.82,4.79,2.88,0,0.16,2.88
95HH13,614,48,140,31,54,69,30,24,22,3,127,33,12,0,0,21,7.82,22.80,5.05,8.79,11.24,4.89,3.91,3.58,0.49,20.68,5.37,1.95,0,0,3.42
95HH14,764,138,181,67,60,52,48,26,16,3,86,47,17,0,2,21,18.06,23.69,8.77,7.85,6.81,6.28,3.40,2.09,0.39,11.26,6.15,2.23,0,0.26,2.75
95HH15,1083,180,154,65,128,192,88,31,29,5,96,62,21,0,3,29,16.62,14.22,6.00,11.82,17.73,8.13,2.86,2.68,0.46,8.86,5.72,1.94,0,0.28,2.68
95HH16,917,146,140,97,109,170,71,28,16,0,60,32,25,0,2,21,15.92,15.27,10.58,11.89,18.54,7.74,3.05,1.74,0,6.54,3.49,2.73,0,0.22,2.29
95HH17,928,78,104,60,150,251,84,28,17,2,82,27,21,0,3,21,8.41,11.21,6.47,16.16,27.05,9.05,3.02,1.83,0.22,8.84,2.91,2.26,0,0.32,2.26
95II01,1260,145,162,159,199,260,122,38,7,4,49,57,24,0,4,30,11.51,12.86,12.62,15.79,20.63,9.68,3.02,0.56,0.32,3.89,4.52,1.90,0,0.32,2.38
95II02,1911,226,415,109,202,456,111,71,41,7,104,85,22,0,8,54,11.83,21.72,5.70,10.57,23.86,5.81,3.72,2.15,0.37,5.44,4.45,1.15,0,0.42,2.83
95II03,1304,81,204,98,164,396,126,45,29,3,72,30,15,0,2,39,6.21,15.64,7.52,12.58,30.37,9.66,3.45,2.22,0.23,5.52,2.30,1.15,0,0.15,2.99
95II04,1672,120,281,110,229,401,118,74,39,5,141,89,33,0,2,30,7.18,16.81,6.58,13.70,23.98,7.06,4.43,2.33,0.30,8.43,5.32,1.97,0,0.12,1.79
95II05,1301,199,156,110,130,325,123,29,20,1,78,72,22,1,7,28,15.30,11.99,8.46,9.99,24.98,9.45,2.23,1.54,0.08,6.00,5.53,1.69,0.08,0.54,2.15
95II06,1285,116,168,94,171,348,101,61,35,5,69,52,26,0,2,37,9.03,13.07,7.32,13.31,27.08,7.86,4.75,2.72,0.39,5.37,4.05,2.02,0,0.16,2.88
95II07,991,202,234,46,81,103,51,30,30,2,102,54,22,0,2,32,20.38,23.61,4.64,8.17,10.39,5.15,3.03,3.03,0.20,10.29,5.45,2.22,0,0.20,3.23
95II08,1073,179,214,84,97,183,76,43,20,4,57,57,15,2,4,38,16.68,19.94,7.83,9.04,17.05,7.08,4.01,1.86,0.37,5.31,5.31,1.40,0.19,0.37,3.54
95II09,1417,209,226,113,185,313,93,47,35,2,65,64,27,0,10,28,14.75,15.95,7.97,13.06,22.09,6.56,3.32,2.47,0.14,4.59,4.52,1.91,0,0.71,1.98
95II10,1144,169,226,86,91,159,82,28,30,6,126,81,24,1,8,27,14.77,19.76,7.52,7.95,13.90,7.17,2.45,2.62,0.52,11.01,7.08,2.10,0.09,0.70,2.36
95II11,1055,118,141,122,140,217,93,44,23,1,55,43,11,0,6,41,11.18,13.36,11.56,13.27,20.57,8.82,4.17,2.18,0.09,5.21,4.08,1.04,0,0.57,3.89
95II12,1007,153,114,129,121,238,90,27,14,1,39,38,15,0,9,19,15.19,11.32,12.81,12.02,23.63,8.94,2.68,1.39,0.10,3.87,3.77,1.49,0,0.89,1.89
95II13,1253,204,241,106,138,177,68,48,34,4,117,57,17,0,4,38,16.28,19.23,8.46,11.01,14.13,5.43,3.83,2.71,0.32,9.34,4.55,1.36,0,0.32,3.03
95II14,1026,135,116,154,123,229,101,34,15,3,32,43,10,0,8,23,13.16,11.31,15.01,11.99,22.32,9.84,3.31,1.46,0.29,3.12,4.19,0.97,0,0.78,2.24
95II15,1319,154,162,141,184,346,82,59,30,7,43,36,25,1,5,44,11.68,12.28,10.69,13.95,26.23,6.22,4.47,2.27,0.53,3.26,2.73,1.90,0.08,0.38,3.34
95II16,890,151,106,102,100,144,85,19,20,9,69,38,19,0,1,27,16.97,11.91,11.46,11.24,16.18,9.55,2.13,2.25,1.01,7.75,4.27,2.13,0,0.11,3.03
95II17,1190,197,253,122,110,172,69,33,20,2,89,67,14,0,4,38,16.55,21.26,10.25,9.24,14.45,5.80,2.77,1.68,0.17,7.48,5.63,1.18,0,0.34,3.19
95II18,1090,206,247,91,97,110,59,40,28,0,98,65,20,1,5,23,18.90,22.66,8.35,8.90,10.09,5.41,3.67,2.57,0,8.99,5.96,1.83,0.09,0.46,2.11
95II19,1389,138,131,154,203,377,171,19,21,3,55,66,24,0,2,25,9.94,9.43,11.09,14.61,27.14,12.31,1.37,1.51,0.22,3.96,4.75,1.73,0,0.14,1.80
95II20,1211,156,236,108,123,210,71,77,29,4,72,44,23,1,3,54,12.88,19.49,8.92,10.16,17.34,5.86,6.36,2.39,0.33,5.95,3.63,1.90,0.08,0.25,4.46
95II21,1045,111,220,65,100,127,66,29,39,5,155,75,27,0,2,24,10.62,21.05,6.22,9.57,12.15,6.32,2.78,3.73,0.48,14.83,7.18,2.58,0,0.19,2.30
95II22,990,152,163,104,115,171,78,36,12,0,65,46,18,0,4,26,15.35,16.46,10.51,11.62,17.27,7.88,3.64,1.21,0,6.57,4.65,1.82,0,0.40,2.63
95II23,910,137,136,85,91,172,76,26,14,3,56,50,16,2,6,40,15.05,14.95,9.34,10.00,18.90,8.35,2.86,1.54,0.33,6.15,5.49,1.76,0.22,0.66,4.40
95JJ01,892,77,90,74,127,233,109,22,6,4,33,50,29,0,5,33,8.63,10.09,8.30,14.24,26.12,12.22,2.47,0.67,0.45,3.70,5.61,3.25,0,0.56,3.70
95JJ02,1074,139,230,102,139,127,70,34,26,3,86,49,20,7,6,36,12.94,21.42,9.50,12.94,11.82,6.52,3.17,2.42,0.28,8.01,4.56,1.86,0.65,0.56,3.35
95JJ03,1023,62,237,22,102,144,66,25,46,5,199,52,20,3,8,32,6.06,23.17,2.15,9.97,14.08,6.45,2.44,4.50,0.49,19.45,5.08,1.96,0.29,0.78,3.13
95JJ04,1279,151,189,131,170,238,111,30,30,4,103,46,27,2,4,43,11.81,14.78,10.24,13.29,18.61,8.68,2.35,2.35,0.31,8.05,3.60,2.11,0.16,0.31,3.36
95JJ05,892,199,198,56,70,69,38,36,20,4,70,49,23,3,5,52,22.31,22.20,6.28,7.85,7.74,4.26,4.04,2.24,0.45,7.85,5.49,2.58,0.34,0.56,5.83
95JJ06,1063,120,266,33,75,168,59,33,32,2,134,58,32,0,6,45,11.29,25.02,3.10,7.06,15.80,5.55,3.10,3.01,0.19,12.61,5.46,3.01,0,0.56,4.23
95JJ07,1092,117,199,41,95,136,59,35,42,6,214,86,26,0,2,34,10.71,18.22,3.75,8.70,12.45,5.40,3.21,3.85,0.55,19.60,7.88,2.38,0,0.18,3.11
95JJ08,1187,124,161,97,140,257,118,22,25,1,73,40,23,60,6,40,10.45,13.56,8.17,11.79,21.65,9.94,1.85,2.11,0.08,6.15,3.37,1.94,5.05,0.51,3.37
95JJ09,839,138,102,100,136,138,80,24,10,2,24,38,17,0,7,23,16.45,12.16,11.92,16.21,16.45,9.54,2.86,1.19,0.24,2.86,4.53,2.03,0,0.83,2.74
95JJ10,1027,153,131,69,93,239,104,22,31,3,73,45,28,0,11,25,14.90,12.76,6.72,9.06,23.27,10.13,2.14,3.02,0.29,7.11,4.38,2.73,0,1.07,2.43
95JJ11,1542,173,245,167,202,292,90,45,46,3,131,63,38,2,4,41,11.22,15.89,10.83,13.10,18.94,5.84,2.92,2.98,0.19,8.50,4.09,2.46,0.13,0.26,2.66
95JJ12,1002,106,131,78,105,234,92,32,19,3,88,44,24,1,4,41,10.58,13.07,7.78,10.48,23.35,9.18,3.19,1.90,0.30,8.78,4.39,2.40,0.10,0.40,4.09
95JJ13,1457,92,205,100,198,373,143,41,41,6,120,51,41,1,0,45,6.31,14.07,6.86,13.59,25.60,9.81,2.81,2.81,0.41,8.24,3.50,2.81,0.07,0,3.09
95JJ14,849,82,89,74,129,187,108,13,21,2,52,37,27,0,2,26,9.66,10.48,8.72,15.19,22.03,12.72,1.53,2.47,0.24,6.12,4.36,3.18,0,0.24,3.06
95JJ15,779,102,125,105,105,96,53,26,15,1,51,39,23,0,2,36,13.09,16.05,13.48,13.48,12.32,6.80,3.34,1.93,0.13,6.55,5.01,2.95,0,0.26,4.62
95JJ16,916,197,239,59,88,78,39,31,16,1,56,42,12,14,8,36,21.51,26.09,6.44,9.61,8.52,4.26,3.38,1.75,0.11,6.11,4.59,1.31,1.53,0.87,3.93
95JJ17,824,88,73,54,106,236,100,11,5,1,27,45,40,0,8,30,10.68,8.86,6.55,12.86,28.64,12.14,1.33,0.61,0.12,3.28,5.46,4.85,0,0.97,3.64
95JJ18,975,182,282,76,84,96,49,38,19,1,54,28,22,3,1,40,18.67,28.92,7.79,8.62,9.85,5.03,3.90,1.95,0.10,5.54,2.87,2.26,0.31,0.10,4.10
95JJ19,1128,157,143,136,119,153,69,30,15,1,41,31,18,162,1,52,13.92,12.68,12.06,10.55,13.56,6.12,2.66,1.33,0.09,3.63,2.75,1.60,14.36,0.09,4.61
95JJ20,1618,141,247,133,215,374,131,62,38,8,127,81,25,0,4,32,8.71,15.27,8.22,13.29,23.11,8.10,3.83,2.35,0.49,7.85,5.01,1.55,0,0.25,1.98
95JJ21,962,126,163,54,108,129,63,26,28,3,88,57,17,24,8,68,13.10,16.94,5.61,11.23,13.41,6.55,2.70,2.91,0.31,9.15,5.93,1.77,2.49,0.83,7.07
95JJ22,1088,132,112,118,190,244,87,25,22,3,60,36,28,1,8,22,12.13,10.29,10.85,17.46,22.43,8.00,2.30,2.02,0.28,5.51,3.31,2.57,0.09,0.74,2.02
95KK01,836,72,100,41,82,257,100,10,13,2,55,43,28,0,4,29,8.61,11.96,4.90,9.81,30.74,11.96,1.20,1.56,0.24,6.58,5.14,3.35,0,0.48,3.47
95KK02,722,85,79,45,84,190,82,22,10,1,38,37,18,0,9,22,11.77,10.94,6.23,11.63,26.32,11.36,3.05,1.39,0.14,5.26,5.12,2.49,0,1.25,3.05
95KK03,704,67,63,25,58,242,96,15,10,2,30,37,24,0,5,30,9.52,8.95,3.55,8.24,34.38,13.64,2.13,1.42,0.28,4.26,5.26,3.41,0,0.71,4.26
95KK04,974,61,127,38,89,235,84,23,41,3,133,59,32,0,2,47,6.26,13.04,3.90,9.14,24.13,8.62,2.36,4.21,0.31,13.66,6.06,3.29,0,0.21,4.83
95KK05,803,77,76,30,61,256,120,8,7,4,59,48,30,0,1,26,9.59,9.46,3.74,7.60,31.88,14.94,1.00,0.87,0.50,7.35,5.98,3.74,0,0.12,3.24
95KK06,737,74,125,60,78,124,79,20,26,4,65,43,24,0,0,15,10.04,16.96,8.14,10.58,16.82,10.72,2.71,3.53,0.54,8.82,5.83,3.26,0,0,2.04
95KK07,682,68,71,50,80,191,110,6,8,1,20,39,16,0,4,18,9.97,10.41,7.33,11.73,28.01,16.13,0.88,1.17,0.15,2.93,5.72,2.35,0,0.59,2.64
95KK08,967,77,138,74,125,232,72,32,30,1,78,49,31,0,1,27,7.96,14.27,7.65,12.93,23.99,7.45,3.31,3.10,0.10,8.07,5.07,3.21,0,0.10,2.79
95KK09,947,146,184,63,83,123,66,39,21,0,90,50,35,0,1,46,15.42,19.43,6.65,8.76,12.99,6.97,4.12,2.22,0,9.50,5.28,3.70,0,0.11,4.86
95KK10,699,83,64,48,67,236,80,10,10,1,31,27,23,0,0,19,11.87,9.16,6.87,9.59,33.76,11.44,1.43,1.43,0.14,4.43,3.86,3.29,0,0,2.72
95KK11,982,127,176,52,102,171,74,18,33,3,109,52,24,1,3,37,12.93,17.92,5.30,10.39,17.41,7.54,1.83,3.36,0.31,11.10,5.30,2.44,0.10,0.31,3.77
95KK12,776,72,117,31,64,226,80,15,11,2,49,45,27,0,12,25,9.28,15.08,3.99,8.25,29.12,10.31,1.93,1.42,0.26,6.31,5.80,3.48,0,1.55,3.22
95KK13,642,66,77,67,68,152,79,8,14,1,32,36,18,0,5,19,10.28,11.99,10.44,10.59,23.68,12.31,1.25,2.18,0.16,4.98,5.61,2.80,0,0.78,2.96
95KK14,703,69,92,47,67,159,98,10,12,2,66,44,18,0,3,16,9.82,13.09,6.69,9.53,22.62,13.94,1.42,1.71,0.28,9.39,6.26,2.56,0,0.43,2.28
95KK15,921,64,102,40,88,308,110,14,13,0,51,56,46,0,4,25,6.95,11.07,4.34,9.55,33.44,11.94,1.52,1.41,0,5.54,6.08,4.99,0,0.43,2.71
95KK16,809,104,120,51,58,151,94,20,11,3,67,58,20,2,4,46,12.86,14.83,6.30,7.17,18.67,11.62,2.47,1.36,0.37,8.28,7.17,2.47,0.25,0.49,5.69
95LL01,1579,105,148,98,141,544,210,43,43,6,86,70,40,0,10,35,6.65,9.37,6.21,8.93,34.45,13.30,2.72,2.72,0.38,5.45,4.43,2.53,0,0.63,2.22
95LL02,1367,180,336,64,118,217,70,58,44,2,107,54,33,0,3,81,13.17,24.58,4.68,8.63,15.87,5.12,4.24,3.22,0.15,7.83,3.95,2.41,0,0.22,5.93
95LL03,1092,167,236,67,91,163,48,44,34,2,137,47,21,0,2,33,15.29,21.61,6.14,8.33,14.93,4.40,4.03,3.11,0.18,12.55,4.30,1.92,0,0.18,3.02
95LL04,1090,121,122,58,96,211,100,38,40,2,119,88,50,0,8,37,11.10,11.19,5.32,8.81,19.36,9.17,3.49,3.67,0.18,10.92,8.07,4.59,0,0.73,3.39
95LL05,1454,118,179,98,214,437,164,25,20,4,83,48,37,0,3,24,8.12,12.31,6.74,14.72,30.06,11.28,1.72,1.38,0.28,5.71,3.30,2.54,0,0.21,1.65
95LL06,1408,173,228,121,171,227,121,40,44,5,145,57,32,2,8,34,12.29,16.19,8.59,12.14,16.12,8.59,2.84,3.13,0.36,10.30,4.05,2.27,0.14,0.57,2.41
95LL07,1001,184,216,84,47,99,41,22,34,4,125,64,19,0,9,53,18.38,21.58,8.39,4.70,9.89,4.10,2.20,3.40,0.40,12.49,6.39,1.90,0,0.90,5.29
95LL08,1326,124,306,32,54,175,76,56,56,4,210,93,62,0,6,72,9.35,23.08,2.41,4.07,13.20,5.73,4.22,4.22,0.30,15.84,7.01,4.68,0,0.45,5.43
95LL09,1395,253,352,58,75,146,91,23,33,3,177,81,37,0,13,53,18.14,25.23,4.16,5.38,10.47,6.52,1.65,2.37,0.22,12.69,5.81,2.65,0,0.93,3.80
95LL10,1741,101,163,96,163,562,240,45,31,4,125,74,63,0,15,59,5.80,9.36,5.51,9.36,32.28,13.79,2.58,1.78,0.23,7.18,4.25,3.62,0,0.86,3.39
95LL11,1424,90,163,93,226,427,148,39,39,2,94,52,28,0,8,15,6.32,11.45,6.53,15.87,29.99,10.39,2.74,2.74,0.14,6.60,3.65,1.97,0,0.56,1.05
95LL12,1492,75,227,43,100,313,98,59,70,4,282,99,60,0,6,56,5.03,15.21,2.88,6.70,20.98,6.57,3.95,4.69,0.27,18.90,6.64,4.02,0,0.40,3.75
95LL13,1097,84,225,51,111,190,76,32,51,6,140,51,39,0,5,36,7.66,20.51,4.65,10.12,17.32,6.93,2.92,4.65,0.55,12.76,4.65,3.56,0,0.46,3.28
95LL14,970,108,121,69,86,142,113,13,20,8,131,80,45,0,3,31,11.13,12.47,7.11,8.87,14.64,11.65,1.34,2.06,0.82,13.51,8.25,4.64,0,0.31,3.20
95LL15,1330,216,241,119,163,212,88,50,23,4,87,69,19,0,0,39,16.24,18.12,8.95,12.26,15.94,6.62,3.76,1.73,0.30,6.54,5.19,1.43,0,0,2.93
95LL16,2282,158,335,151,304,599,145,99,94,5,165,86,60,0,2,79,6.92,14.68,6.62,13.32,26.25,6.35,4.34,4.12,0.22,7.23,3.77,2.63,0,0.09,3.46
95LL17,1106,169,169,121,136,167,87,26,28,5,80,60,32,0,2,24,15.28,15.28,10.94,12.30,15.10,7.87,2.35,2.53,0.45,7.23,5.42,2.89,0,0.18,2.17
95LL18,1331,146,144,168,192,272,133,36,30,3,91,63,17,0,7,29,10.97,10.82,12.62,14.43,20.44,9.99,2.70,2.25,0.23,6.84,4.73,1.28,0,0.53,2.18
95LL19,1904,160,231,144,268,548,157,61,48,2,120,80,31,1,5,48,8.40,12.13,7.56,14.08,28.78,8.25,3.20,2.52,0.11,6.30,4.20,1.63,0.05,0.26,2.52
95LL20,942,97,159,62,101,169,82,24,42,3,91,47,30,0,3,32,10.30,16.88,6.58,10.72,17.94,8.70,2.55,4.46,0.32,9.66,4.99,3.18,0,0.32,3.40
95LL21,1662,264,286,105,147,313,83,58,46,2,157,79,37,0,14,71,15.88,17.21,6.32,8.84,18.83,4.99,3.49,2.77,0.12,9.45,4.75,2.23,0,0.84,4.27
95LL22,1424,100,273,62,114,264,120,63,59,6,205,63,44,0,5,46,7.02,19.17,4.35,8.01,18.54,8.43,4.42,4.14,0.42,14.40,4.42,3.09,0,0.35,3.23
95LL23,973,159,196,69,77,119,75,23,41,3,95,57,25,0,2,32,16.34,20.14,7.09,7.91,12.23,7.71,2.36,4.21,0.31,9.76,5.86,2.57,0,0.21,3.29
95LL24,1312,101,150,80,150,356,151,39,28,4,89,60,37,0,12,55,7.70,11.43,6.10,11.43,27.13,11.51,2.97,2.13,0.30,6.78,4.57,2.82,0,0.91,4.19
95LL25,1739,148,237,146,250,455,151,68,56,4,100,58,25,0,1,40,8.51,13.63,8.40,14.38,26.16,8.68,3.91,3.22,0.23,5.75,3.34,1.44,0,0.06,2.30
95LL26,1490,122,362,77,124,278,140,48,38,9,132,68,33,0,3,56,8.19,24.30,5.17,8.32,18.66,9.40,3.22,2.55,0.60,8.86,4.56,2.21,0,0.20,3.76
95MM01,1897,124,352,106,228,354,146,62,40,3,250,87,56,1,0,88,6.54,18.56,5.59,12.02,18.66,7.70,3.27,2.11,0.16,13.18,4.59,2.95,0.05,0,4.64
95MM02,1144,126,119,89,115,242,181,13,12,3,48,77,56,1,9,53,11.01,10.40,7.78,10.05,21.15,15.82,1.14,1.05,0.26,4.20,6.73,4.90,0.09,0.79,4.63
95MM03,1155,96,142,58,89,358,154,26,32,1,62,68,30,0,6,33,8.31,12.29,5.02,7.71,31.00,13.33,2.25,2.77,0.09,5.37,5.89,2.60,0,0.52,2.86
95MM04,890,126,176,48,58,91,95,16,11,5,85,89,48,0,8,34,14.16,19.78,5.39,6.52,10.22,10.67,1.80,1.24,0.56,9.55,10.00,5.39,0,0.90,3.82
95MM05,1062,146,280,28,45,95,51,14,12,1,195,87,51,1,3,53,13.75,26.37,2.64,4.24,8.95,4.80,1.32,1.13,0.09,18.36,8.19,4.80,0.09,0.28,4.99
95MM06,949,80,166,39,48,115,91,8,20,2,187,82,76,0,3,32,8.43,17.49,4.11,5.06,12.12,9.59,0.84,2.11,0.21,19.70,8.64,8.01,0,0.32,3.37
95MM07,1201,194,266,77,104,140,74,24,17,2,171,69,17,0,12,34,16.15,22.15,6.41,8.66,11.66,6.16,2.00,1.42,0.17,14.24,5.75,1.42,0,1.00,2.83
95MM08,1238,196,233,92,94,183,122,26,19,1,137,55,37,0,4,39,15.83,18.82,7.43,7.59,14.78,9.85,2.10,1.53,0.08,11.07,4.44,2.99,0,0.32,3.15
95MM09,1220,99,168,57,118,324,120,17,18,4,111,67,49,0,7,61,8.11,13.77,4.67,9.67,26.56,9.84,1.39,1.48,0.33,9.10,5.49,4.02,0,0.57,5.00
95MM10,987,55,185,16,52,121,73,17,18,2,266,75,50,0,6,51,5.57,18.74,1.62,5.27,12.26,7.40,1.72,1.82,0.20,26.95,7.60,5.07,0,0.61,5.17
95MM11,855,61,156,37,27,75,68,9,11,1,199,90,73,1,2,45,7.13,18.25,4.33,3.16,8.77,7.95,1.05,1.29,0.12,23.27,10.53,8.54,0.12,0.23,5.26
95MM12,1976,64,317,41,101,394,147,27,46,4,490,137,124,1,7,76,3.24,16.04,2.07,5.11,19.94,7.44,1.37,2.33,0.20,24.80,6.93,6.28,0.05,0.35,3.85
95MM13,2990,156,411,113,220,776,214,47,66,4,594,137,149,0,10,93,5.22,13.75,3.78,7.36,25.95,7.16,1.57,2.21,0.13,19.87,4.58,4.98,0,0.33,3.11
95MM14,1176,203,314,67,63,119,44,26,32,2,133,74,27,0,12,60,17.26,26.70,5.70,5.36,10.12,3.74,2.21,2.72,0.17,11.31,6.29,2.30,0,1.02,5.10
95MM15,1570,140,213,96,172,436,143,28,38,2,137,78,41,0,7,39,8.92,13.57,6.11,10.96,27.77,9.11,1.78,2.42,0.13,8.73,4.97,2.61,0,0.45,2.48
95MM16,2079,114,354,90,211,531,125,85,68,2,264,82,83,0,7,63,5.48,17.03,4.33,10.15,25.54,6.01,4.09,3.27,0.10,12.70,3.94,3.99,0,0.34,3.03
95MM17,1347,89,225,61,110,278,161,26,21,5,162,89,62,1,2,55,6.61,16.70,4.53,8.17,20.64,11.95,1.93,1.56,0.37,12.03,6.61,4.60,0.07,0.15,4.08
95MM18,1766,93,266,69,163,510,173,46,37,3,189,85,63,1,2,66,5.27,15.06,3.91,9.23,28.88,9.80,2.60,2.10,0.17,10.70,4.81,3.57,0.06,0.11,3.74
95MM19,1269,96,293,66,131,209,126,61,34,2,105,56,30,0,2,58,7.57,23.09,5.20,10.32,16.47,9.93,4.81,2.68,0.16,8.27,4.41,2.36,0,0.16,4.57
95MM20,1469,240,240,139,140,216,126,42,29,10,136,76,25,0,13,37,16.34,16.34,9.46,9.53,14.70,8.58,2.86,1.97,0.68,9.26,5.17,1.70,0,0.88,2.52
95MM21,1254,101,166,89,160,282,145,21,24,2,125,69,30,0,2,38,8.05,13.24,7.10,12.76,22.49,11.56,1.67,1.91,0.16,9.97,5.50,2.39,0,0.16,3.03
95MM22,973,153,122,113,73,138,131,20,12,3,68,60,44,0,6,30,15.72,12.54,11.61,7.50,14.18,13.46,2.06,1.23,0.31,6.99,6.17,4.52,0,0.62,3.08
95MM23,1074,98,281,36,55,85,68,49,18,1,106,74,51,11,9,132,9.12,26.16,3.35,5.12,7.91,6.33,4.56,1.68,0.09,9.87,6.89,4.75,1.02,0.84,12.29
95MM24,892,73,114,52,38,102,91,10,14,1,190,92,68,0,2,45,8.18,12.78,5.83,4.26,11.43,10.20,1.12,1.57,0.11,21.30,10.31,7.62,0,0.22,5.04
95MM25,2188,91,363,36,101,364,159,30,55,3,628,137,137,1,5,78,4.16,16.59,1.65,4.62,16.64,7.27,1.37,2.51,0.14,28.70,6.26,6.26,0.05,0.23,3.56
95MM26,1056,56,140,41,100,214,136,16,15,2,151,67,61,1,4,52,5.30,13.26,3.88,9.47,20.27,12.88,1.52,1.42,0.19,14.30,6.34,5.78,0.09,0.38,4.92
95MM27,1614,168,640,58,61,103,70,51,12,1,114,74,41,31,10,180,10.41,39.65,3.59,3.78,6.38,4.34,3.16,0.74,0.06,7.06,4.58,2.54,1.92,0.62,11.15
95MM28,1095,132,393,27,36,97,53,19,20,2,124,64,34,2,5,87,12.05,35.89,2.47,3.29,8.86,4.84,1.74,1.83,0.18,11.32,5.84,3.11,0.18,0.46,7.95
95MM29,1490,121,429,47,80,200,51,43,49,4,197,95,46,0,6,122,8.12,28.79,3.15,5.37,13.42,3.42,2.89,3.29,0.27,13.22,6.38,3.09,0,0.40,8.19
95MM30,903,148,203,39,41,81,60,11,14,1,116,61,47,2,11,68,16.39,22.48,4.32,4.54,8.97,6.64,1.22,1.55,0.11,12.85,6.76,5.20,0.22,1.22,7.53
95NN01,1201,117,222,83,105,222,120,29,35,3,117,72,31,0,7,38,9.74,18.48,6.91,8.74,18.48,9.99,2.41,2.91,0.25,9.74,6.00,2.58,0,0.58,3.16
95NN02,836,88,106,77,81,161,108,21,16,2,77,59,20,0,4,16,10.53,12.68,9.21,9.69,19.26,12.92,2.51,1.91,0.24,9.21,7.06,2.39,0,0.48,1.91
95NN03,1133,148,177,85,129,234,98,31,30,3,79,51,29,0,2,37,13.06,15.62,7.50,11.39,20.65,8.65,2.74,2.65,0.26,6.97,4.50,2.56,0,0.18,3.27
95NN04,1175,115,248,39,58,160,58,41,35,3,223,88,42,1,11,53,9.79,21.11,3.32,4.94,13.62,4.94,3.49,2.98,0.26,18.98,7.49,3.57,0.09,0.94,4.51
95NN05,1075,126,245,70,98,168,66,38,40,3,117,45,28,0,5,26,11.72,22.79,6.51,9.12,15.63,6.14,3.53,3.72,0.28,10.88,4.19,2.60,0,0.47,2.42
95NN06,1237,123,202,57,95,309,119,23,19,2,140,61,40,0,9,38,9.94,16.33,4.61,7.68,24.98,9.62,1.86,1.54,0.16,11.32,4.93,3.23,0,0.73,3.07
95NN07,1246,141,213,41,105,229,108,26,47,3,181,67,39,0,3,43,11.32,17.09,3.29,8.43,18.38,8.67,2.09,3.77,0.24,14.53,5.38,3.13,0,0.24,3.45
95NN08,1196,116,137,89,142,296,128,35,31,2,75,62,26,0,7,50,9.70,11.45,7.44,11.87,24.75,10.70,2.93,2.59,0.17,6.27,5.18,2.17,0,0.59,4.18
95NN09,1092,108,114,84,149,286,126,24,24,3,53,56,26,1,11,27,9.89,10.44,7.69,13.64,26.19,11.54,2.20,2.20,0.27,4.85,5.13,2.38,0.09,1.01,2.47
95NN10,1290,208,198,119,154,239,96,28,21,1,97,57,22,0,6,44,16.12,15.35,9.22,11.94,18.53,7.44,2.17,1.63,0.08,7.52,4.42,1.71,0,0.47,3.41
95NN11,1297,111,116,62,146,372,151,42,41,4,100,67,39,0,10,36,8.56,8.94,4.78,11.26,28.68,11.64,3.24,3.16,0.31,7.71,5.17,3.01,0,0.77,2.78
95NN12,1128,114,216,78,126,221,85,36,28,1,104,53,24,0,4,38,10.11,19.15,6.91,11.17,19.59,7.54,3.19,2.48,0.09,9.22,4.70,2.13,0,0.35,3.37
95NN13,1064,117,80,84,158,304,123,21,17,5,36,56,34,0,5,24,11.00,7.52,7.89,14.85,28.57,11.56,1.97,1.60,0.47,3.38,5.26,3.20,0,0.47,2.26
95NN14,1205,116,175,72,131,288,93,24,43,5,113,65,35,0,4,41,9.63,14.52,5.98,10.87,23.90,7.72,1.99,3.57,0.41,9.38,5.39,2.90,0,0.33,3.40
95NN15,1230,169,224,83,125,194,76,50,57,9,114,60,36,0,4,29,13.74,18.21,6.75,10.16,15.77,6.18,4.07,4.63,0.73,9.27,4.88,2.93,0,0.33,2.36
95NN16,1128,112,89,105,154,320,119,27,14,2,54,60,41,0,7,24,9.93,7.89,9.31,13.65,28.37,10.55,2.39,1.24,0.18,4.79,5.32,3.63,0,0.62,2.13
95NN17,928,119,180,67,81,120,85,23,25,4,120,39,27,0,5,33,12.82,19.40,7.22,8.73,12.93,9.16,2.48,2.69,0.43,12.93,4.20,2.91,0,0.54,3.56
95NN18,1023,110,185,80,97,194,97,20,19,0,84,67,27,0,5,38,10.75,18.08,7.82,9.48,18.96,9.48,1.96,1.86,0,8.21,6.55,2.64,0,0.49,3.71
95NN19,1336,158,173,117,173,324,106,50,29,5,79,70,19,0,6,27,11.83,12.95,8.76,12.95,24.25,7.93,3.74,2.17,0.37,5.91,5.24,1.42,0,0.45,2.02
95NN20,1073,127,121,71,132,278,115,18,14,3,60,53,30,0,6,45,11.84,11.28,6.62,12.30,25.91,10.72,1.68,1.30,0.28,5.59,4.94,2.80,0,0.56,4.19
95NN21,1151,202,202,106,111,188,74,24,22,5,81,56,37,0,9,34,17.55,17.55,9.21,9.64,16.33,6.43,2.09,1.91,0.43,7.04,4.87,3.21,0,0.78,2.95
95NN22,1003,120,129,83,97,233,110,29,20,0,54,55,31,0,8,34,11.96,12.86,8.28,9.67,23.23,10.97,2.89,1.99,0,5.38,5.48,3.09,0,0.80,3.39
95NN23,1159,92,179,72,119,312,143,17,14,2,83,53,40,0,6,27,7.94,15.44,6.21,10.27,26.92,12.34,1.47,1.21,0.17,7.16,4.57,3.45,0,0.52,2.33
95OO01,809,84,83,45,86,259,92,10,12,1,39,40,26,0,3,29,10.38,10.26,5.56,10.63,32.01,11.37,1.24,1.48,0.12,4.82,4.94,3.21,0,0.37,3.58
95OO02,703,75,74,35,81,204,95,15,5,0,24,43,21,1,1,29,10.67,10.53,4.98,11.52,29.02,13.51,2.13,0.71,0,3.41,6.12,2.99,0.14,0.14,4.13
95OO03,914,105,101,56,85,254,98,23,20,1,62,49,31,0,3,26,11.49,11.05,6.13,9.30,27.79,10.72,2.52,2.19,0.11,6.78,5.36,3.39,0,0.33,2.84
95OO04,877,111,105,52,75,256,82,13,12,3,66,42,18,0,3,39,12.66,11.97,5.93,8.55,29.19,9.35,1.48,1.37,0.34,7.53,4.79,2.05,0,0.34,4.45
95OO05,1021,71,214,35,70,150,53,32,41,3,135,67,66,0,4,80,6.95,20.96,3.43,6.86,14.69,5.19,3.13,4.02,0.29,13.22,6.56,6.46,0,0.39,7.84
95OO06,941,71,107,56,96,280,120,15,18,1,57,44,26,0,7,43,7.55,11.37,5.95,10.20,29.76,12.75,1.59,1.91,0.11,6.06,4.68,2.76,0,0.74,4.57
95OO07,854,97,105,48,85,232,121,14,14,2,43,39,23,0,9,22,11.36,12.30,5.62,9.95,27.17,14.17,1.64,1.64,0.23,5.04,4.57,2.69,0,1.05,2.58
95OO08,887,94,85,56,84,271,131,14,10,4,43,33,28,0,7,27,10.60,9.58,6.31,9.47,30.55,14.77,1.58,1.13,0.45,4.85,3.72,3.16,0,0.79,3.04
95OO09,744,89,92,38,64,201,86,9,12,2,43,46,25,1,8,28,11.96,12.37,5.11,8.60,27.02,11.56,1.21,1.61,0.27,5.78,6.18,3.36,0.13,1.08,3.76
95OO10,1163,85,153,49,94,301,129,20,29,0,145,67,46,0,7,38,7.31,13.16,4.21,8.08,25.88,11.09,1.72,2.49,0,12.47,5.76,3.96,0,0.60,3.27
95OO11,956,81,207,27,74,168,67,17,18,3,140,55,54,0,4,41,8.47,21.65,2.82,7.74,17.57,7.01,1.78,1.88,0.31,14.64,5.75,5.65,0,0.42,4.29
95OO12,999,79,137,41,100,238,103,23,20,1,129,45,29,0,12,42,7.91,13.71,4.10,10.01,23.82,10.31,2.30,2.00,0.10,12.91,4.50,2.90,0,1.20,4.20
95OO13,976,100,131,55,101,193,71,20,37,2,82,33,59,0,6,86,10.25,13.42,5.64,10.35,19.77,7.27,2.05,3.79,0.20,8.40,3.38,6.05,0,0.61,8.81
95OO14,866,90,92,60,95,255,87,17,15,1,44,39,32,0,4,35,10.39,10.62,6.93,10.97,29.45,10.05,1.96,1.73,0.12,5.08,4.50,3.70,0,0.46,4.04
95OO15,870,90,141,43,49,160,60,17,21,4,114,55,62,1,6,47,10.34,16.21,4.94,5.63,18.39,6.90,1.95,2.41,0.46,13.10,6.32,7.13,0.11,0.69,5.40
95OO16,853,126,123,56,89,171,83,34,18,4,50,54,10,0,1,34,14.77,14.42,6.57,10.43,20.05,9.73,3.99,2.11,0.47,5.86,6.33,1.17,0,0.12,3.99
95OO17,978,83,121,71,137,268,102,20,20,1,54,46,25,0,6,24,8.49,12.37,7.26,14.01,27.40,10.43,2.04,2.04,0.10,5.52,4.70,2.56,0,0.61,2.45
95OO18,1099,115,191,68,82,213,80,32,35,0,80,53,65,1,7,77,10.46,17.38,6.19,7.46,19.38,7.28,2.91,3.18,0,7.28,4.82,5.91,0.09,0.64,7.01
95OO19,1046,99,147,50,87,328,80,32,18,3,69,50,38,0,4,41,9.46,14.05,4.78,8.32,31.36,7.65,3.06,1.72,0.29,6.60,4.78,3.63,0,0.38,3.92
95OO20,854,115,139,72,93,181,64,25,22,1,50,39,28,0,4,21,13.47,16.28,8.43,10.89,21.19,7.49,2.93,2.58,0.12,5.85,4.57,3.28,0,0.47,2.46
95OO21,904,112,167,60,69,163,54,21,28,3,71,44,44,0,3,65,12.39,18.47,6.64,7.63,18.03,5.97,2.32,3.10,0.33,7.85,4.87,4.87,0,0.33,7.19
95OO22,956,56,113,36,79,306,124,14,13,2,70,74,33,0,9,27,5.86,11.82,3.77,8.26,32.01,12.97,1.46,1.36,0.21,7.32,7.74,3.45,0,0.94,2.82
95PP01,950,102,141,63,113,258,80,18,19,2,42,51,29,1,5,26,10.74,14.84,6.63,11.89,27.16,8.42,1.89,2.00,0.21,4.42,5.37,3.05,0.11,0.53,2.74
95PP02,933,139,135,69,99,210,109,15,12,0,33,34,30,0,13,35,14.90,14.47,7.40,10.61,22.51,11.68,1.61,1.29,0,3.54,3.64,3.22,0,1.39,3.75
95PP03,971,130,173,54,89,215,98,19,16,0,58,51,25,0,3,40,13.39,17.82,5.56,9.17,22.14,10.09,1.96,1.65,0,5.97,5.25,2.57,0,0.31,4.12
95PP04,1081,110,120,59,115,303,123,25,35,2,46,59,30,0,4,50,10.18,11.10,5.46,10.64,28.03,11.38,2.31,3.24,0.19,4.26,5.46,2.78,0,0.37,4.63
95PP05,822,100,92,55,89,213,100,14,10,2,32,52,18,0,7,38,12.17,11.19,6.69,10.83,25.91,12.17,1.70,1.22,0.24,3.89,6.33,2.19,0,0.85,4.62
95PP06,1554,152,311,67,161,297,114,59,48,4,162,70,41,1,7,60,9.78,20.01,4.31,10.36,19.11,7.34,3.80,3.09,0.26,10.42,4.50,2.64,0.06,0.45,3.86
95PP07,987,111,139,48,120,261,113,25,16,0,48,44,21,0,7,34,11.25,14.08,4.86,12.16,26.44,11.45,2.53,1.62,0,4.86,4.46,2.13,0,0.71,3.44
95PP08,960,123,121,39,94,237,116,27,18,1,36,51,31,0,9,57,12.81,12.60,4.06,9.79,24.69,12.08,2.81,1.88,0.10,3.75,5.31,3.23,0,0.94,5.94
95PP09,757,118,185,36,42,63,44,22,24,1,81,70,22,1,1,47,15.59,24.44,4.76,5.55,8.32,5.81,2.91,3.17,0.13,10.70,9.25,2.91,0.13,0.13,6.21
95PP10,798,74,76,64,88,224,96,12,17,1,25,49,24,0,6,42,9.27,9.52,8.02,11.03,28.07,12.03,1.50,2.13,0.13,3.13,6.14,3.01,0,0.75,5.26
95PP11,1040,115,190,73,107,139,68,31,34,5,126,60,35,3,4,50,11.06,18.27,7.02,10.29,13.37,6.54,2.98,3.27,0.48,12.12,5.77,3.37,0.29,0.38,4.81
95PP12,891,93,106,46,113,243,112,10,20,1,30,44,28,0,14,31,10.44,11.90,5.16,12.68,27.27,12.57,1.12,2.24,0.11,3.37,4.94,3.14,0,1.57,3.48
95PP13,1060,163,201,58,83,200,85,39,33,2,92,52,20,0,7,25,15.38,18.96,5.47,7.83,18.87,8.02,3.68,3.11,0.19,8.68,4.91,1.89,0,0.66,2.36
95PP14,1347,168,205,85,164,322,119,38,24,3,73,61,39,0,11,35,12.47,15.22,6.31,12.18,23.90,8.83,2.82,1.78,0.22,5.42,4.53,2.90,0,0.82,2.60
95PP15,1089,97,139,66,127,321,92,24,27,3,68,44,32,1,6,42,8.91,12.76,6.06,11.66,29.48,8.45,2.20,2.48,0.28,6.24,4.04,2.94,0.09,0.55,3.86
95PP16,705,80,87,71,109,157,72,19,9,0,25,27,23,3,3,20,11.35,12.34,10.07,15.46,22.27,10.21,2.70,1.28,0,3.55,3.83,3.26,0.43,0.43,2.84
95PP17,1028,142,196,59,97,170,73,35,28,3,92,63,27,0,3,40,13.81,19.07,5.74,9.44,16.54,7.10,3.40,2.72,0.29,8.95,6.13,2.63,0,0.29,3.89
95PP18,1093,108,124,61,127,286,116,39,24,6,52,66,43,0,11,30,9.88,11.34,5.58,11.62,26.17,10.61,3.57,2.20,0.55,4.76,6.04,3.93,0,1.01,2.74
95PP19,933,86,170,53,73,221,89,18,22,2,73,59,27,0,4,36,9.22,18.22,5.68,7.82,23.69,9.54,1.93,2.36,0.21,7.82,6.32,2.89,0,0.43,3.86
95PP20,1379,188,338,54,123,195,93,73,31,3,123,60,25,1,7,65,13.63,24.51,3.92,8.92,14.14,6.74,5.29,2.25,0.22,8.92,4.35,1.81,0.07,0.51,4.71
95PP21,783,95,105,36,69,189,99,19,9,1,49,47,13,0,8,44,12.13,13.41,4.60,8.81,24.14,12.64,2.43,1.15,0.13,6.26,6.00,1.66,0,1.02,5.62
95PP22,1010,132,177,77,117,176,85,31,20,5,73,55,16,1,8,37,13.07,17.52,7.62,11.58,17.43,8.42,3.07,1.98,0.50,7.23,5.45,1.58,0.10,0.79,3.66
95PP23,898,90,109,49,108,236,100,16,12,2,49,55,24,1,7,40,10.02,12.14,5.46,12.03,26.28,11.14,1.78,1.34,0.22,5.46,6.12,2.67,0.11,0.78,4.45
95QQ01,707,106,157,60,67,61,37,24,21,2,74,55,14,0,3,26,14.99,22.21,8.49,9.48,8.63,5.23,3.39,2.97,0.28,10.47,7.78,1.98,0,0.42,3.68
95QQ02,996,77,146,76,169,216,79,43,35,0,61,36,29,1,1,27,7.73,14.66,7.63,16.97,21.69,7.93,4.32,3.51,0,6.12,3.61,2.91,0.10,0.10,2.71
95QQ03,507,65,103,41,45,41,25,16,20,3,86,39,10,0,3,10,12.82,20.32,8.09,8.88,8.09,4.93,3.16,3.94,0.59,16.96,7.69,1.97,0,0.59,1.97
95QQ04,692,68,122,53,90,87,45,17,16,6,99,44,23,0,1,21,9.83,17.63,7.66,13.01,12.57,6.50,2.46,2.31,0.87,14.31,6.36,3.32,0,0.14,3.03
95QQ05,1127,121,129,133,182,275,122,20,21,3,48,34,17,0,2,20,10.74,11.45,11.80,16.15,24.40,10.83,1.77,1.86,0.27,4.26,3.02,1.51,0,0.18,1.77
95QQ06,754,86,109,48,71,150,67,15,15,2,83,55,26,0,3,24,11.41,14.46,6.37,9.42,19.89,8.89,1.99,1.99,0.27,11.01,7.29,3.45,0,0.40,3.18
95QQ07,919,188,245,67,87,74,55,28,15,1,68,40,15,0,6,30,20.46,26.66,7.29,9.47,8.05,5.98,3.05,1.63,0.11,7.40,4.35,1.63,0,0.65,3.26
95QQ08,698,123,157,61,49,64,52,25,16,2,66,56,8,0,1,18,17.62,22.49,8.74,7.02,9.17,7.45,3.58,2.29,0.29,9.46,8.02,1.15,0,0.14,2.58
95QQ09,838,170,115,103,93,110,83,16,10,1,51,41,15,0,8,22,20.29,13.72,12.29,11.10,13.13,9.90,1.91,1.19,0.12,6.09,4.89,1.79,0,0.95,2.63
95QQ10,688,80,91,43,100,171,59,11,11,1,39,31,19,0,6,26,11.63,13.23,6.25,14.53,24.85,8.58,1.60,1.60,0.15,5.67,4.51,2.76,0,0.87,3.78
95QQ11,776,92,94,59,107,181,87,18,15,0,40,41,21,0,5,16,11.86,12.11,7.60,13.79,23.32,11.21,2.32,1.93,0,5.15,5.28,2.71,0,0.64,2.06
95QQ12,758,97,161,63,83,108,54,25,19,6,66,43,15,0,3,15,12.80,21.24,8.31,10.95,14.25,7.12,3.30,2.51,0.79,8.71,5.67,1.98,0,0.40,1.98
95QQ13,1031,110,124,90,170,196,98,38,25,1,80,38,28,0,2,31,10.67,12.03,8.73,16.49,19.01,9.51,3.69,2.42,0.10,7.76,3.69,2.72,0,0.19,3.01
95QQ14,2045,92,320,103,265,531,165,103,77,8,218,81,38,0,6,38,4.50,15.65,5.04,12.96,25.97,8.07,5.04,3.77,0.39,10.66,3.96,1.86,0,0.29,1.86
95QQ15,761,128,166,55,74,83,64,23,16,2,73,44,6,0,3,24,16.82,21.81,7.23,9.72,10.91,8.41,3.02,2.10,0.26,9.59,5.78,0.79,0,0.39,3.15
95RR01,1502,83,159,87,179,465,134,38,54,5,166,53,39,0,3,37,5.53,10.59,5.79,11.92,30.96,8.92,2.53,3.60,0.33,11.05,3.53,2.60,0,0.20,2.46
95RR02,647,54,87,50,66,136,71,14,23,4,56,34,22,0,1,29,8.35,13.45,7.73,10.20,21.02,10.97,2.16,3.55,0.62,8.66,5.26,3.40,0,0.15,4.48
95RR03,617,62,165,25,40,61,44,12,21,2,80,55,25,0,1,24,10.05,26.74,4.05,6.48,9.89,7.13,1.94,3.40,0.32,12.97,8.91,4.05,0,0.16,3.89
95RR04,752,78,114,36,54,158,93,17,17,1,92,51,14,0,2,25,10.37,15.16,4.79,7.18,21.01,12.37,2.26,2.26,0.13,12.23,6.78,1.86,0,0.27,3.32
95RR05,966,91,134,51,111,180,87,32,41,5,129,58,16,0,1,30,9.42,13.87,5.28,11.49,18.63,9.01,3.31,4.24,0.52,13.35,6.00,1.66,0,0.10,3.11
95RR06,708,66,72,40,60,208,93,7,10,1,42,49,30,0,2,28,9.32,10.17,5.65,8.47,29.38,13.14,0.99,1.41,0.14,5.93,6.92,4.24,0,0.28,3.95
95RR07,859,54,96,60,114,224,108,23,23,2,60,38,31,0,4,22,6.29,11.18,6.98,13.27,26.08,12.57,2.68,2.68,0.23,6.98,4.42,3.61,0,0.47,2.56
95RR08,713,48,71,49,77,210,95,16,11,1,36,42,16,0,4,37,6.73,9.96,6.87,10.80,29.45,13.32,2.24,1.54,0.14,5.05,5.89,2.24,0,0.56,5.19
95RR09,1381,79,265,34,113,292,114,99,44,2,165,62,55,0,3,54,5.72,19.19,2.46,8.18,21.14,8.25,7.17,3.19,0.14,11.95,4.49,3.98,0,0.22,3.91
95RR10,582,71,117,36,47,67,41,17,17,1,92,41,12,0,4,19,12.20,20.10,6.19,8.08,11.51,7.04,2.92,2.92,0.17,15.81,7.04,2.06,0,0.69,3.26
95RR11,652,62,79,36,68,164,97,8,11,3,33,37,17,0,8,29,9.51,12.12,5.52,10.43,25.15,14.88,1.23,1.69,0.46,5.06,5.67,2.61,0,1.23,4.45
95RR12,606,76,77,68,110,78,71,15,10,1,35,28,18,0,2,17,12.54,12.71,11.22,18.15,12.87,11.72,2.48,1.65,0.17,5.78,4.62,2.97,0,0.33,2.81
95RR13,657,137,144,62,58,71,48,12,14,2,29,41,9,0,5,25,20.85,21.92,9.44,8.83,10.81,7.31,1.83,2.13,0.30,4.41,6.24,1.37,0,0.76,3.81
95RR14,654,53,66,31,77,175,79,11,18,1,45,31,33,0,7,27,8.10,10.09,4.74,11.77,26.76,12.08,1.68,2.75,0.15,6.88,4.74,5.05,0,1.07,4.13
95RR15,802,72,79,28,67,245,90,17,18,2,81,46,24,0,3,30,8.98,9.85,3.49,8.35,30.55,11.22,2.12,2.24,0.25,10.10,5.74,2.99,0,0.37,3.74
95SS01,1681,120,173,121,251,501,181,59,37,3,77,64,49,0,4,41,7.14,10.29,7.20,14.93,29.80,10.77,3.51,2.20,0.18,4.58,3.81,2.91,0,0.24,2.44
95SS02,1530,150,126,155,215,414,168,32,39,6,126,43,34,0,5,17,9.80,8.24,10.13,14.05,27.06,10.98,2.09,2.55,0.39,8.24,2.81,2.22,0,0.33,1.11
95SS03,1189,91,91,166,186,336,159,21,11,1,24,33,34,0,6,30,7.65,7.65,13.96,15.64,28.26,13.37,1.77,0.93,0.08,2.02,2.78,2.86,0,0.50,2.52
95SS04,2935,197,554,110,340,713,195,156,108,10,273,107,70,7,2,93,6.71,18.88,3.75,11.58,24.29,6.64,5.32,3.68,0.34,9.30,3.65,2.39,0.24,0.07,3.17
95SS05,1441,164,230,149,217,241,119,60,31,3,84,68,27,0,7,41,11.38,15.96,10.34,15.06,16.72,8.26,4.16,2.15,0.21,5.83,4.72,1.87,0,0.49,2.85
95SS06,1935,58,241,20,80,226,127,32,78,9,718,142,137,0,5,62,3.00,12.45,1.03,4.13,11.68,6.56,1.65,4.03,0.47,37.11,7.34,7.08,0,0.26,3.20
95SS07,3406,239,573,117,261,794,155,153,129,9,575,135,138,1,8,119,7.02,16.82,3.44,7.66,23.31,4.55,4.49,3.79,0.26,16.88,3.96,4.05,0.03,0.23,3.49
95SS08,1670,133,149,161,253,475,177,44,40,9,92,68,27,0,8,34,7.96,8.92,9.64,15.15,28.44,10.60,2.63,2.40,0.54,5.51,4.07,1.62,0,0.48,2.04
95SS09,1334,133,203,145,211,289,125,41,21,1,45,45,28,0,7,40,9.97,15.22,10.87,15.82,21.66,9.37,3.07,1.57,0.07,3.37,3.37,2.10,0,0.52,3.00
95SS10,1607,141,283,84,147,404,161,62,28,2,137,67,40,2,4,45,8.77,17.61,5.23,9.15,25.14,10.02,3.86,1.74,0.12,8.53,4.17,2.49,0.12,0.25,2.80
95SS11,1863,133,182,103,217,581,187,49,45,3,149,69,77,0,6,62,7.14,9.77,5.53,11.65,31.19,10.04,2.63,2.42,0.16,8.00,3.70,4.13,0,0.32,3.33
95SS12,1251,191,161,155,148,245,122,38,20,2,72,35,20,0,5,37,15.27,12.87,12.39,11.83,19.58,9.75,3.04,1.60,0.16,5.76,2.80,1.60,0,0.40,2.96
95SS13,1336,196,324,79,113,174,81,68,37,8,115,59,25,0,4,53,14.67,24.25,5.91,8.46,13.02,6.06,5.09,2.77,0.60,8.61,4.42,1.87,0,0.30,3.97
95SS14,1246,178,227,109,142,193,78,45,49,4,103,54,31,1,3,29,14.29,18.22,8.75,11.40,15.49,6.26,3.61,3.93,0.32,8.27,4.33,2.49,0.08,0.24,2.33
95SS15,1516,208,192,182,225,350,153,42,13,4,44,46,20,0,10,27,13.72,12.66,12.01,14.84,23.09,10.09,2.77,0.86,0.26,2.90,3.03,1.32,0,0.66,1.78
95SS16,1152,83,217,36,86,188,146,25,25,2,163,86,56,0,2,37,7.20,18.84,3.13,7.47,16.32,12.67,2.17,2.17,0.17,14.15,7.47,4.86,0,0.17,3.21
95SS17,1749,161,334,97,215,339,120,87,47,3,154,90,42,0,6,54,9.21,19.10,5.55,12.29,19.38,6.86,4.97,2.69,0.17,8.81,5.15,2.40,0,0.34,3.09
95SS18,1342,247,270,97,105,175,72,41,36,5,149,70,27,0,9,39,18.41,20.12,7.23,7.82,13.04,5.37,3.06,2.68,0.37,11.10,5.22,2.01,0,0.67,2.91
95SS19,1236,153,283,84,128,175,71,45,31,5,122,72,25,2,1,39,12.38,22.90,6.80,10.36,14.16,5.74,3.64,2.51,0.40,9.87,5.83,2.02,0.16,0.08,3.16
95SS20,1096,176,108,169,159,170,125,22,9,6,44,64,15,0,10,19,16.06,9.85,15.42,14.51,15.51,11.41,2.01,0.82,0.55,4.01,5.84,1.37,0,0.91,1.73
95SS21,1656,89,164,132,259,541,144,73,36,4,56,70,32,1,5,50,5.37,9.90,7.97,15.64,32.67,8.70,4.41,2.17,0.24,3.38,4.23,1.93,0.06,0.30,3.02
95SS22,1254,147,108,139,206,331,101,29,30,0,66,49,23,1,3,21,11.72,8.61,11.08,16.43,26.40,8.05,2.31,2.39,0,5.26,3.91,1.83,0.08,0.24,1.67
95SS23,1532,141,253,139,232,346,126,59,34,5,76,49,31,0,2,39,9.20,16.51,9.07,15.14,22.58,8.22,3.85,2.22,0.33,4.96,3.20,2.02,0,0.13,2.55
95SS24,1914,151,280,151,254,543,167,68,50,5,94,73,28,0,6,44,7.89,14.63,7.89,13.27,28.37,8.73,3.55,2.61,0.26,4.91,3.81,1.46,0,0.31,2.30
95SS25,1117,143,231,50,68,120,52,24,47,3,243,72,25,0,1,38,12.80,20.68,4.48,6.09,10.74,4.66,2.15,4.21,0.27,21.75,6.45,2.24,0,0.09,3.40
95SS26,1314,61,163,40,109,179,126,26,37,8,352,95,74,1,0,43,4.64,12.40,3.04,8.30,13.62,9.59,1.98,2.82,0.61,26.79,7.23,5.63,0.08,0,3.27
95SS27,1194,218,291,88,118,148,69,29,25,1,85,50,21,0,9,42,18.26,24.37,7.37,9.88,12.40,5.78,2.43,2.09,0.08,7.12,4.19,1.76,0,0.75,3.52
95SS28,1071,149,192,60,84,161,77,27,36,6,121,75,32,0,7,44,13.91,17.93,5.60,7.84,15.03,7.19,2.52,3.36,0.56,11.30,7.00,2.99,0,0.65,4.11
95SS29,1031,84,193,50,53,87,57,13,34,2,245,84,59,0,5,65,8.15,18.72,4.85,5.14,8.44,5.53,1.26,3.30,0.19,23.76,8.15,5.72,0,0.48,6.30
95SS30,1125,145,108,166,171,281,94,23,13,2,41,39,21,0,8,13,12.89,9.60,14.76,15.20,24.98,8.36,2.04,1.16,0.18,3.64,3.47,1.87,0,0.71,1.16
95TT01,838,84,73,48,60,279,112,15,13,1,28,49,38,0,8,30,10.02,8.71,5.73,7.16,33.29,13.37,1.79,1.55,0.12,3.34,5.85,4.53,0,0.95,3.58
95TT02,857,73,80,46,70,272,103,9,16,0,63,45,32,0,8,40,8.52,9.33,5.37,8.17,31.74,12.02,1.05,1.87,0,7.35,5.25,3.73,0,0.93,4.67
95TT03,1175,110,155,60,128,302,107,49,29,4,87,62,30,0,4,48,9.36,13.19,5.11,10.89,25.70,9.11,4.17,2.47,0.34,7.40,5.28,2.55,0,0.34,4.09
95TT04,1018,101,155,39,100,289,104,27,24,1,61,60,24,0,10,23,9.92,15.23,3.83,9.82,28.39,10.22,2.65,2.36,0.10,5.99,5.89,2.36,0,0.98,2.26
95TT05,1129,114,188,55,97,253,77,41,43,4,105,64,34,0,8,46,10.10,16.65,4.87,8.59,22.41,6.82,3.63,3.81,0.35,9.30,5.67,3.01,0,0.71,4.07
95TT06,886,98,87,48,86,267,129,10,7,0,44,50,27,0,3,30,11.06,9.82,5.42,9.71,30.14,14.56,1.13,0.79,0,4.97,5.64,3.05,0,0.34,3.39
95TT07,874,82,70,56,99,270,131,10,19,4,26,50,24,0,5,28,9.38,8.01,6.41,11.33,30.89,14.99,1.14,2.17,0.46,2.97,5.72,2.75,0,0.57,3.20
95TT08,851,71,67,48,82,291,133,13,13,3,29,46,25,0,8,22,8.34,7.87,5.64,9.64,34.20,15.63,1.53,1.53,0.35,3.41,5.41,2.94,0,0.94,2.59
95TT09,874,80,61,52,70,295,143,8,9,1,21,62,33,0,5,34,9.15,6.98,5.95,8.01,33.75,16.36,0.92,1.03,0.11,2.40,7.09,3.78,0,0.57,3.89
95TT10,1056,103,132,50,100,209,104,37,32,4,124,55,41,0,3,62,9.75,12.50,4.73,9.47,19.79,9.85,3.50,3.03,0.38,11.74,5.21,3.88,0,0.28,5.87
95TT11,945,78,66,55,95,335,134,10,12,2,37,38,32,0,9,42,8.25,6.98,5.82,10.05,35.45,14.18,1.06,1.27,0.21,3.92,4.02,3.39,0,0.95,4.44
95TT12,898,91,107,69,91,278,99,6,16,4,39,48,24,0,6,20,10.13,11.92,7.68,10.13,30.96,11.02,0.67,1.78,0.45,4.34,5.35,2.67,0,0.67,2.23
95TT13,1107,110,181,45,101,220,90,32,34,0,120,71,42,0,6,55,9.94,16.35,4.07,9.12,19.87,8.13,2.89,3.07,0,10.84,6.41,3.79,0,0.54,4.97
95TT14,830,85,125,65,85,167,79,15,17,3,63,56,29,0,2,39,10.24,15.06,7.83,10.24,20.12,9.52,1.81,2.05,0.36,7.59,6.75,3.49,0,0.24,4.70
95TT15,833,87,91,60,78,261,87,10,6,3,41,39,29,1,8,32,10.44,10.92,7.20,9.36,31.33,10.44,1.20,0.72,0.36,4.92,4.68,3.48,0.12,0.96,3.84
95TT16,866,78,91,59,73,272,104,17,14,1,48,49,28,0,5,27,9.01,10.51,6.81,8.43,31.41,12.01,1.96,1.62,0.12,5.54,5.66,3.23,0,0.58,3.12
95UU01,384,35,48,18,36,94,53,9,10,0,33,14,11,0,4,19,9.11,12.50,4.69,9.38,24.48,13.80,2.34,2.60,0,8.59,3.65,2.86,0,1.04,4.95
95UU02,439,61,63,56,57,65,32,8,11,3,47,25,3,0,3,5,13.90,14.35,12.76,12.98,14.81,7.29,1.82,2.51,0.68,10.71,5.69,0.68,0,0.68,1.14
95UU03,381,83,79,40,41,44,27,10,4,1,11,13,7,0,5,16,21.78,20.73,10.50,10.76,11.55,7.09,2.62,1.05,0.26,2.89,3.41,1.84,0,1.31,4.20
95UU04,350,57,88,30,29,30,23,5,8,0,44,19,7,0,0,10,16.29,25.14,8.57,8.29,8.57,6.57,1.43,2.29,0,12.57,5.43,2.00,0,0,2.86
95UU05,373,51,40,26,40,96,35,14,5,0,20,23,12,0,4,7,13.67,10.72,6.97,10.72,25.74,9.38,3.75,1.34,0,5.36,6.17,3.22,0,1.07,1.88
95UU06,569,66,93,60,57,113,51,9,9,2,49,29,9,0,6,16,11.60,16.34,10.54,10.02,19.86,8.96,1.58,1.58,0.35,8.61,5.10,1.58,0,1.05,2.81
95UU07,307,35,38,30,42,59,42,4,7,2,11,13,4,0,5,15,11.40,12.38,9.77,13.68,19.22,13.68,1.30,2.28,0.65,3.58,4.23,1.30,0,1.63,4.89
95UU08,461,67,74,38,36,86,64,3,4,2,27,33,12,0,0,15,14.53,16.05,8.24,7.81,18.66,13.88,0.65,0.87,0.43,5.86,7.16,2.60,0,0,3.25
95UU09,594,54,87,30,70,153,65,9,8,1,46,31,19,1,3,17,9.09,14.65,5.05,11.78,25.76,10.94,1.52,1.35,0.17,7.74,5.22,3.20,0.17,0.51,2.86
95UU10,420,51,63,33,34,100,50,3,6,0,19,26,12,0,7,16,12.14,15.00,7.86,8.10,23.81,11.90,0.71,1.43,0,4.52,6.19,2.86,0,1.67,3.81
95UU11,355,47,43,29,38,83,41,9,3,0,12,22,10,1,2,15,13.24,12.11,8.17,10.70,23.38,11.55,2.54,0.85,0,3.38,6.20,2.82,0.28,0.56,4.23
95UU12,564,87,109,26,45,97,31,7,21,1,68,32,13,0,2,25,15.43,19.33,4.61,7.98,17.20,5.50,1.24,3.72,0.18,12.06,5.67,2.30,0,0.35,4.43
95UU13,333,47,53,18,32,66,39,6,6,0,13,17,13,0,5,18,14.11,15.92,5.41,9.61,19.82,11.71,1.80,1.80,0,3.90,5.11,3.90,0,1.50,5.41
95UU14,718,75,157,48,62,117,37,15,21,1,86,56,17,0,5,21,10.45,21.87,6.69,8.64,16.30,5.15,2.09,2.92,0.14,11.98,7.80,2.37,0,0.70,2.92
95UU15,360,36,63,20,49,73,36,9,13,0,17,23,11,0,3,7,10.00,17.50,5.56,13.61,20.28,10.00,2.50,3.61,0,4.72,6.39,3.06,0,0.83,1.94
95VV01,1171,153,144,87,142,274,127,15,22,4,77,60,31,0,6,29,13.07,12.30,7.43,12.13,23.40,10.85,1.28,1.88,0.34,6.58,5.12,2.65,0,0.51,2.48
95VV02,985,171,222,52,50,103,57,22,32,3,120,64,34,0,4,51,17.36,22.54,5.28,5.08,10.46,5.79,2.23,3.25,0.30,12.18,6.50,3.45,0,0.41,5.18
95VV03,996,137,152,57,64,178,76,29,28,1,114,73,36,0,7,44,13.76,15.26,5.72,6.43,17.87,7.63,2.91,2.81,0.10,11.45,7.33,3.61,0,0.70,4.42
95VV04,1052,110,104,80,119,316,119,16,21,2,53,39,37,0,10,26,10.46,9.89,7.60,11.31,30.04,11.31,1.52,2.00,0.19,5.04,3.71,3.52,0,0.95,2.47
95VV05,1364,81,114,56,124,526,153,27,26,5,87,62,39,1,10,53,5.94,8.36,4.11,9.09,38.56,11.22,1.98,1.91,0.37,6.38,4.55,2.86,0.07,0.73,3.89
95VV06,1153,113,142,50,79,324,123,22,19,1,120,63,41,1,7,48,9.80,12.32,4.34,6.85,28.10,10.67,1.91,1.65,0.09,10.41,5.46,3.56,0.09,0.61,4.16
95VV07,1657,153,319,98,136,374,145,40,36,1,185,81,30,0,6,53,9.23,19.25,5.91,8.21,22.57,8.75,2.41,2.17,0.06,11.16,4.89,1.81,0,0.36,3.20
95VV08,1006,98,135,29,84,246,117,10,12,2,126,66,50,0,3,28,9.74,13.42,2.88,8.35,24.45,11.63,0.99,1.19,0.20,12.52,6.56,4.97,0,0.30,2.78
95VV09,967,91,161,49,69,159,96,19,19,3,126,80,44,0,2,49,9.41,16.65,5.07,7.14,16.44,9.93,1.96,1.96,0.31,13.03,8.27,4.55,0,0.21,5.07
95VV10,1186,93,187,68,59,192,76,37,37,4,206,85,43,3,0,96,7.84,15.77,5.73,4.97,16.19,6.41,3.12,3.12,0.34,17.37,7.17,3.63,0.25,0,8.09
95VV11,1484,95,186,90,137,448,143,34,33,3,131,88,49,0,5,42,6.40,12.53,6.06,9.23,30.19,9.64,2.29,2.22,0.20,8.83,5.93,3.30,0,0.34,2.83
95VV12,1164,110,173,62,91,224,104,31,40,4,145,70,42,0,5,63,9.45,14.86,5.33,7.82,19.24,8.93,2.66,3.44,0.34,12.46,6.01,3.61,0,0.43,5.41
95VV13,1054,80,91,49,101,388,151,16,9,2,40,44,37,0,7,39,7.59,8.63,4.65,9.58,36.81,14.33,1.52,0.85,0.19,3.80,4.17,3.51,0,0.66,3.70
95VV14,1287,141,219,61,98,243,127,40,27,3,103,77,60,0,1,87,10.96,17.02,4.74,7.61,18.88,9.87,3.11,2.10,0.23,8.00,5.98,4.66,0,0.08,6.76
95VV15,1140,115,173,38,78,233,110,15,23,4,163,68,39,1,3,77,10.09,15.18,3.33,6.84,20.44,9.65,1.32,2.02,0.35,14.30,5.96,3.42,0.09,0.26,6.75
95VV16,1043,91,127,58,90,279,122,9,11,0,87,80,42,0,7,40,8.72,12.18,5.56,8.63,26.75,11.70,0.86,1.05,0,8.34,7.67,4.03,0,0.67,3.84
95VV17,1410,116,154,68,117,400,134,18,36,7,162,78,73,0,8,39,8.23,10.92,4.82,8.30,28.37,9.50,1.28,2.55,0.50,11.49,5.53,5.18,0,0.57,2.77
95VV18,1402,186,215,82,133,273,144,38,42,4,112,70,46,0,9,48,13.27,15.34,5.85,9.49,19.47,10.27,2.71,3.00,0.29,7.99,4.99,3.28,0,0.64,3.42
95VV19,1172,143,190,91,107,213,103,26,34,2,126,66,30,0,5,36,12.20,16.21,7.76,9.13,18.17,8.79,2.22,2.90,0.17,10.75,5.63,2.56,0,0.43,3.07
95VV20,925,83,83,60,83,273,122,19,23,2,41,44,43,0,5,44,8.97,8.97,6.49,8.97,29.51,13.19,2.05,2.49,0.22,4.43,4.76,4.65,0,0.54,4.76
95VV21,1253,90,126,53,115,449,142,26,14,2,78,60,47,0,5,46,7.18,10.06,4.23,9.18,35.83,11.33,2.08,1.12,0.16,6.23,4.79,3.75,0,0.40,3.67
95VV22,956,112,115,30,85,258,98,14,26,3,98,52,20,0,5,40,11.72,12.03,3.14,8.89,26.99,10.25,1.46,2.72,0.31,10.25,5.44,2.09,0,0.52,4.18
95VV23,1123,166,154,69,110,198,116,23,29,1,97,62,30,0,10,58,14.78,13.71,6.14,9.80,17.63,10.33,2.05,2.58,0.09,8.64,5.52,2.67,0,0.89,5.16
95VV24,1258,206,234,82,119,228,110,26,19,2,80,66,29,1,6,50,16.38,18.60,6.52,9.46,18.12,8.74,2.07,1.51,0.16,6.36,5.25,2.31,0.08,0.48,3.97
95VV25,1227,121,140,55,93,363,136,23,24,1,122,63,50,1,7,28,9.86,11.41,4.48,7.58,29.58,11.08,1.87,1.96,0.08,9.94,5.13,4.07,0.08,0.57,2.28
95VV26,1172,92,145,52,92,358,128,30,27,5,100,60,37,0,6,40,7.85,12.37,4.44,7.85,30.55,10.92,2.56,2.30,0.43,8.53,5.12,3.16,0,0.51,3.41
95VV27,912,116,176,40,83,110,99,20,21,5,79,68,37,0,9,49,12.72,19.30,4.39,9.10,12.06,10.86,2.19,2.30,0.55,8.66,7.46,4.06,0,0.99,5.37
95VV28,1343,155,239,53,122,257,106,38,33,3,128,86,54,0,7,62,11.54,17.80,3.95,9.08,19.14,7.89,2.83,2.46,0.22,9.53,6.40,4.02,0,0.52,4.62
95VV29,1071,88,106,51,110,354,123,19,22,3,69,55,37,0,9,25,8.22,9.90,4.76,10.27,33.05,11.48,1.77,2.05,0.28,6.44,5.14,3.45,0,0.84,2.33
95VV30,1098,103,169,96,111,234,103,26,28,2,63,55,40,1,3,64,9.38,15.39,8.74,10.11,21.31,9.38,2.37,2.55,0.18,5.74,5.01,3.64,0.09,0.27,5.83
95WW01,1257,215,242,95,132,162,78,46,25,2,115,65,22,4,7,47,17.10,19.25,7.56,10.50,12.89,6.21,3.66,1.99,0.16,9.15,5.17,1.75,0.32,0.56,3.74
95WW02,1533,197,216,110,174,321,106,54,42,6,175,75,27,0,2,28,12.85,14.09,7.18,11.35,20.94,6.91,3.52,2.74,0.39,11.42,4.89,1.76,0,0.13,1.83
95WW03,1583,212,301,97,160,273,116,72,44,4,152,64,37,0,4,47,13.39,19.01,6.13,10.11,17.25,7.33,4.55,2.78,0.25,9.60,4.04,2.34,0,0.25,2.97
95WW04,1098,74,126,93,168,252,94,40,41,4,105,55,18,0,0,28,6.74,11.48,8.47,15.30,22.95,8.56,3.64,3.73,0.36,9.56,5.01,1.64,0,0,2.55
95WW05,1157,164,190,97,128,196,122,29,22,4,82,63,24,0,4,32,14.17,16.42,8.38,11.06,16.94,10.54,2.51,1.90,0.35,7.09,5.45,2.07,0,0.35,2.77
95WW06,1198,102,142,105,206,309,122,26,22,2,45,55,30,0,4,28,8.51,11.85,8.76,17.20,25.79,10.18,2.17,1.84,0.17,3.76,4.59,2.50,0,0.33,2.34
95WW07,1602,158,179,150,242,418,153,35,27,4,98,69,24,0,5,40,9.86,11.17,9.36,15.11,26.09,9.55,2.18,1.69,0.25,6.12,4.31,1.50,0,0.31,2.50
95WW08,1037,134,98,128,149,204,96,25,31,2,77,58,13,0,6,16,12.92,9.45,12.34,14.37,19.67,9.26,2.41,2.99,0.19,7.43,5.59,1.25,0,0.58,1.54
95WW09,1111,176,137,170,137,148,105,25,20,3,99,53,15,0,6,17,15.84,12.33,15.30,12.33,13.32,9.45,2.25,1.80,0.27,8.91,4.77,1.35,0,0.54,1.53
95WW10,1176,149,142,89,132,239,106,36,36,4,120,72,20,0,7,24,12.67,12.07,7.57,11.22,20.32,9.01,3.06,3.06,0.34,10.20,6.12,1.70,0,0.60,2.04
95WW11,1106,91,112,114,121,255,149,28,31,2,94,54,30,0,4,21,8.23,10.13,10.31,10.94,23.06,13.47,2.53,2.80,0.18,8.50,4.88,2.71,0,0.36,1.90
95WW12,1100,157,238,80,73,96,56,37,27,4,163,103,26,0,3,37,14.27,21.64,7.27,6.64,8.73,5.09,3.36,2.45,0.36,14.82,9.36,2.36,0,0.27,3.36
95WW13,1433,133,185,96,218,383,121,50,35,1,82,54,21,0,5,49,9.28,12.91,6.70,15.21,26.73,8.44,3.49,2.44,0.07,5.72,3.77,1.47,0,0.35,3.42
95WW14,1043,177,223,54,70,91,59,28,31,4,179,70,25,0,0,32,16.97,21.38,5.18,6.71,8.72,5.66,2.68,2.97,0.38,17.16,6.71,2.40,0,0,3.07
95WW15,1229,106,147,105,138,275,132,37,25,4,129,71,28,0,1,31,8.62,11.96,8.54,11.23,22.38,10.74,3.01,2.03,0.33,10.50,5.78,2.28,0,0.08,2.52
95WW16,1260,187,198,95,116,175,96,57,38,3,156,68,24,1,2,44,14.84,15.71,7.54,9.21,13.89,7.62,4.52,3.02,0.24,12.38,5.40,1.90,0.08,0.16,3.49
95WW17,991,150,158,103,133,128,87,33,21,3,88,42,17,0,5,23,15.14,15.94,10.39,13.42,12.92,8.78,3.33,2.12,0.30,8.88,4.24,1.72,0,0.50,2.32
95WW18,1000,173,176,123,89,153,70,25,25,3,68,50,18,0,7,20,17.30,17.60,12.30,8.90,15.30,7.00,2.50,2.50,0.30,6.80,5.00,1.80,0,0.70,2.00
95WW19,2204,189,185,201,335,749,194,49,39,1,105,73,33,4,3,44,8.58,8.39,9.12,15.20,33.98,8.80,2.22,1.77,0.05,4.76,3.31,1.50,0.18,0.14,2.00
95WW20,2974,116,397,131,432,903,235,147,79,11,257,95,75,0,13,83,3.90,13.35,4.40,14.53,30.36,7.90,4.94,2.66,0.37,8.64,3.19,2.52,0,0.44,2.79
95WW21,1481,148,337,70,142,238,78,57,55,3,210,57,31,2,4,49,9.99,22.75,4.73,9.59,16.07,5.27,3.85,3.71,0.20,14.18,3.85,2.09,0.14,0.27,3.31
95WW22,1228,136,194,74,146,199,107,49,34,6,170,65,23,2,3,20,11.07,15.80,6.03,11.89,16.21,8.71,3.99,2.77,0.49,13.84,5.29,1.87,0.16,0.24,1.63
95WW23,1455,191,248,135,178,273,101,47,32,2,103,50,17,15,2,61,13.13,17.04,9.28,12.23,18.76,6.94,3.23,2.20,0.14,7.08,3.44,1.17,1.03,0.14,4.19
95WW24,1578,201,383,90,108,140,79,73,54,4,266,84,23,2,4,67,12.74,24.27,5.70,6.84,8.87,5.01,4.63,3.42,0.25,16.86,5.32,1.46,0.13,0.25,4.25
95WW25,1137,241,334,86,87,88,37,36,15,4,109,52,13,1,4,30,21.20,29.38,7.56,7.65,7.74,3.25,3.17,1.32,0.35,9.59,4.57,1.14,0.09,0.35,2.64
95XX01,1849,89,182,108,296,591,212,63,48,7,121,65,36,0,3,28,4.81,9.84,5.84,16.01,31.96,11.47,3.41,2.60,0.38,6.54,3.52,1.95,0,0.16,1.51
95XX02,1066,177,126,110,162,245,76,32,15,3,40,48,16,0,2,14,16.60,11.82,10.32,15.20,22.98,7.13,3.00,1.41,0.28,3.75,4.50,1.50,0,0.19,1.31
95XX03,1057,90,114,130,201,237,119,20,23,1,45,31,23,0,5,18,8.51,10.79,12.30,19.02,22.42,11.26,1.89,2.18,0.09,4.26,2.93,2.18,0,0.47,1.70
95XX04,1402,114,192,101,237,327,148,38,34,6,114,44,25,0,0,22,8.13,13.69,7.20,16.90,23.32,10.56,2.71,2.43,0.43,8.13,3.14,1.78,0,0,1.57
95XX05,1238,218,218,161,139,145,86,43,17,7,84,60,20,0,2,38,17.61,17.61,13.00,11.23,11.71,6.95,3.47,1.37,0.57,6.79,4.85,1.62,0,0.16,3.07
95XX06,1598,190,305,85,186,289,96,56,53,5,188,72,34,0,3,36,11.89,19.09,5.32,11.64,18.09,6.01,3.50,3.32,0.31,11.76,4.51,2.13,0,0.19,2.25
95XX07,1278,268,151,168,191,202,101,25,30,1,50,48,13,0,5,25,20.97,11.82,13.15,14.95,15.81,7.90,1.96,2.35,0.08,3.91,3.76,1.02,0,0.39,1.96
95XX08,1173,266,129,158,170,193,88,22,19,3,39,40,10,0,7,29,22.68,11.00,13.47,14.49,16.45,7.50,1.88,1.62,0.26,3.32,3.41,0.85,0,0.60,2.47
95XX09,1255,279,175,150,158,172,92,34,30,1,63,44,19,0,6,32,22.23,13.94,11.95,12.59,13.71,7.33,2.71,2.39,0.08,5.02,3.51,1.51,0,0.48,2.55
95XX10,1842,103,321,88,198,455,108,73,80,3,232,87,42,0,2,50,5.59,17.43,4.78,10.75,24.70,5.86,3.96,4.34,0.16,12.60,4.72,2.28,0,0.11,2.71
95XX11,2621,165,568,99,358,500,116,165,118,9,312,90,44,0,4,73,6.30,21.67,3.78,13.66,19.08,4.43,6.30,4.50,0.34,11.90,3.43,1.68,0,0.15,2.79
95XX12,1002,124,114,154,175,195,101,31,19,1,33,19,10,1,6,19,12.38,11.38,15.37,17.47,19.46,10.08,3.09,1.90,0.10,3.29,1.90,1.00,0.10,0.60,1.90
95XX13,1176,179,118,200,208,236,93,29,8,0,24,38,13,0,8,22,15.22,10.03,17.01,17.69,20.07,7.91,2.47,0.68,0,2.04,3.23,1.11,0,0.68,1.87
95XX14,955,127,95,148,149,213,100,27,10,1,22,26,15,0,4,18,13.30,9.95,15.50,15.60,22.30,10.47,2.83,1.05,0.10,2.30,2.72,1.57,0,0.42,1.88
95XX15,1192,145,336,89,116,128,74,41,22,3,104,72,16,0,2,44,12.16,28.19,7.47,9.73,10.74,6.21,3.44,1.85,0.25,8.72,6.04,1.34,0,0.17,3.69
95XX16,1392,232,188,230,263,185,103,39,13,5,27,62,22,0,2,21,16.67,13.51,16.52,18.89,13.29,7.40,2.80,0.93,0.36,1.94,4.45,1.58,0,0.14,1.51
95XX17,1425,156,427,68,133,176,59,85,33,4,77,71,36,1,0,99,10.95,29.96,4.77,9.33,12.35,4.14,5.96,2.32,0.28,5.40,4.98,2.53,0.07,0,6.95
95XX18,1348,254,299,83,139,187,67,66,22,2,81,60,26,0,3,59,18.84,22.18,6.16,10.31,13.87,4.97,4.90,1.63,0.15,6.01,4.45,1.93,0,0.22,4.38
95XX19,1106,144,196,128,156,231,98,26,15,0,40,35,16,0,5,16,13.02,17.72,11.57,14.10,20.89,8.86,2.35,1.36,0,3.62,3.16,1.45,0,0.45,1.45
95XX20,1363,168,312,70,137,284,60,37,31,4,117,82,21,0,8,32,12.33,22.89,5.14,10.05,20.84,4.40,2.71,2.27,0.29,8.58,6.02,1.54,0,0.59,2.35
95XX21,1176,198,141,213,167,219,74,28,14,2,40,35,11,1,7,26,16.84,11.99,18.11,14.20,18.62,6.29,2.38,1.19,0.17,3.40,2.98,0.94,0.09,0.60,2.21
95XX22,1010,119,209,108,149,140,76,32,28,7,56,41,15,1,2,27,11.78,20.69,10.69,14.75,13.86,7.52,3.17,2.77,0.69,5.54,4.06,1.49,0.10,0.20,2.67
95XX23,1451,150,386,78,148,219,67,84,45,9,116,62,17,0,3,67,10.34,26.60,5.38,10.20,15.09,4.62,5.79,3.10,0.62,7.99,4.27,1.17,0,0.21,4.62
95XX24,1184,194,135,155,188,201,116,29,18,2,60,50,19,0,2,15,16.39,11.40,13.09,15.88,16.98,9.80,2.45,1.52,0.17,5.07,4.22,1.60,0,0.17,1.27
95XX25,1096,168,238,63,93,133,64,32,53,5,109,80,19,0,7,32,15.33,21.72,5.75,8.49,12.14,5.84,2.92,4.84,0.46,9.95,7.30,1.73,0,0.64,2.92
95YY01,861,98,97,53,98,233,101,14,24,3,52,41,23,0,6,18,11.38,11.27,6.16,11.38,27.06,11.73,1.63,2.79,0.35,6.04,4.76,2.67,0,0.70,2.09
95YY02,883,102,173,49,93,174,66,16,9,2,81,68,18,0,2,30,11.55,19.59,5.55,10.53,19.71,7.47,1.81,1.02,0.23,9.17,7.70,2.04,0,0.23,3.40
95YY03,991,83,104,50,101,350,126,17,13,2,41,40,32,0,8,24,8.38,10.49,5.05,10.19,35.32,12.71,1.72,1.31,0.20,4.14,4.04,3.23,0,0.81,2.42
95YY04,1270,91,204,71,130,312,103,34,35,2,130,64,35,0,5,54,7.17,16.06,5.59,10.24,24.57,8.11,2.68,2.76,0.16,10.24,5.04,2.76,0,0.39,4.25
95YY05,745,132,149,63,68,95,65,33,10,2,38,39,8,0,7,36,17.72,20.00,8.46,9.13,12.75,8.72,4.43,1.34,0.27,5.10,5.23,1.07,0,0.94,4.83
95YY06,858,89,145,38,76,205,92,10,19,1,70,56,24,0,5,28,10.37,16.90,4.43,8.86,23.89,10.72,1.17,2.21,0.12,8.16,6.53,2.80,0,0.58,3.26
95YY07,912,77,92,48,73,325,120,9,15,0,39,50,24,0,8,32,8.44,10.09,5.26,8.00,35.64,13.16,0.99,1.64,0,4.28,5.48,2.63,0,0.88,3.51
95YY08,789,84,131,33,63,226,92,13,8,0,42,45,21,0,5,26,10.65,16.60,4.18,7.98,28.64,11.66,1.65,1.01,0,5.32,5.70,2.66,0,0.63,3.30
95YY09,1014,144,219,87,105,143,93,22,18,4,74,38,18,0,0,49,14.20,21.60,8.58,10.36,14.10,9.17,2.17,1.78,0.39,7.30,3.75,1.78,0,0,4.83
95YY10,705,70,54,76,94,218,89,5,4,2,18,38,12,0,5,20,9.93,7.66,10.78,13.33,30.92,12.62,0.71,0.57,0.28,2.55,5.39,1.70,0,0.71,2.84
95YY11,820,109,164,42,72,162,75,21,15,3,52,59,14,0,4,28,13.29,20.00,5.12,8.78,19.76,9.15,2.56,1.83,0.37,6.34,7.20,1.71,0,0.49,3.41
95YY12,932,91,112,44,110,296,78,25,19,1,55,34,33,0,4,30,9.76,12.02,4.72,11.80,31.76,8.37,2.68,2.04,0.11,5.90,3.65,3.54,0,0.43,3.22
95YY13,1118,91,224,61,96,218,93,26,29,2,138,65,22,0,3,50,8.14,20.04,5.46,8.59,19.50,8.32,2.33,2.59,0.18,12.34,5.81,1.97,0,0.27,4.47
95YY14,1147,83,222,32,100,269,109,35,26,6,144,56,25,0,5,35,7.24,19.35,2.79,8.72,23.45,9.50,3.05,2.27,0.52,12.55,4.88,2.18,0,0.44,3.05
95YY15,889,118,236,34,44,128,42,23,27,5,130,48,24,0,1,29,13.27,26.55,3.82,4.95,14.40,4.72,2.59,3.04,0.56,14.62,5.40,2.70,0,0.11,3.26
95YY16,798,82,82,44,82,254,107,9,8,1,37,43,12,0,9,28,10.28,10.28,5.51,10.28,31.83,13.41,1.13,1.00,0.13,4.64,5.39,1.50,0,1.13,3.51
95YY17,746,60,83,35,58,227,100,9,14,0,44,61,24,0,1,30,8.04,11.13,4.69,7.77,30.43,13.40,1.21,1.88,0,5.90,8.18,3.22,0,0.13,4.02
95YY18,746,69,99,33,55,249,91,11,15,2,36,41,17,0,7,21,9.25,13.27,4.42,7.37,33.38,12.20,1.47,2.01,0.27,4.83,5.50,2.28,0,0.94,2.82
95YY19,707,134,166,39,51,89,40,35,13,0,49,40,13,1,2,35,18.95,23.48,5.52,7.21,12.59,5.66,4.95,1.84,0,6.93,5.66,1.84,0.14,0.28,4.95
95YY20,721,76,73,40,61,237,123,3,6,1,15,44,18,0,4,20,10.54,10.12,5.55,8.46,32.87,17.06,0.42,0.83,0.14,2.08,6.10,2.50,0,0.55,2.77
95YY21,791,77,103,45,67,257,105,11,13,0,35,31,14,0,9,24,9.73,13.02,5.69,8.47,32.49,13.27,1.39,1.64,0,4.42,3.92,1.77,0,1.14,3.03
95ZZ01,994,98,123,63,103,254,104,26,18,3,78,53,39,0,5,27,9.86,12.37,6.34,10.36,25.55,10.46,2.62,1.81,0.30,7.85,5.33,3.92,0,0.50,2.72
95ZZ02,751,66,128,50,53,82,64,12,15,2,153,70,24,0,4,28,8.79,17.04,6.66,7.06,10.92,8.52,1.60,2.00,0.27,20.37,9.32,3.20,0,0.53,3.73
95ZZ03,884,141,191,57,58,122,74,19,19,0,88,49,26,0,6,34,15.95,21.61,6.45,6.56,13.80,8.37,2.15,2.15,0,9.95,5.54,2.94,0,0.68,3.85
95ZZ04,911,96,113,49,78,229,121,15,11,2,64,56,26,0,7,44,10.54,12.40,5.38,8.56,25.14,13.28,1.65,1.21,0.22,7.03,6.15,2.85,0,0.77,4.83
95ZZ05,769,102,108,35,62,192,104,7,13,2,50,35,26,0,9,24,13.26,14.04,4.55,8.06,24.97,13.52,0.91,1.69,0.26,6.50,4.55,3.38,0,1.17,3.12
95ZZ06,786,121,197,31,37,58,44,3,13,1,133,69,31,0,5,43,15.39,25.06,3.94,4.71,7.38,5.60,0.38,1.65,0.13,16.92,8.78,3.94,0,0.64,5.47
95ZZ07,1010,89,158,59,75,243,108,22,26,3,110,51,25,1,3,37,8.81,15.64,5.84,7.43,24.06,10.69,2.18,2.57,0.30,10.89,5.05,2.48,0.10,0.30,3.66
95ZZ08,934,110,160,44,81,204,97,7,14,3,86,45,30,0,12,41,11.78,17.13,4.71,8.67,21.84,10.39,0.75,1.50,0.32,9.21,4.82,3.21,0,1.28,4.39
95ZZ09,881,110,142,44,79,163,85,9,15,5,95,60,26,0,7,41,12.49,16.12,4.99,8.97,18.50,9.65,1.02,1.70,0.57,10.78,6.81,2.95,0,0.79,4.65
95ZZ10,1262,126,272,65,95,269,91,21,30,4,151,54,28,1,10,45,9.98,21.55,5.15,7.53,21.32,7.21,1.66,2.38,0.32,11.97,4.28,2.22,0.08,0.79,3.57
95ZZ11,745,92,91,48,58,218,82,13,7,0,25,49,32,0,11,19,12.35,12.21,6.44,7.79,29.26,11.01,1.74,0.94,0,3.36,6.58,4.30,0,1.48,2.55
95ZZ12,868,80,162,66,75,156,86,24,23,4,86,50,24,0,5,27,9.22,18.66,7.60,8.64,17.97,9.91,2.76,2.65,0.46,9.91,5.76,2.76,0,0.58,3.11
95ZZ13,879,75,107,49,106,215,100,18,20,0,63,44,41,0,6,35,8.53,12.17,5.57,12.06,24.46,11.38,2.05,2.28,0,7.17,5.01,4.66,0,0.68,3.98
95ZZ14,1111,61,154,54,123,259,124,20,18,2,159,62,44,0,5,26,5.49,13.86,4.86,11.07,23.31,11.16,1.80,1.62,0.18,14.31,5.58,3.96,0,0.45,2.34
95ZZ15,804,70,95,57,94,204,105,16,14,3,55,43,15,0,4,29,8.71,11.82,7.09,11.69,25.37,13.06,1.99,1.74,0.37,6.84,5.35,1.87,0,0.50,3.61
95ZZ16,1228,118,225,60,87,269,98,28,27,3,148,77,44,0,4,40,9.61,18.32,4.89,7.08,21.91,7.98,2.28,2.20,0.24,12.05,6.27,3.58,0,0.33,3.26
