GeographyCode,LC6108NI0001,LC6108NI0002,LC6108NI0003,LC6108NI0004,LC6108NI0005,LC6108NI0006,LC6108NI0007,LC6108NI0008,LC6108NI0009,LC6108NI0010,LC6108NI0011,LC6108NI0012,LC6108NI0013,LC6108NI0014,LC6108NI0015,LC6108NI0016,LC6108NI0017,LC6108NI0018,LC6108NI0019,LC6108NI0020,LC6108NI0021
95AA01,3177,1666,1511,2473,1420,1053,443,90,353,1529,999,530,371,274,97,130,57,73,704,246,458
95AA02,1319,658,661,892,471,421,211,34,177,551,346,205,64,45,19,66,46,20,427,187,240
95AA03,1317,611,706,840,431,409,223,54,169,504,300,204,48,37,11,65,40,25,477,180,297
95AA04,2227,1155,1072,1660,909,751,386,85,301,817,487,330,367,276,91,90,61,29,567,246,321
95AA05,1924,959,965,1362,713,649,273,42,231,770,426,344,233,189,44,86,56,30,562,246,316
95AA06,3133,1493,1640,2258,1132,1126,610,109,501,1247,738,509,236,184,52,165,101,64,875,361,514
95AA07,1592,795,797,1112,600,512,237,46,191,592,340,252,217,169,48,66,45,21,480,195,285
95AA08,1262,603,659,804,404,400,218,47,171,439,258,181,43,30,13,104,69,35,458,199,259
95AA09,1595,750,845,1015,513,502,267,69,198,578,336,242,70,49,21,100,59,41,580,237,343
95AA10,1461,694,767,900,457,443,230,57,173,496,284,212,81,60,21,93,56,37,561,237,324
95AA11,3834,1908,1926,2934,1543,1391,596,147,449,1949,1133,816,255,179,76,134,84,50,900,365,535
95AA12,2037,1034,1003,1495,818,677,330,62,268,791,475,316,338,257,81,36,24,12,542,216,326
95AA13,2339,1141,1198,1681,865,816,332,56,276,1013,567,446,228,168,60,108,74,34,658,276,382
95AA14,1678,823,855,1215,640,575,283,52,231,636,362,274,232,179,53,64,47,17,463,183,280
95AA15,3028,1462,1566,2276,1153,1123,482,104,378,1461,842,619,172,111,61,161,96,65,752,309,443
95AA16,1351,649,702,896,477,419,216,45,171,561,348,213,51,38,13,68,46,22,455,172,283
95AA17,1614,777,837,1117,570,547,266,61,205,662,385,277,81,63,18,108,61,47,497,207,290
95AA18,1821,885,936,1160,623,537,239,59,180,663,374,289,221,163,58,37,27,10,661,262,399
95AA19,1888,936,952,1271,686,585,271,43,228,665,370,295,250,219,31,85,54,31,617,250,367
95BB01,2650,1310,1340,1976,1020,956,457,81,376,1120,649,471,301,225,76,98,65,33,674,290,384
95BB02,1711,864,847,1037,553,484,253,48,205,553,335,218,123,99,24,108,71,37,674,311,363
95BB03,3080,1504,1576,1861,987,874,401,67,334,1032,597,435,277,217,60,151,106,45,1219,517,702
95BB04,2287,1120,1167,1429,760,669,350,71,279,761,463,298,215,159,56,103,67,36,858,360,498
95BB05,2559,1263,1296,1784,922,862,406,64,342,869,490,379,421,313,108,88,55,33,775,341,434
95BB06,2163,1077,1086,1353,704,649,304,61,243,779,449,330,111,80,31,159,114,45,810,373,437
95BB07,2136,1033,1103,1414,711,703,339,65,274,788,449,339,175,123,52,112,74,38,722,322,400
95BB08,1938,916,1022,1317,668,649,332,46,286,767,461,306,133,96,37,85,65,20,621,248,373
95BB09,2293,1146,1147,1604,836,768,378,84,294,943,549,394,213,156,57,70,47,23,689,310,379
95BB10,2465,1200,1265,1583,825,758,345,80,265,824,455,369,324,225,99,90,65,25,882,375,507
95BB11,2152,1032,1120,1330,672,658,357,71,286,715,427,288,146,105,41,112,69,43,822,360,462
95BB12,2025,939,1086,1255,631,624,349,78,271,645,385,260,144,98,46,117,70,47,770,308,462
95BB13,3277,1585,1692,2263,1140,1123,589,117,472,1262,738,524,252,186,66,160,99,61,1014,445,569
95BB14,2283,1139,1144,1603,842,761,338,57,281,835,466,369,373,277,96,57,42,15,680,297,383
95BB15,2527,1251,1276,1685,909,776,333,61,272,838,464,374,375,294,81,139,90,49,842,342,500
95BB16,2328,1199,1129,1603,902,701,345,67,278,864,532,332,349,267,82,45,36,9,725,297,428
95BB17,2532,1196,1336,1823,919,904,441,73,368,1001,584,417,261,187,74,120,75,45,709,277,432
95BB18,3015,1451,1564,2042,1061,981,431,61,370,1161,682,479,346,255,91,104,63,41,973,390,583
95BB19,3491,1721,1770,2627,1348,1279,693,145,548,1545,946,599,259,178,81,130,79,51,864,373,491
95BB20,2495,1279,1216,1537,836,701,318,61,257,724,378,346,313,257,56,182,140,42,958,443,515
95BB21,3420,1680,1740,2209,1148,1061,516,85,431,1140,642,498,401,323,78,152,98,54,1211,532,679
95BB22,2146,982,1164,1432,710,722,357,57,300,770,456,314,131,99,32,174,98,76,714,272,442
95BB23,2317,1145,1172,1604,855,749,422,102,320,907,557,350,203,145,58,72,51,21,713,290,423
95CC01,1864,929,935,1145,590,555,261,64,197,594,320,274,139,105,34,151,101,50,719,339,380
95CC02,1971,1035,936,1400,776,624,292,66,226,666,361,305,329,267,62,113,82,31,571,259,312
95CC03,1989,963,1026,1199,613,586,306,70,236,584,333,251,105,85,20,204,125,79,790,350,440
95CC04,1699,888,811,1164,659,505,269,61,208,540,318,222,265,220,45,90,60,30,535,229,306
95CC05,1935,979,956,1314,752,562,272,55,217,685,426,259,255,202,53,102,69,33,621,227,394
95CC06,2003,931,1072,1391,694,697,286,61,225,808,423,385,170,127,43,127,83,44,612,237,375
95CC07,2417,1229,1188,1623,897,726,353,82,271,769,420,349,352,298,54,149,97,52,794,332,462
95CC08,1783,845,938,1110,587,523,247,57,190,573,320,253,124,102,22,166,108,58,673,258,415
95CC09,2490,1265,1225,1809,1000,809,354,62,292,1004,608,396,364,272,92,87,58,29,681,265,416
95CC10,1889,1000,889,1326,768,558,256,57,199,712,434,278,275,214,61,83,63,20,563,232,331
95CC11,1334,662,672,794,422,372,172,48,124,396,205,191,102,85,17,124,84,40,540,240,300
95CC12,1965,1021,944,1367,758,609,301,57,244,681,397,284,300,245,55,85,59,26,598,263,335
95CC13,1784,925,859,1275,713,562,298,74,224,621,360,261,267,220,47,89,59,30,509,212,297
95CC14,2160,1078,1082,1526,806,720,360,62,298,853,511,342,236,184,52,77,49,28,634,272,362
95CC15,2065,1053,1012,1411,782,629,304,60,244,773,477,296,241,177,64,93,68,25,654,271,383
95CC16,1964,962,1002,1300,687,613,322,61,261,698,421,277,197,154,43,83,51,32,664,275,389
95CC17,2001,1057,944,1451,802,649,313,57,256,708,415,293,316,251,65,114,79,35,550,255,295
95CC18,1712,811,901,1125,572,553,244,52,192,651,365,286,154,110,44,76,45,31,587,239,348
95CC19,1910,971,939,1345,736,609,303,55,248,680,395,285,300,241,59,62,45,17,565,235,330
95CC20,2198,1080,1118,1541,801,740,343,51,292,930,572,358,182,128,54,86,50,36,657,279,378
95CC21,2120,1062,1058,1470,802,668,319,61,258,886,568,318,179,121,58,86,52,34,650,260,390
95CC22,1291,645,646,825,445,380,198,47,151,491,306,185,58,45,13,78,47,31,466,200,266
95DD01,1527,744,783,939,502,437,219,53,166,560,341,219,118,87,31,42,21,21,588,242,346
95DD02,2831,1380,1451,2076,1068,1008,449,79,370,1293,767,526,218,154,64,116,68,48,755,312,443
95DD03,2537,1190,1347,1819,912,907,364,59,305,1150,667,483,233,145,88,72,41,31,718,278,440
95DD04,1377,635,742,824,421,403,228,37,191,427,266,161,49,35,14,120,83,37,553,214,339
95DD05,1286,600,686,774,402,372,225,48,177,395,255,140,54,35,19,100,64,36,512,198,314
95DD06,1870,923,947,1235,659,576,270,57,213,752,457,295,145,103,42,68,42,26,635,264,371
95DD07,2379,1154,1225,1587,855,732,372,64,308,945,597,348,188,146,42,82,48,34,792,299,493
95DD08,1596,830,766,1049,581,468,224,56,168,650,394,256,69,53,16,106,78,28,547,249,298
95DD09,1863,961,902,1329,756,573,284,50,234,684,421,263,308,245,63,53,40,13,534,205,329
95DD10,2073,1006,1067,1400,731,669,318,52,266,829,509,320,130,90,40,123,80,43,673,275,398
95DD11,1628,762,866,1055,543,512,238,46,192,609,351,258,71,53,18,137,93,44,573,219,354
95DD12,1857,983,874,1324,774,550,287,47,240,670,430,240,311,261,50,56,36,20,533,209,324
95DD13,1262,655,607,813,451,362,175,37,138,475,283,192,77,67,10,86,64,22,449,204,245
95DD14,2369,1150,1219,1723,889,834,386,73,313,1029,618,411,234,156,78,74,42,32,646,261,385
95DD15,2459,1232,1227,1802,986,816,364,56,308,986,579,407,344,285,59,108,66,42,657,246,411
95DD16,2166,1132,1034,1615,901,714,362,66,296,832,510,322,354,279,75,67,46,21,551,231,320
95DD17,2469,1254,1215,1815,985,830,385,67,318,920,519,401,415,334,81,95,65,30,654,269,385
95DD18,1403,689,714,899,470,429,213,48,165,506,304,202,101,69,32,79,49,30,504,219,285
95DD19,2429,1193,1236,1714,899,815,394,79,315,981,569,412,244,185,59,95,66,29,715,294,421
95DD20,1296,648,648,773,418,355,206,42,164,419,271,148,41,29,12,107,76,31,523,230,293
95DD21,1579,766,813,1138,583,555,262,57,205,677,388,289,111,85,26,88,53,35,441,183,258
95DD22,2274,1151,1123,1541,843,698,327,60,267,816,478,338,323,257,66,75,48,27,733,308,425
95DD23,1810,955,855,1354,766,588,300,59,241,648,385,263,363,295,68,43,27,16,456,189,267
95DD24,1997,998,999,1422,766,656,325,69,256,843,522,321,146,98,48,108,77,31,575,232,343
95EE01,1339,679,660,872,486,386,142,20,122,419,223,196,224,183,41,87,60,27,467,193,274
95EE02,1539,784,755,1035,578,457,219,50,169,523,312,211,194,146,48,99,70,29,504,206,298
95EE03,1488,712,776,912,484,428,201,46,155,517,301,216,97,74,23,97,63,34,576,228,348
95EE04,1463,725,738,986,516,470,189,27,162,556,306,250,159,127,32,82,56,26,477,209,268
95EE05,1136,587,549,755,423,332,161,24,137,365,227,138,173,132,41,56,40,16,381,164,217
95EE06,1587,793,794,1071,583,488,204,35,169,558,302,256,212,176,36,97,70,27,516,210,306
95EE07,1258,582,676,780,402,378,191,41,150,424,244,180,87,65,22,78,52,26,478,180,298
95EE08,1242,606,636,792,424,368,156,27,129,459,274,185,105,69,36,72,54,18,450,182,268
95EE09,1358,708,650,915,529,386,204,50,154,443,262,181,208,173,35,60,44,16,443,179,264
95EE10,1292,666,626,878,511,367,164,36,128,471,275,196,168,141,27,75,59,16,414,155,259
95EE11,1232,643,589,820,474,346,144,27,117,404,232,172,228,184,44,44,31,13,412,169,243
95EE12,1862,874,988,1197,623,574,265,49,216,638,364,274,121,89,32,173,121,52,665,251,414
95EE13,1102,569,533,602,350,252,134,41,93,319,200,119,86,59,27,63,50,13,500,219,281
95EE14,1922,956,966,1278,685,593,280,58,222,685,415,270,202,143,59,111,69,42,644,271,373
95EE15,1256,654,602,851,479,372,178,32,146,392,237,155,212,169,43,69,41,28,405,175,230
95EE16,1482,760,722,996,537,459,223,36,187,499,290,209,223,178,45,51,33,18,486,223,263
95FF01,3432,1695,1737,2562,1338,1224,566,114,452,1546,918,628,318,230,88,132,76,56,870,357,513
95FF02,1957,1032,925,1410,814,596,290,52,238,644,364,280,375,314,61,101,84,17,547,218,329
95FF03,2182,1049,1133,1571,813,758,382,89,293,926,543,383,150,117,33,113,64,49,611,236,375
95FF04,1866,944,922,1370,745,625,293,49,244,639,355,284,358,282,76,80,59,21,496,199,297
95FF05,1835,895,940,1236,654,582,248,45,203,749,426,323,142,107,35,97,76,21,599,241,358
95FF06,2855,1419,1436,2158,1125,1033,466,84,382,1306,789,517,286,190,96,100,62,38,697,294,403
95FF07,1953,908,1045,1257,644,613,322,52,270,644,379,265,120,98,22,171,115,56,696,264,432
95FF08,1697,838,859,1080,573,507,248,55,193,598,360,238,132,92,40,102,66,36,617,265,352
95FF09,1795,903,892,1144,635,509,230,45,185,652,399,253,167,127,40,95,64,31,651,268,383
95FF10,2491,1263,1228,1844,984,860,356,45,311,985,563,422,403,313,90,100,63,37,647,279,368
95FF11,1852,962,890,1353,755,598,259,43,216,702,409,293,331,259,72,61,44,17,499,207,292
95FF12,2046,1024,1022,1425,767,658,296,63,233,828,489,339,221,163,58,80,52,28,621,257,364
95FF13,1935,964,971,1356,741,615,281,56,225,707,408,299,300,231,69,68,46,22,579,223,356
95FF14,1754,907,847,1243,686,557,233,41,192,673,400,273,288,216,72,49,29,20,511,221,290
95FF15,1896,958,938,1238,676,562,286,59,227,690,421,269,169,135,34,93,61,32,658,282,376
95FF16,1711,893,818,1150,629,521,254,43,211,685,427,258,150,118,32,61,41,20,561,264,297
95FF17,1298,626,672,790,411,379,169,27,142,473,281,192,85,60,25,63,43,20,508,215,293
95GG01,3566,1688,1878,2037,1013,1024,572,139,433,1048,548,500,185,148,37,232,178,54,1529,675,854
95GG02,4177,1910,2267,2044,1021,1023,700,180,520,789,462,327,86,66,20,469,313,156,2133,889,1244
95GG03,4409,2127,2282,3220,1631,1589,669,167,502,2008,1113,895,400,259,141,143,92,51,1189,496,693
95GG04,3584,1729,1855,1948,1015,933,533,119,414,1008,619,389,88,66,22,319,211,108,1636,714,922
95GG05,4793,2461,2332,3786,1984,1802,695,236,459,2459,1342,1117,327,203,124,305,203,102,1007,477,530
95GG06,4081,1917,2164,2694,1342,1352,715,157,558,1557,893,664,165,123,42,257,169,88,1387,575,812
95GG07,3968,1819,2149,2293,1099,1194,715,165,550,1152,648,504,107,87,20,319,199,120,1675,720,955
95GG08,3548,1707,1841,2343,1197,1146,605,139,466,1266,732,534,214,163,51,258,163,95,1205,510,695
95GG09,4463,2133,2330,3074,1551,1523,709,148,561,1873,1071,802,310,214,96,182,118,64,1389,582,807
95GG10,3171,1632,1539,2125,1158,967,524,161,363,1237,743,494,83,63,20,281,191,90,1046,474,572
95GG11,4185,2079,2106,2933,1525,1408,573,139,434,1839,1037,802,242,176,66,279,173,106,1252,554,698
95GG12,7945,4124,3821,5236,2663,2573,2211,834,1377,2113,1275,838,237,158,79,675,396,279,2709,1461,1248
95GG13,3383,1617,1766,2259,1129,1130,530,107,423,1267,701,566,226,162,64,236,159,77,1124,488,636
95GG14,3494,1691,1803,2499,1276,1223,613,139,474,1447,832,615,308,221,87,131,84,47,995,415,580
95GG15,4071,1906,2165,2900,1434,1466,572,117,455,1804,983,821,378,246,132,146,88,58,1171,472,699
95GG16,3991,2013,1978,2692,1417,1275,663,181,482,1523,880,643,218,155,63,288,201,87,1299,596,703
95GG17,3757,1784,1973,2270,1174,1096,631,157,474,1166,668,498,184,148,36,289,201,88,1487,610,877
95GG18,3574,1706,1868,1932,990,942,550,137,413,984,568,416,77,60,17,321,225,96,1642,716,926
95GG19,3167,1474,1693,1454,757,697,437,103,334,688,431,257,72,52,20,257,171,86,1713,717,996
95GG20,3666,1906,1760,2136,1194,942,545,154,391,1143,720,423,147,106,41,301,214,87,1530,712,818
95GG21,3821,1846,1975,1844,948,896,546,134,412,855,512,343,70,60,10,373,242,131,1977,898,1079
95GG22,3857,1822,2035,2362,1185,1177,692,184,508,1203,676,527,203,154,49,264,171,93,1495,637,858
95GG23,3338,1573,1765,2312,1156,1156,578,131,447,1344,756,588,260,193,67,130,76,54,1026,417,609
95GG24,3255,1515,1740,2167,1087,1080,560,139,421,1251,692,559,217,161,56,139,95,44,1088,428,660
95GG25,4008,1961,2047,2483,1261,1222,793,216,577,1248,723,525,161,131,30,281,191,90,1525,700,825
95GG26,2645,1237,1408,1496,775,721,421,87,334,793,477,316,78,66,12,204,145,59,1149,462,687
95GG27,4734,2327,2407,2840,1479,1361,851,192,659,1350,820,530,215,171,44,424,296,128,1894,848,1046
95GG28,4039,1915,2124,2610,1321,1289,717,127,590,1475,902,573,177,141,36,241,151,90,1429,594,835
95GG29,3704,1775,1929,2489,1293,1196,483,103,380,1637,941,696,142,93,49,227,156,71,1215,482,733
95GG30,3467,1653,1814,2408,1246,1162,606,113,493,1432,874,558,263,179,84,107,80,27,1059,407,652
95GG31,4820,2253,2567,2918,1460,1458,813,180,633,1511,866,645,252,190,62,342,224,118,1902,793,1109
95GG32,4513,2139,2374,2774,1415,1359,730,158,572,1544,917,627,200,155,45,300,185,115,1739,724,1015
95GG33,4066,1995,2071,2868,1503,1365,507,146,361,1585,854,731,641,432,209,135,71,64,1198,492,706
95GG34,3644,1756,1888,2578,1304,1274,588,148,440,1557,862,695,249,182,67,184,112,72,1066,452,614
95GG35,3613,1774,1839,1771,917,854,540,146,394,817,484,333,83,60,23,331,227,104,1842,857,985
95GG36,4080,1981,2099,3041,1577,1464,694,169,525,1880,1090,790,333,233,100,134,85,49,1039,404,635
95GG37,4686,2295,2391,3664,1905,1759,569,147,422,2513,1376,1137,376,247,129,206,135,71,1022,390,632
95GG38,4917,2306,2611,3779,1838,1941,633,146,487,2463,1253,1210,489,324,165,194,115,79,1138,468,670
95GG39,5725,3043,2682,3474,2001,1473,714,213,501,2136,1350,786,227,167,60,397,271,126,2251,1042,1209
95GG40,2672,1243,1429,1307,677,630,394,72,322,598,376,222,65,58,7,250,171,79,1365,566,799
95GG41,3833,1895,1938,2567,1341,1226,564,121,443,1481,864,617,426,299,127,96,57,39,1266,554,712
95GG42,6677,3187,3490,4476,2236,2240,1504,537,967,2077,1157,920,536,370,166,359,172,187,2201,951,1250
95GG43,3689,1809,1880,2570,1344,1226,565,118,447,1629,949,680,189,140,49,187,137,50,1119,465,654
95GG44,4236,2167,2069,2627,1399,1228,606,170,436,1571,930,641,128,84,44,322,215,107,1609,768,841
95GG45,3392,1601,1791,2150,1091,1059,478,97,381,1264,725,539,258,174,84,150,95,55,1242,510,732
95GG46,3793,1769,2024,1926,971,955,636,155,481,787,465,322,109,81,28,394,270,124,1867,798,1069
95GG47,4310,2232,2078,2408,1335,1073,572,171,401,1203,716,487,162,126,36,471,322,149,1902,897,1005
95GG48,3863,1761,2102,1842,890,952,667,158,509,741,442,299,70,51,19,364,239,125,2021,871,1150
95GG49,7133,3539,3594,4734,2402,2332,1477,548,929,2516,1403,1113,328,200,128,413,251,162,2399,1137,1262
95GG50,4167,2037,2130,2769,1443,1326,531,129,402,1713,974,739,171,114,57,354,226,128,1398,594,804
95GG51,2919,1441,1478,1537,827,710,479,125,354,747,492,255,60,42,18,251,168,83,1382,614,768
95HH01,1461,731,730,921,486,435,212,39,173,549,336,213,87,67,20,73,44,29,540,245,295
95HH02,2190,1077,1113,1601,824,777,415,79,336,962,586,376,146,108,38,78,51,27,589,253,336
95HH03,1194,590,604,728,380,348,159,26,133,420,254,166,97,74,23,52,26,26,466,210,256
95HH04,2381,1165,1216,1690,869,821,417,83,334,1036,635,401,140,98,42,97,53,44,691,296,395
95HH05,1544,717,827,1009,507,502,259,52,207,563,345,218,60,37,23,127,73,54,535,210,325
95HH06,3471,1721,1750,2644,1382,1262,634,108,526,1586,992,594,274,189,85,150,93,57,827,339,488
95HH07,1095,538,557,721,376,345,172,27,145,412,261,151,51,38,13,86,50,36,374,162,212
95HH08,1947,940,1007,1379,704,675,274,56,218,855,484,371,182,122,60,68,42,26,568,236,332
95HH09,1973,987,986,1216,654,562,248,64,184,746,435,311,97,76,21,125,79,46,757,333,424
95HH10,1769,867,902,1285,657,628,297,68,229,778,456,322,146,93,53,64,40,24,484,210,274
95HH11,998,448,550,637,314,323,165,30,135,346,204,142,37,24,13,89,56,33,361,134,227
95HH12,1183,558,625,769,388,381,171,24,147,471,272,199,63,50,13,64,42,22,414,170,244
95HH13,991,454,537,620,320,300,167,26,141,333,220,113,36,27,9,84,47,37,371,134,237
95HH14,1128,550,578,654,345,309,155,33,122,368,220,148,33,27,6,98,65,33,474,205,269
95HH15,1917,891,1026,1358,664,694,365,69,296,802,463,339,106,76,30,85,56,29,559,227,332
95HH16,1556,755,801,1026,528,498,214,41,173,601,349,252,143,89,54,68,49,19,530,227,303
95HH17,1859,916,943,1338,701,637,294,53,241,770,458,312,190,146,44,84,44,40,521,215,306
95II01,2327,1143,1184,1572,839,733,389,80,309,907,557,350,222,162,60,54,40,14,755,304,451
95II02,3542,1792,1750,2360,1223,1137,526,120,406,1445,845,600,257,178,79,132,80,52,1182,569,613
95II03,2626,1255,1371,1993,988,1005,439,76,363,1290,727,563,207,148,59,57,37,20,633,267,366
95II04,3176,1523,1653,2304,1161,1143,563,103,460,1401,814,587,198,157,41,142,87,55,872,362,510
95II05,2476,1186,1290,1756,870,886,440,105,335,1052,587,465,181,128,53,83,50,33,720,316,404
95II06,2490,1183,1307,1832,911,921,394,88,306,1155,629,526,202,146,56,81,48,33,658,272,386
95II07,1477,715,762,914,486,428,236,45,191,517,324,193,69,55,14,92,62,30,563,229,334
95II08,1721,831,890,1243,637,606,290,68,222,767,438,329,119,83,36,67,48,19,478,194,284
95II09,2408,1173,1235,1796,926,870,418,86,332,1165,683,482,144,109,35,69,48,21,612,247,365
95II10,1927,922,1005,1233,619,614,331,61,270,703,406,297,85,72,13,114,80,34,694,303,391
95II11,1889,898,991,1362,671,691,291,56,235,887,491,396,132,94,38,52,30,22,527,227,300
95II12,1691,821,870,1200,616,584,268,45,223,739,444,295,141,93,48,52,34,18,491,205,286
95II13,1928,917,1011,1313,670,643,329,65,264,747,428,319,124,98,26,113,79,34,615,247,368
95II14,1821,888,933,1267,658,609,271,60,211,805,463,342,147,104,43,44,31,13,554,230,324
95II15,2407,1160,1247,1766,888,878,347,64,283,1128,632,496,200,137,63,91,55,36,641,272,369
95II16,1495,723,772,1001,505,496,256,54,202,605,361,244,65,42,23,75,48,27,494,218,276
95II17,1768,870,898,1217,647,570,303,57,246,706,439,267,123,90,33,85,61,24,551,223,328
95II18,1603,767,836,1030,518,512,242,53,189,636,363,273,65,46,19,87,56,31,573,249,324
95II19,2801,1422,1379,1999,1078,921,485,103,382,1110,673,437,322,242,80,82,60,22,802,344,458
95II20,2016,930,1086,1485,710,775,272,64,208,1014,510,504,120,89,31,79,47,32,531,220,311
95II21,1748,799,949,1122,553,569,311,55,256,622,365,257,83,66,17,106,67,39,626,246,380
95II22,1652,787,865,1108,558,550,282,65,217,637,358,279,130,97,33,59,38,21,544,229,315
95II23,1562,732,830,1109,546,563,256,74,182,682,351,331,121,84,37,50,37,13,453,186,267
95JJ01,1827,943,884,1282,706,576,247,45,202,651,369,282,312,240,72,72,52,20,545,237,308
95JJ02,1787,868,919,1075,580,495,261,68,193,528,318,210,175,122,53,111,72,39,712,288,424
95JJ03,1760,820,940,1074,560,514,326,81,245,504,328,176,87,60,27,157,91,66,686,260,426
95JJ04,2277,1123,1154,1443,779,664,308,77,231,765,443,322,243,169,74,127,90,37,834,344,490
95JJ05,1346,689,657,774,435,339,195,59,136,417,270,147,66,47,19,96,59,37,572,254,318
95JJ06,1723,841,882,1034,555,479,279,78,201,554,349,205,77,50,27,124,78,46,689,286,403
95JJ07,1869,836,1033,1161,572,589,366,86,280,572,342,230,75,48,27,148,96,52,708,264,444
95JJ08,2477,1179,1298,1636,843,793,480,125,355,717,416,301,301,215,86,138,87,51,841,336,505
95JJ09,1488,765,723,937,526,411,211,51,160,428,245,183,247,191,56,51,39,12,551,239,312
95JJ10,1919,984,935,1266,749,517,274,67,207,591,366,225,282,230,52,119,86,33,653,235,418
95JJ11,2683,1256,1427,1704,853,851,423,106,317,914,516,398,239,156,83,128,75,53,979,403,576
95JJ12,1905,948,957,1267,717,550,270,63,207,622,359,263,250,203,47,125,92,33,638,231,407
95JJ13,2871,1385,1486,2042,1072,970,515,127,388,1166,698,468,236,168,68,125,79,46,829,313,516
95JJ14,1700,840,860,1147,617,530,280,74,206,546,308,238,247,187,60,74,48,26,553,223,330
95JJ15,1332,664,668,851,456,395,182,44,138,482,282,200,114,81,33,73,49,24,481,208,273
95JJ16,1345,665,680,798,430,368,218,75,143,376,219,157,118,82,36,86,54,32,547,235,312
95JJ17,1747,911,836,1175,682,493,231,47,184,549,334,215,311,243,68,84,58,26,572,229,343
95JJ18,1522,764,758,928,517,411,218,66,152,460,282,178,155,100,55,95,69,26,594,247,347
95JJ19,2300,1104,1196,1442,708,734,561,173,388,604,352,252,181,125,56,96,58,38,858,396,462
95JJ20,3037,1445,1592,2091,1064,1027,507,110,397,1197,697,500,211,155,56,176,102,74,946,381,565
95JJ21,2300,1063,1237,1352,632,720,518,142,376,494,294,200,115,82,33,225,114,111,948,431,517
95JJ22,2062,988,1074,1316,667,649,337,78,259,720,422,298,166,117,49,93,50,43,746,321,425
95KK01,1869,948,921,1108,635,473,255,56,199,494,288,206,238,198,40,121,93,28,761,313,448
95KK02,1450,723,727,963,531,432,220,46,174,493,295,198,200,154,46,50,36,14,487,192,295
95KK03,1635,825,810,1092,597,495,243,64,179,494,249,245,254,216,38,101,68,33,543,228,315
95KK04,2061,980,1081,1320,686,634,322,69,253,712,422,290,149,119,30,137,76,61,741,294,447
95KK05,1884,971,913,1205,684,521,253,61,192,588,328,260,263,227,36,101,68,33,679,287,392
95KK06,1431,678,753,876,453,423,202,35,167,507,307,200,85,64,21,82,47,35,555,225,330
95KK07,1472,776,696,995,579,416,213,44,169,510,322,188,227,186,41,45,27,18,477,197,280
95KK08,1807,891,916,1231,676,555,258,55,203,707,420,287,196,155,41,70,46,24,576,215,361
95KK09,1602,807,795,1053,593,460,210,50,160,621,391,230,127,90,37,95,62,33,549,214,335
95KK10,1536,808,728,1082,630,452,261,64,197,517,332,185,255,204,51,49,30,19,454,178,276
95KK11,1725,837,888,1115,588,527,283,65,218,602,372,230,109,76,33,121,75,46,610,249,361
95KK12,1669,833,836,1091,602,489,243,65,178,519,289,230,214,176,38,115,72,43,578,231,347
95KK13,1347,688,659,863,489,374,222,43,179,365,237,128,219,174,45,57,35,22,484,199,285
95KK14,1504,730,774,933,484,449,215,39,176,451,254,197,188,143,45,79,48,31,571,246,325
95KK15,2047,1018,1029,1440,781,659,299,51,248,751,415,336,294,244,50,96,71,25,607,237,370
95KK16,1606,810,796,1051,561,490,256,72,184,553,331,222,139,103,36,103,55,48,555,249,306
95LL01,3451,1743,1708,2519,1363,1156,582,123,459,1365,821,544,398,312,86,174,107,67,932,380,552
95LL02,2250,1161,1089,1542,868,674,307,81,226,947,584,363,148,110,38,140,93,47,708,293,415
95LL03,1703,832,871,1089,587,502,217,38,179,653,398,255,99,73,26,120,78,42,614,245,369
95LL04,2136,1020,1116,1370,716,654,351,70,281,740,445,295,137,105,32,142,96,46,766,304,462
95LL05,2976,1487,1489,2131,1160,971,495,110,385,1172,721,451,363,262,101,101,67,34,845,327,518
95LL06,2474,1199,1275,1607,837,770,328,54,274,983,573,410,166,127,39,130,83,47,867,362,505
95LL07,1499,742,757,889,507,382,201,43,158,507,345,162,48,31,17,133,88,45,610,235,375
95LL08,2401,1185,1216,1543,794,749,357,81,276,889,518,371,93,68,25,204,127,77,858,391,467
95LL09,2221,1091,1130,1236,666,570,323,59,264,643,411,232,75,60,15,195,136,59,985,425,560
95LL10,3941,1984,1957,2835,1520,1315,690,143,547,1578,949,629,372,301,71,195,127,68,1106,464,642
95LL11,2852,1441,1411,2092,1126,966,405,86,319,1235,732,503,350,256,94,102,52,50,760,315,445
95LL12,2919,1381,1538,1743,901,842,449,97,352,958,560,398,114,90,24,222,154,68,1176,480,696
95LL13,2001,979,1022,1216,648,568,269,63,206,713,429,284,94,60,34,140,96,44,785,331,454
95LL14,2008,989,1019,1110,605,505,317,76,241,540,340,200,82,67,15,171,122,49,898,384,514
95LL15,2226,1109,1117,1373,745,628,328,89,239,841,512,329,133,96,37,71,48,23,853,364,489
95LL16,4445,2142,2303,3222,1659,1563,635,124,511,2121,1218,903,312,222,90,154,95,59,1223,483,740
95LL17,1846,874,972,1180,617,563,256,51,205,724,428,296,117,84,33,83,54,29,666,257,409
95LL18,2411,1148,1263,1601,823,778,369,64,305,981,588,393,168,126,42,83,45,38,810,325,485
95LL19,3717,1820,1897,2687,1409,1278,591,104,487,1584,941,643,360,273,87,152,91,61,1030,411,619
95LL20,1777,890,887,1122,621,501,296,62,234,620,417,203,82,60,22,124,82,42,655,269,386
95LL21,2736,1335,1401,1864,983,881,406,99,307,1132,661,471,165,119,46,161,104,57,872,352,520
95LL22,2702,1354,1348,1815,972,843,502,114,388,975,601,374,128,107,21,210,150,60,887,382,505
95LL23,1559,794,765,922,512,410,217,48,169,564,378,186,62,37,25,79,49,30,637,282,355
95LL24,2680,1363,1317,1965,1083,882,386,75,311,1083,632,451,409,319,90,87,57,30,715,280,435
95LL25,3295,1621,1674,2444,1266,1178,525,86,439,1473,857,616,331,251,80,115,72,43,851,355,496
95LL26,2835,1441,1394,1892,1050,842,415,104,311,1097,658,439,179,138,41,201,150,51,943,391,552
95MM01,3574,1750,1824,2320,1236,1084,546,147,399,1291,753,538,222,163,59,261,173,88,1254,514,740
95MM02,2516,1236,1280,1570,829,741,332,71,261,841,475,366,263,201,62,134,82,52,946,407,539
95MM03,2439,1243,1196,1658,906,752,322,49,273,791,432,359,380,320,60,165,105,60,781,337,444
95MM04,1646,797,849,873,467,406,234,68,166,411,237,174,66,53,13,162,109,53,773,330,443
95MM05,1812,878,934,859,448,411,264,82,182,312,176,136,66,51,15,217,139,78,953,430,523
95MM06,1906,877,1029,1016,521,495,324,73,251,434,259,175,98,83,15,160,106,54,890,356,534
95MM07,1863,879,984,1108,563,545,293,75,218,583,338,245,109,82,27,123,68,55,755,316,439
95MM08,2175,1089,1086,1290,678,612,311,77,234,675,393,282,158,118,40,146,90,56,885,411,474
95MM09,2496,1265,1231,1583,868,715,341,72,269,776,441,335,317,261,56,149,94,55,913,397,516
95MM10,1971,891,1080,968,479,489,300,78,222,352,195,157,65,46,19,251,160,91,1003,412,591
95MM11,1594,737,857,796,403,393,237,56,181,300,170,130,48,34,14,211,143,68,798,334,464
95MM12,4081,1866,2215,2395,1203,1192,707,194,513,1034,582,452,273,209,64,381,218,163,1686,663,1023
95MM13,6032,2806,3226,3759,1917,1842,1001,260,741,1883,1055,828,392,307,85,483,295,188,2273,889,1384
95MM14,1770,883,887,1016,534,482,235,77,158,530,310,220,94,61,33,157,86,71,754,349,405
95MM15,3130,1570,1560,2065,1088,977,459,123,336,1131,641,490,286,211,75,189,113,76,1065,482,583
95MM16,4041,1940,2101,2744,1404,1340,574,151,423,1567,845,722,346,243,103,257,165,92,1297,536,761
95MM17,2885,1437,1448,1881,1028,853,473,157,316,971,569,402,195,147,48,242,155,87,1004,409,595
95MM18,3702,1812,1890,2525,1337,1188,585,136,449,1346,786,560,358,275,83,236,140,96,1177,475,702
95MM19,2363,1154,1209,1604,833,771,374,108,266,967,535,432,126,100,26,137,90,47,759,321,438
95MM20,2425,1163,1262,1445,773,672,360,101,259,793,463,330,104,83,21,188,126,62,980,390,590
95MM21,2519,1213,1306,1685,887,798,402,99,303,928,542,386,205,148,57,150,98,52,834,326,508
95MM22,1888,921,967,1078,564,514,261,82,179,585,319,266,118,90,28,114,73,41,810,357,453
95MM23,2002,1090,912,1179,673,506,255,78,177,553,339,214,93,70,23,278,186,92,823,417,406
95MM24,1802,835,967,852,441,411,255,74,181,317,187,130,68,53,15,212,127,85,950,394,556
95MM25,4314,1957,2357,2483,1264,1219,723,192,531,1104,645,459,206,161,45,450,266,184,1831,693,1138
95MM26,2422,1158,1264,1483,760,723,381,99,282,746,425,321,137,106,31,219,130,89,939,398,541
95MM27,3207,1717,1490,1833,1019,814,543,188,355,688,420,268,141,97,44,461,314,147,1374,698,676
95MM28,1805,993,812,976,564,412,262,87,175,429,272,157,58,44,14,227,161,66,829,429,400
95MM29,2504,1253,1251,1610,848,762,355,91,264,811,457,354,155,108,47,289,192,97,894,405,489
95MM30,1525,768,757,793,441,352,185,61,124,312,177,135,110,80,30,186,123,63,732,327,405
95NN01,2287,1160,1127,1433,767,666,356,87,269,666,354,312,262,212,50,149,114,35,854,393,461
95NN02,1644,776,868,1104,542,562,235,58,177,668,343,325,118,89,29,83,52,31,540,234,306
95NN03,2079,1007,1072,1417,735,682,318,54,264,795,461,334,174,131,43,130,89,41,662,272,390
95NN04,2027,982,1045,1227,622,605,293,68,225,648,358,290,113,87,26,173,109,64,800,360,440
95NN05,1796,861,935,1199,593,606,285,50,235,654,347,307,163,128,35,97,68,29,597,268,329
95NN06,2420,1200,1220,1609,831,778,374,76,298,821,443,378,267,207,60,147,105,42,811,369,442
95NN07,2353,1127,1226,1515,781,734,414,109,305,771,421,350,176,144,32,154,107,47,838,346,492
95NN08,2417,1205,1212,1693,907,786,389,76,313,883,524,359,325,243,82,96,64,32,724,298,426
95NN09,2202,1116,1086,1576,865,711,321,56,265,805,474,331,371,281,90,79,54,25,626,251,375
95NN10,2269,1117,1152,1430,745,685,358,80,278,726,416,310,235,182,53,111,67,44,839,372,467
95NN11,2792,1389,1403,1967,1038,929,422,83,339,1030,563,467,374,290,84,141,102,39,825,351,474
95NN12,2041,1000,1041,1402,727,675,308,68,240,699,370,329,252,190,62,143,99,44,639,273,366
95NN13,2192,1101,1091,1532,830,702,335,75,260,789,440,349,337,262,75,71,53,18,660,271,389
95NN14,2556,1381,1175,1752,1033,719,369,85,284,980,637,343,268,214,54,135,97,38,804,348,456
95NN15,2130,1041,1089,1412,732,680,292,55,237,815,462,353,168,120,48,137,95,42,718,309,409
95NN16,2336,1174,1162,1659,889,770,374,62,312,818,494,324,395,288,107,72,45,27,677,285,392
95NN17,1616,771,845,988,518,470,248,59,189,455,261,194,160,117,43,125,81,44,628,253,375
95NN18,1967,983,984,1258,675,583,270,77,193,663,364,299,183,137,46,142,97,45,709,308,401
95NN19,2505,1211,1294,1761,890,871,373,57,316,1056,611,445,239,167,72,93,55,38,744,321,423
95NN20,2193,1142,1051,1527,845,682,319,61,258,731,414,317,384,300,84,93,70,23,666,297,369
95NN21,1888,904,984,1193,609,584,294,65,229,558,309,249,216,156,60,125,79,46,695,295,400
95NN22,1968,990,978,1349,726,623,306,66,240,654,363,291,298,235,63,91,62,29,619,264,355
95NN23,2460,1241,1219,1645,887,758,424,88,336,705,397,308,365,297,68,151,105,46,815,354,461
95OO01,1785,930,855,1138,659,479,260,60,200,541,318,223,257,228,29,80,53,27,647,271,376
95OO02,1617,845,772,1170,663,507,249,46,203,598,357,241,247,210,37,76,50,26,447,182,265
95OO03,1850,962,888,1280,730,550,281,57,224,673,439,234,251,194,57,75,40,35,570,232,338
95OO04,1763,886,877,1145,649,496,242,57,185,570,344,226,258,194,64,75,54,21,618,237,381
95OO05,1977,1016,961,1291,700,591,261,64,197,778,473,305,101,73,28,151,90,61,686,316,370
95OO06,2074,1075,999,1497,841,656,305,66,239,767,453,314,328,265,63,97,57,40,577,234,343
95OO07,1803,925,878,1305,718,587,297,60,237,620,352,268,309,255,54,79,51,28,498,207,291
95OO08,1942,1001,941,1337,743,594,307,55,252,647,393,254,291,235,56,92,60,32,605,258,347
95OO09,1585,806,779,1104,618,486,223,52,171,558,325,233,240,195,45,83,46,37,481,188,293
95OO10,2453,1227,1226,1493,825,668,302,71,231,798,475,323,228,175,53,165,104,61,960,402,558
95OO11,1799,881,918,1031,549,482,228,49,179,533,310,223,107,78,29,163,112,51,768,332,436
95OO12,1946,952,994,1260,688,572,273,59,214,692,410,282,187,146,41,108,73,35,686,264,422
95OO13,2032,1032,1000,1491,830,661,328,87,241,964,611,353,101,72,29,98,60,38,541,202,339
95OO14,1837,917,920,1247,679,568,285,75,210,591,329,262,281,223,58,90,52,38,590,238,352
95OO15,1639,820,819,1023,575,448,238,61,177,574,367,207,89,73,16,122,74,48,616,245,371
95OO16,1544,778,766,1047,573,474,206,43,163,577,339,238,189,142,47,75,49,26,497,205,292
95OO17,1966,993,973,1381,762,619,308,59,249,754,463,291,243,186,57,76,54,22,585,231,354
95OO18,2135,1090,1045,1490,800,690,290,58,232,919,554,365,166,117,49,115,71,44,645,290,355
95OO19,2067,1028,1039,1510,807,703,310,62,248,813,472,341,286,214,72,101,59,42,557,221,336
95OO20,1525,739,786,1056,555,501,227,47,180,597,347,250,149,112,37,83,49,34,469,184,285
95OO21,1729,874,855,1103,589,514,248,67,181,635,368,267,119,87,32,101,67,34,626,285,341
95OO22,2247,1167,1080,1482,827,655,334,70,264,729,411,318,289,246,43,130,100,30,765,340,425
95PP01,1850,953,897,1298,706,592,293,76,217,721,418,303,225,172,53,59,40,19,552,247,305
95PP02,1809,959,850,1184,683,501,235,70,165,576,325,251,283,225,58,90,63,27,625,276,349
95PP03,1847,928,919,1185,647,538,238,49,189,557,300,257,268,218,50,122,80,42,662,281,381
95PP04,2258,1145,1113,1570,862,708,367,87,280,774,442,332,361,285,76,68,48,20,688,283,405
95PP05,1685,873,812,1183,664,519,243,58,185,572,316,256,293,229,64,75,61,14,502,209,293
95PP06,2803,1312,1491,1974,968,1006,458,118,340,1154,597,557,220,165,55,142,88,54,829,344,485
95PP07,1988,1010,978,1380,762,618,283,63,220,697,379,318,311,256,55,89,64,25,608,248,360
95PP08,1933,1029,904,1388,790,598,258,61,197,780,466,314,257,203,54,93,60,33,545,239,306
95PP09,1199,594,605,713,383,330,176,56,120,372,213,159,54,41,13,111,73,38,486,211,275
95PP10,1733,899,834,1134,649,485,222,52,170,587,331,256,226,188,38,99,78,21,599,250,349
95PP11,1904,916,988,1171,622,549,295,83,212,609,348,261,154,104,50,113,87,26,733,294,439
95PP12,1841,968,873,1280,717,563,287,50,237,643,382,261,261,220,41,89,65,24,561,251,310
95PP13,1811,889,922,1147,623,524,220,67,153,658,366,292,153,110,43,116,80,36,664,266,398
95PP14,2616,1341,1275,1742,944,798,396,86,310,859,502,357,355,268,87,132,88,44,874,397,477
95PP15,2237,1120,1117,1617,855,762,369,82,287,868,488,380,302,231,71,78,54,24,620,265,355
95PP16,1414,729,685,936,515,421,188,52,136,499,290,209,193,138,55,56,35,21,478,214,264
95PP17,1863,906,957,1137,609,528,230,56,174,632,369,263,138,99,39,137,85,52,726,297,429
95PP18,2286,1177,1109,1614,896,718,322,79,243,845,477,368,347,267,80,100,73,27,672,281,391
95PP19,1792,912,880,1093,616,477,258,60,198,521,318,203,203,157,46,111,81,30,699,296,403
95PP20,2346,1147,1199,1573,834,739,341,103,238,898,491,407,206,158,48,128,82,46,773,313,460
95PP21,1583,854,729,1071,640,431,212,66,146,517,301,216,242,197,45,100,76,24,512,214,298
95PP22,1793,873,920,1186,614,572,307,83,224,643,362,281,155,118,37,81,51,30,607,259,348
95PP23,1874,974,900,1276,722,554,266,61,205,610,350,260,311,251,60,89,60,29,598,252,346
95QQ01,1093,543,550,623,342,281,143,30,113,357,230,127,51,35,16,72,47,25,470,201,269
95QQ02,1938,953,985,1406,717,689,321,52,269,792,464,328,230,162,68,63,39,24,532,236,296
95QQ03,788,361,427,466,228,238,127,20,107,264,153,111,20,15,5,55,40,15,322,133,189
95QQ04,1208,577,631,786,391,395,213,42,171,434,258,176,53,33,20,86,58,28,422,186,236
95QQ05,2128,1029,1099,1469,764,705,316,53,263,873,520,353,200,144,56,80,47,33,659,265,394
95QQ06,1467,747,720,929,517,412,204,32,172,485,302,183,162,130,32,78,53,25,538,230,308
95QQ07,1362,709,653,831,455,376,197,38,159,453,285,168,92,69,23,89,63,26,531,254,277
95QQ08,1070,513,557,611,316,295,155,44,111,366,209,157,30,21,9,60,42,18,459,197,262
95QQ09,1363,655,708,819,436,383,185,49,136,481,289,192,92,60,32,61,38,23,544,219,325
95QQ10,1326,677,649,939,516,423,208,34,174,472,285,187,214,164,50,45,33,12,387,161,226
95QQ11,1481,755,726,1055,571,484,240,43,197,571,345,226,194,150,44,50,33,17,426,184,242
95QQ12,1321,655,666,877,465,412,189,49,140,516,307,209,88,53,35,84,56,28,444,190,254
95QQ13,1949,946,1003,1346,706,640,270,42,228,759,442,317,239,174,65,78,48,30,603,240,363
95QQ14,3892,1886,2006,3044,1554,1490,617,92,525,1873,1089,784,412,294,118,142,79,63,848,332,516
95QQ15,1179,609,570,761,433,328,188,45,143,449,300,149,66,48,18,58,40,18,418,176,242
95RR01,3078,1474,1604,2153,1114,1039,483,89,394,1156,661,495,310,247,63,204,117,87,925,360,565
95RR02,1321,678,643,810,452,358,178,44,134,393,231,162,132,102,30,107,75,32,511,226,285
95RR03,1089,544,545,539,301,238,140,36,104,231,140,91,42,33,9,126,92,34,550,243,307
95RR04,1467,732,735,839,458,381,172,38,134,377,197,180,154,129,25,136,94,42,628,274,354
95RR05,1830,865,965,1072,555,517,263,66,197,563,329,234,105,72,33,141,88,53,758,310,448
95RR06,1603,852,751,997,592,405,202,36,166,426,242,184,239,213,26,130,101,29,606,260,346
95RR07,1828,922,906,1181,635,546,260,49,211,586,332,254,219,171,48,116,83,33,647,287,360
95RR08,1545,794,751,1010,579,431,211,57,154,481,268,213,229,195,34,89,59,30,535,215,320
95RR09,2708,1358,1350,1871,1009,862,351,99,252,1068,581,487,229,186,43,223,143,80,837,349,488
95RR10,982,464,518,487,272,215,108,23,85,214,143,71,31,22,9,134,84,50,495,192,303
95RR11,1823,1176,647,904,528,376,192,54,138,458,278,180,183,148,35,71,48,23,919,648,271
95RR12,1151,591,560,646,347,299,148,34,114,351,203,148,77,58,19,70,52,18,505,244,261
95RR13,1042,529,513,555,301,254,123,28,95,282,169,113,56,42,14,94,62,32,487,228,259
95RR14,1427,730,697,890,498,392,176,40,136,435,230,205,186,161,25,93,67,26,537,232,305
95RR15,1716,849,867,1113,613,500,232,46,186,500,255,245,265,233,32,116,79,37,603,236,367
95SS01,3821,2104,1717,2621,1453,1168,534,120,414,1531,915,616,460,351,109,96,67,29,1200,651,549
95SS02,3066,1480,1586,2134,1096,1038,570,112,458,1236,764,472,234,162,72,94,58,36,932,384,548
95SS03,2505,1305,1200,1743,974,769,418,74,344,805,509,296,464,355,109,56,36,20,762,331,431
95SS04,5541,2644,2897,4173,2086,2087,960,167,793,2598,1509,1089,391,274,117,224,136,88,1368,558,810
95SS05,2538,1266,1272,1803,958,845,395,95,300,1082,635,447,213,155,58,113,73,40,735,308,427
95SS06,3942,1685,2257,1960,943,1017,638,148,490,746,426,320,159,124,35,417,245,172,1982,742,1240
95SS07,6303,2955,3348,4571,2256,2315,1206,220,986,2567,1470,1097,449,324,125,349,242,107,1732,699,1033
95SS08,3363,1668,1695,2389,1279,1110,523,101,422,1298,759,539,452,339,113,116,80,36,974,389,585
95SS09,2454,1191,1263,1744,899,845,348,62,286,923,515,408,404,280,124,69,42,27,710,292,418
95SS10,3257,1594,1663,2402,1211,1191,564,155,409,1449,783,666,246,187,59,143,86,57,855,383,472
95SS11,3978,1984,1994,3035,1610,1425,711,141,570,1670,983,687,472,375,97,182,111,71,943,374,569
95SS12,2225,1072,1153,1489,760,729,357,78,279,876,504,372,156,113,43,100,65,35,736,312,424
95SS13,2158,1061,1097,1454,770,684,318,67,251,894,542,352,99,70,29,143,91,52,704,291,413
95SS14,2118,1019,1099,1337,705,632,318,69,249,772,466,306,140,103,37,107,67,40,781,314,467
95SS15,2725,1338,1387,1852,990,862,396,80,316,992,593,399,386,264,122,78,53,25,873,348,525
95SS16,2397,1187,1210,1411,737,674,384,100,284,739,421,318,107,90,17,181,126,55,986,450,536
95SS17,3189,1484,1705,2202,1120,1082,490,65,425,1372,804,568,207,164,43,133,87,46,987,364,623
95SS18,2062,991,1071,1319,692,627,325,76,249,780,463,317,96,73,23,118,80,38,743,299,444
95SS19,2025,969,1056,1450,745,705,329,73,256,858,497,361,142,99,43,121,76,45,575,224,351
95SS20,1978,982,996,1240,660,580,326,73,253,731,461,270,134,95,39,49,31,18,738,322,416
95SS21,3417,1710,1707,2614,1390,1224,562,102,460,1532,905,627,427,326,101,93,57,36,803,320,483
95SS22,2331,1155,1176,1589,851,738,381,68,313,995,635,360,129,100,29,84,48,36,742,304,438
95SS23,2818,1399,1419,2011,1066,945,398,80,318,1199,699,500,307,221,86,107,66,41,807,333,474
95SS24,3633,1806,1827,2702,1417,1285,582,98,484,1643,997,646,365,245,120,112,77,35,931,389,542
95SS25,1773,829,944,1050,535,515,301,61,240,533,337,196,62,48,14,154,89,65,723,294,429
95SS26,2720,1242,1478,1654,807,847,537,132,405,763,437,326,124,98,26,230,140,90,1066,435,631
95SS27,1851,895,956,1199,620,579,307,84,223,702,403,299,84,61,23,106,72,34,652,275,377
95SS28,1827,892,935,1185,620,565,315,79,236,706,423,283,80,62,18,84,56,28,642,272,370
95SS29,1837,885,952,945,483,462,272,56,216,420,243,177,75,64,11,178,120,58,892,402,490
95SS30,2519,1385,1134,1783,1087,696,370,86,284,1181,861,320,170,108,62,62,32,30,736,298,438
95TT01,1920,982,938,1363,751,612,288,53,235,698,398,300,295,242,53,82,58,24,557,231,326
95TT02,1876,951,925,1245,717,528,253,57,196,655,388,267,253,219,34,84,53,31,631,234,397
95TT03,2347,1158,1189,1614,876,738,316,72,244,939,542,397,242,188,54,117,74,43,733,282,451
95TT04,2059,1028,1031,1368,771,597,259,47,212,736,433,303,271,222,49,102,69,33,691,257,434
95TT05,2220,1066,1154,1454,759,695,333,71,262,782,460,322,202,145,57,137,83,54,766,307,459
95TT06,1917,984,933,1300,735,565,205,36,169,740,415,325,277,233,44,78,51,27,617,249,368
95TT07,1959,1005,954,1400,781,619,299,57,242,740,431,309,286,236,50,75,57,18,559,224,335
95TT08,1981,1014,967,1398,806,592,306,60,246,695,425,270,322,273,49,75,48,27,583,208,375
95TT09,2081,1064,1017,1435,810,625,292,48,244,753,449,304,298,254,44,92,59,33,646,254,392
95TT10,2104,1031,1073,1336,730,606,262,52,210,745,446,299,180,138,42,149,94,55,768,301,467
95TT11,2246,1176,1070,1518,888,630,295,66,229,782,450,332,369,320,49,72,52,20,728,288,440
95TT12,1824,948,876,1233,708,525,263,44,219,670,427,243,233,188,45,67,49,18,591,240,351
95TT13,2142,1055,1087,1412,772,640,319,82,237,814,497,317,135,98,37,144,95,49,730,283,447
95TT14,1627,790,837,1053,552,501,246,59,187,610,353,257,112,82,30,85,58,27,574,238,336
95TT15,1695,880,815,1104,643,461,209,36,173,594,370,224,224,188,36,77,49,28,591,237,354
95TT16,1961,1006,955,1272,722,550,250,41,209,666,391,275,270,228,42,86,62,24,689,284,405
95UU01,806,411,395,520,291,229,116,17,99,233,141,92,117,94,23,54,39,15,286,120,166
95UU02,735,356,379,469,246,223,121,21,100,211,132,79,83,64,19,54,29,25,266,110,156
95UU03,615,317,298,372,209,163,75,20,55,162,100,62,99,70,29,36,19,17,243,108,135
95UU04,535,259,276,300,163,137,59,13,46,146,83,63,43,32,11,52,35,17,235,96,139
95UU05,693,352,341,464,257,207,95,21,74,217,119,98,110,92,18,42,25,17,229,95,134
95UU06,1094,532,562,672,348,324,155,36,119,341,187,154,111,82,29,65,43,22,422,184,238
95UU07,612,341,271,420,248,172,75,19,56,180,108,72,140,102,38,25,19,6,192,93,99
95UU08,899,466,433,573,327,246,100,24,76,309,182,127,107,82,25,57,39,18,326,139,187
95UU09,1191,610,581,783,445,338,180,33,147,359,221,138,163,130,33,81,61,20,408,165,243
95UU10,874,469,405,565,339,226,123,31,92,280,172,108,122,105,17,40,31,9,309,130,179
95UU11,720,382,338,498,288,210,107,27,80,207,110,97,144,124,20,40,27,13,222,94,128
95UU12,941,456,485,577,307,270,145,35,110,271,161,110,86,64,22,75,47,28,364,149,215
95UU13,676,352,324,424,240,184,88,19,69,169,94,75,137,108,29,30,19,11,252,112,140
95UU14,1285,600,685,761,377,384,170,27,143,356,190,166,119,88,31,116,72,44,524,223,301
95UU15,699,361,338,439,249,190,86,16,70,196,112,84,108,85,23,49,36,13,260,112,148
95VV01,2313,1160,1153,1557,861,696,339,62,277,741,429,312,343,285,58,134,85,49,756,299,457
95VV02,1570,794,776,862,467,395,212,63,149,462,275,187,60,45,15,128,84,44,708,327,381
95VV03,1790,920,870,1063,593,470,275,66,209,516,319,197,133,102,31,139,106,33,727,327,400
95VV04,2183,1118,1065,1515,859,656,314,51,263,698,398,300,388,330,58,115,80,35,668,259,409
95VV05,3072,1585,1487,2174,1234,940,487,110,377,1079,666,413,440,335,105,168,123,45,898,351,547
95VV06,2422,1198,1224,1600,880,720,350,78,272,763,429,334,282,229,53,205,144,61,822,318,504
95VV07,3161,1549,1612,2043,1092,951,481,124,357,1040,590,450,292,229,63,230,149,81,1118,457,661
95VV08,2119,1050,1069,1293,727,566,297,79,218,530,289,241,256,208,48,210,151,59,826,323,503
95VV09,1962,986,976,1173,617,556,267,80,187,506,260,246,171,128,43,229,149,80,789,369,420
95VV10,2297,1100,1197,1399,757,642,359,93,266,714,431,283,95,75,20,231,158,73,898,343,555
95VV11,3169,1542,1627,2245,1187,1058,529,126,403,1217,678,539,328,265,63,171,118,53,924,355,569
95VV12,2258,1113,1145,1446,773,673,372,98,274,759,451,308,166,127,39,149,97,52,812,340,472
95VV13,2402,1266,1136,1690,979,711,405,105,300,791,472,319,390,322,68,104,80,24,712,287,425
95VV14,2496,1222,1274,1664,878,786,332,77,255,950,535,415,214,156,58,168,110,58,832,344,488
95VV15,2298,1109,1189,1435,759,676,346,84,262,788,448,340,118,94,24,183,133,50,863,350,513
95VV16,2274,1130,1144,1487,809,678,360,90,270,734,418,316,263,205,58,130,96,34,787,321,466
95VV17,2985,1471,1514,1994,1066,928,503,125,378,922,518,404,344,274,70,225,149,76,991,405,586
95VV18,2648,1319,1329,1746,980,766,380,77,303,911,545,366,322,266,56,133,92,41,902,339,563
95VV19,2107,1036,1071,1313,717,596,283,51,232,653,359,294,231,197,34,146,110,36,794,319,475
95VV20,2105,1108,997,1400,819,581,297,60,237,620,357,263,389,335,54,94,67,27,705,289,416
95VV21,2772,1418,1354,1983,1118,865,463,100,363,941,562,379,447,363,84,132,93,39,789,300,489
95VV22,1954,1008,946,1294,723,571,304,56,248,576,329,247,284,241,43,130,97,33,660,285,375
95VV23,2100,1051,1049,1304,715,589,257,66,191,648,357,291,284,215,69,115,77,38,796,336,460
95VV24,2230,1082,1148,1360,724,636,295,71,224,665,387,278,258,180,78,142,86,56,870,358,512
95VV25,2540,1262,1278,1592,854,738,351,76,275,776,430,346,284,227,57,181,121,60,948,408,540
95VV26,2480,1245,1235,1663,919,744,377,69,308,761,423,338,378,321,57,147,106,41,817,326,491
95VV27,1727,890,837,1077,601,476,254,68,186,576,346,230,85,68,17,162,119,43,650,289,361
95VV28,2590,1286,1304,1722,913,809,405,94,311,950,557,393,173,135,38,194,127,67,868,373,495
95VV29,2285,1164,1121,1632,907,725,372,68,304,760,439,321,369,307,62,131,93,38,653,257,396
95VV30,2251,1106,1145,1481,781,700,358,98,260,836,478,358,169,130,39,118,75,43,770,325,445
95WW01,1976,930,1046,1345,685,660,301,60,241,823,481,342,98,65,33,123,79,44,631,245,386
95WW02,2728,1292,1436,1842,939,903,472,77,395,1107,671,436,135,106,29,128,85,43,886,353,533
95WW03,2606,1278,1328,1899,983,916,396,65,331,1220,723,497,164,110,54,119,85,34,707,295,412
95WW04,2130,1033,1097,1443,763,680,320,57,263,925,571,354,83,63,20,115,72,43,687,270,417
95WW05,2052,996,1056,1424,733,691,353,85,268,861,504,357,131,96,35,79,48,31,628,263,365
95WW06,2322,1159,1163,1682,912,770,348,60,288,975,591,384,315,235,80,44,26,18,640,247,393
95WW07,3042,1485,1557,2246,1157,1089,516,69,447,1351,818,533,295,212,83,84,58,26,796,328,468
95WW08,1880,884,996,1257,634,623,319,58,261,763,446,317,115,90,25,60,40,20,623,250,373
95WW09,1855,871,984,1094,570,524,251,52,199,645,377,268,89,70,19,109,71,38,761,301,460
95WW10,2080,986,1094,1411,732,679,344,69,275,859,517,342,104,75,29,104,71,33,669,254,415
95WW11,2255,1098,1157,1617,831,786,406,85,321,950,554,396,179,139,40,82,53,29,638,267,371
95WW12,1687,790,897,1056,532,524,287,64,223,565,331,234,71,49,22,133,88,45,631,258,373
95WW13,2710,1342,1368,2024,1064,960,434,72,362,1222,744,478,300,207,93,68,41,27,686,278,408
95WW14,1578,746,832,957,477,480,261,61,200,527,306,221,49,39,10,120,71,49,621,269,352
95WW15,2401,1139,1262,1732,852,880,473,90,383,1014,593,421,146,109,37,99,60,39,669,287,382
95WW16,2084,991,1093,1476,742,734,375,82,293,883,510,373,95,74,21,123,76,47,608,249,359
95WW17,1702,817,885,1090,580,510,300,76,224,626,380,246,97,77,20,67,47,20,612,237,375
95WW18,1573,758,815,1039,532,507,236,47,189,643,379,264,92,68,24,68,38,30,534,226,308
95WW19,4467,2205,2262,3260,1683,1577,798,164,634,1970,1194,776,354,239,115,138,86,52,1207,522,685
95WW20,6084,2965,3119,4857,2449,2408,1057,199,858,3079,1738,1341,525,393,132,196,119,77,1227,516,711
95WW21,2506,1162,1344,1713,860,853,430,77,353,1001,592,409,117,84,33,165,107,58,793,302,491
95WW22,2222,1051,1171,1470,745,725,410,79,331,851,517,334,105,84,21,104,65,39,752,306,446
95WW23,3853,1933,1920,2428,1233,1195,887,311,576,1084,648,436,192,126,66,265,148,117,1425,700,725
95WW24,2480,1176,1304,1599,797,802,398,81,317,917,536,381,91,61,30,193,119,74,881,379,502
95WW25,1518,736,782,898,482,416,196,49,147,532,320,212,66,50,16,104,63,41,620,254,366
95XX01,3966,1932,2034,2998,1524,1474,769,147,622,1733,1037,696,337,231,106,159,109,50,968,408,560
95XX02,1848,888,960,1291,658,633,283,49,234,653,381,272,286,188,98,69,40,29,557,230,327
95XX03,2072,988,1084,1385,702,683,360,85,275,783,460,323,167,111,56,75,46,29,687,286,401
95XX04,2731,1326,1405,1991,1022,969,498,109,389,1203,716,487,177,122,55,113,75,38,740,304,436
95XX05,1949,943,1006,1226,636,590,324,65,259,666,412,254,149,101,48,87,58,29,723,307,416
95XX06,2734,1256,1478,1907,918,989,526,96,430,1064,615,449,164,115,49,153,92,61,827,338,489
95XX07,2013,980,1033,1296,659,637,316,71,245,708,421,287,184,118,66,88,49,39,717,321,396
95XX08,1876,917,959,1235,624,611,327,83,244,708,402,306,140,94,46,60,45,15,641,293,348
95XX09,1901,902,999,1243,638,605,272,57,215,727,430,297,166,103,63,78,48,30,658,264,394
95XX10,3437,1635,1802,2567,1301,1266,647,130,517,1484,900,584,245,168,77,191,103,88,870,334,536
95XX11,4600,2151,2449,3388,1672,1716,764,135,629,2036,1140,896,348,261,87,240,136,104,1212,479,733
95XX12,1927,975,952,1136,639,497,245,71,174,536,333,203,294,196,98,61,39,22,791,336,455
95XX13,1970,938,1032,1215,632,583,252,50,202,646,379,267,277,185,92,40,18,22,755,306,449
95XX14,1792,875,917,1166,637,529,242,61,181,614,368,246,272,186,86,38,22,16,626,238,388
95XX15,1859,874,985,1180,604,576,272,59,213,677,389,288,102,73,29,129,83,46,679,270,409
95XX16,2296,1112,1184,1368,730,638,326,75,251,739,438,301,235,172,63,68,45,23,928,382,546
95XX17,2383,1247,1136,1690,944,746,316,93,223,985,593,392,203,135,68,186,123,63,693,303,390
95XX18,2239,1137,1102,1603,879,724,302,60,242,1029,632,397,198,140,58,74,47,27,636,258,378
95XX19,1935,954,981,1260,677,583,277,60,217,658,396,262,259,177,82,66,44,22,675,277,398
95XX20,2448,1271,1177,1767,1013,754,355,78,277,1169,798,371,117,76,41,126,61,65,681,258,423
95XX21,2007,976,1031,1169,607,562,266,61,205,594,347,247,251,163,88,58,36,22,838,369,469
95XX22,1711,832,879,1175,587,588,302,68,234,712,415,297,93,64,29,68,40,28,536,245,291
95XX23,2390,1160,1230,1765,893,872,374,89,285,1117,628,489,142,96,46,132,80,52,625,267,358
95XX24,2010,958,1052,1298,664,634,355,72,283,745,456,289,136,96,40,62,40,22,712,294,418
95XX25,1754,854,900,1150,596,554,298,77,221,612,351,261,108,78,30,132,90,42,604,258,346
95YY01,1730,884,846,1147,649,498,224,62,162,574,336,238,276,207,69,73,44,29,583,235,348
95YY02,1648,804,844,971,519,452,210,56,154,567,324,243,97,75,22,97,64,33,677,285,392
95YY03,2206,1147,1059,1508,841,667,256,58,198,758,402,356,410,325,85,84,56,28,698,306,392
95YY04,2509,1230,1279,1637,868,769,386,109,277,933,533,400,175,139,36,143,87,56,872,362,510
95YY05,1210,608,602,730,393,337,157,34,123,399,226,173,115,87,28,59,46,13,480,215,265
95YY06,1696,852,844,1058,581,477,218,59,159,513,278,235,228,173,55,99,71,28,638,271,367
95YY07,2047,1030,1017,1285,695,590,256,54,202,639,346,293,261,218,43,129,77,52,762,335,427
95YY08,1604,841,763,1049,608,441,192,38,154,516,297,219,231,194,37,110,79,31,555,233,322
95YY09,1779,927,852,1078,592,486,247,74,173,627,375,252,119,86,33,85,57,28,701,335,366
95YY10,1587,821,766,1109,612,497,222,46,176,567,312,255,259,212,47,61,42,19,478,209,269
95YY11,1508,762,746,915,520,395,195,50,145,446,257,189,170,139,31,104,74,30,593,242,351
95YY12,1932,965,967,1330,708,622,257,55,202,708,387,321,291,220,71,74,46,28,602,257,345
95YY13,2106,1006,1100,1239,642,597,282,66,216,698,393,305,137,104,33,122,79,43,867,364,503
95YY14,2251,1039,1212,1516,765,751,332,82,250,829,448,381,214,154,60,141,81,60,735,274,461
95YY15,1439,675,764,797,407,390,211,57,154,392,226,166,73,52,21,121,72,49,642,268,374
95YY16,1711,880,831,1179,655,524,238,52,186,579,310,269,294,248,46,68,45,23,532,225,307
95YY17,1648,855,793,1132,622,510,216,35,181,512,270,242,303,250,53,101,67,34,516,233,283
95YY18,1641,845,796,1082,599,483,208,33,175,501,274,227,266,223,43,107,69,38,559,246,313
95YY19,1086,569,517,671,383,288,152,36,116,365,229,136,89,74,15,65,44,21,415,186,229
95YY20,1692,858,834,1065,577,488,205,58,147,510,227,283,261,224,37,89,68,21,627,281,346
95YY21,1693,881,812,1195,692,503,197,43,154,624,350,274,289,242,47,85,57,28,498,189,309
95ZZ01,1999,998,1001,1277,719,558,258,59,199,667,389,278,217,185,32,135,86,49,722,279,443
95ZZ02,1315,576,739,670,342,328,195,55,140,297,174,123,40,31,9,138,82,56,645,234,411
95ZZ03,1533,754,779,784,432,352,174,56,118,361,210,151,124,89,35,125,77,48,749,322,427
95ZZ04,1911,1028,883,1260,749,511,286,70,216,577,356,221,283,247,36,114,76,38,651,279,372
95ZZ05,1559,817,742,970,576,394,179,47,132,481,281,200,212,185,27,98,63,35,589,241,348
95ZZ06,1231,623,608,560,319,241,150,48,102,206,120,86,42,35,7,162,116,46,671,304,367
95ZZ07,2038,1005,1033,1248,705,543,280,65,215,591,342,249,198,162,36,179,136,43,790,300,490
95ZZ08,1878,977,901,1062,615,447,222,58,164,462,260,202,233,194,39,145,103,42,816,362,454
95ZZ09,1605,796,809,961,529,432,212,51,161,454,276,178,160,114,46,135,88,47,644,267,377
95ZZ10,2300,1095,1205,1420,733,687,341,86,255,678,373,305,183,136,47,218,138,80,880,362,518
95ZZ11,1566,848,718,1032,612,420,206,49,157,486,282,204,256,220,36,84,61,23,534,236,298
95ZZ12,1590,783,807,906,500,406,192,47,145,465,265,200,129,105,24,120,83,37,684,283,401
95ZZ13,1826,942,884,1196,690,506,247,63,184,614,350,264,246,216,30,89,61,28,630,252,378
95ZZ14,2314,1109,1205,1455,768,687,347,91,256,793,458,335,136,111,25,179,108,71,859,341,518
95ZZ15,1669,887,782,1021,616,405,194,53,141,466,283,183,256,206,50,105,74,31,648,271,377
95ZZ16,2276,1067,1209,1401,720,681,368,117,251,696,374,322,140,109,31,197,120,77,875,347,528
