GeographyCode,LC4101NI0001,LC4101NI0002,LC4101NI0003,LC4101NI0004,LC4101NI0005,LC4101NI0006,LC4101NI0007,LC4101NI0008,LC4101NI0009,LC4101NI0010,LC4101NI0011,LC4101NI0012,LC4101NI0013,LC4101NI0014,LC4101NI0015,LC4101NI0016,LC4101NI0017,LC4101NI0018,LC4101NI0019,LC4101NI0020
95AA01S1,310,188,96,23,3,26,6,9,9,2,9,6,3,0,0,275,176,84,14,1
95AA01S2,624,64,141,285,134,540,37,125,258,120,12,2,2,5,3,72,25,14,22,11
95AA01S3,588,119,136,218,115,469,75,109,184,101,4,0,3,1,0,115,44,24,33,14
95AA02W1,839,134,154,278,273,503,48,101,176,178,148,18,18,55,57,188,68,35,47,38
95AA03W1,845,179,153,282,231,476,62,97,172,145,233,61,28,75,69,136,56,28,35,17
95AA04W1,1014,95,183,507,229,924,70,165,479,210,5,1,1,3,0,85,24,17,25,19
95AA05W1,920,126,197,381,216,730,67,163,323,177,68,22,10,23,13,122,37,24,35,26
95AA06S1,710,119,167,252,172,552,74,136,226,116,74,14,7,8,45,84,31,24,18,11
95AA06S2,860,155,245,328,132,679,98,209,284,88,85,15,17,26,27,96,42,19,18,17
95AA07W1,820,97,172,342,209,618,47,129,274,168,70,13,16,25,16,132,37,27,43,25
95AA08W1,699,142,126,269,162,416,52,73,172,119,161,46,26,63,26,122,44,27,34,17
95AA09W1,943,203,194,339,207,516,55,94,231,136,276,78,58,83,57,151,70,42,25,14
95AA10W1,792,133,149,317,193,489,35,91,230,133,222,66,43,69,44,81,32,15,18,16
95AA11S1,1123,229,294,357,243,800,119,235,279,167,88,11,9,30,38,235,99,50,48,38
95AA11S2,870,190,285,264,131,745,136,250,239,120,12,4,0,6,2,113,50,35,19,9
95AA12W1,971,61,220,460,230,838,42,192,419,185,33,3,4,10,16,100,16,24,31,29
95AA13S1,625,109,123,265,128,430,49,87,203,91,46,10,8,19,9,149,50,28,43,28
95AA13S2,614,111,137,218,148,420,53,104,176,87,70,3,6,16,45,124,55,27,26,16
95AA14W1,779,55,138,367,219,707,38,125,343,201,4,0,0,2,2,68,17,13,22,16
95AA15S1,1013,311,265,303,134,714,199,199,222,94,97,22,14,30,31,202,90,52,51,9
95AA15S2,582,171,158,195,58,283,67,80,100,36,183,53,45,72,13,116,51,33,23,9
95AA16W1,832,209,157,267,199,453,74,86,158,135,207,57,30,77,43,172,78,41,32,21
95AA17W1,855,161,178,355,161,598,70,123,281,124,158,51,31,55,21,99,40,24,19,16
95AA18W1,1004,98,149,413,344,842,44,109,376,313,10,2,5,2,1,152,52,35,35,30
95AA19W1,832,123,172,344,193,604,60,121,270,153,110,28,24,41,17,118,35,27,33,23
95BB01S1,548,50,110,257,131,484,32,103,238,111,25,5,1,9,10,39,13,6,10,10
95BB01S2,759,94,167,349,149,664,71,157,314,122,45,6,5,21,13,50,17,5,14,14
95BB02W1,1126,169,155,392,410,600,72,76,230,222,345,51,45,114,135,181,46,34,48,53
95BB03S1,877,166,160,279,272,568,96,118,171,183,157,20,24,52,61,152,50,18,56,28
95BB03S2,899,89,164,344,302,714,52,124,282,256,64,7,12,23,22,121,30,28,39,24
95BB04S1,638,74,81,275,208,417,36,49,211,121,109,9,9,32,59,112,29,23,32,28
95BB04S2,669,42,98,265,264,610,31,85,247,247,8,2,1,2,3,51,9,12,16,14
95BB05S1,564,47,87,269,161,464,29,72,228,135,32,7,5,11,9,68,11,10,30,17
95BB05S2,754,93,139,312,210,588,51,112,254,171,76,7,11,33,25,90,35,16,25,14
95BB06W1,1518,332,248,450,488,698,113,138,239,208,420,63,36,114,207,400,156,74,97,73
95BB07S1,819,166,121,267,265,375,60,52,152,111,239,39,32,58,110,205,67,37,57,44
95BB07S2,496,52,92,204,148,428,35,74,186,133,37,7,11,12,7,31,10,7,6,8
95BB08S1,589,86,89,212,202,294,44,49,120,81,205,15,24,77,89,90,27,16,15,32
95BB08S2,479,84,100,215,80,433,65,90,202,76,6,2,0,4,0,40,17,10,9,4
95BB09S1,561,59,84,227,191,471,32,66,207,166,17,2,1,4,10,73,25,17,16,15
95BB09S2,692,102,110,325,155,544,50,88,284,122,18,5,2,6,5,130,47,20,35,28
95BB10S1,874,112,140,301,321,525,43,81,204,197,150,15,16,37,82,199,54,43,60,42
95BB10S2,635,46,84,289,216,562,30,65,270,197,24,5,2,8,9,49,11,17,11,10
95BB11S1,621,86,108,256,171,351,29,67,156,99,218,43,36,83,56,52,14,5,17,16
95BB11S2,717,42,113,256,306,579,24,96,210,249,62,1,4,26,31,76,17,13,20,26
95BB12S1,626,159,121,179,167,303,50,61,87,105,198,58,35,60,45,125,51,25,32,17
95BB12S2,504,49,80,224,151,412,20,60,195,137,66,19,16,25,6,26,10,4,4,8
95BB13S1,508,78,123,227,80,305,24,76,157,48,170,47,41,57,25,33,7,6,13,7
95BB13S2,603,78,98,243,184,433,34,69,183,147,106,18,19,44,25,64,26,10,16,12
95BB13S3,576,100,141,241,94,519,77,127,224,91,8,1,4,3,0,49,22,10,14,3
95BB14S1,551,32,85,271,163,501,22,71,253,155,7,3,0,3,1,43,7,14,15,7
95BB14S2,621,47,98,285,191,525,23,77,250,175,23,4,6,10,3,73,20,15,25,13
95BB15S1,706,71,167,281,187,575,49,135,247,144,39,4,8,11,16,92,18,24,23,27
95BB15S2,581,80,115,249,137,374,29,63,187,95,83,17,15,31,20,124,34,37,31,22
95BB16S1,562,22,91,273,176,509,18,80,258,153,4,1,1,1,1,49,3,10,14,22
95BB16S2,614,38,100,297,179,549,25,85,272,167,26,4,5,12,5,39,9,10,13,7
95BB17S1,727,145,195,275,112,577,88,161,233,95,69,20,13,27,9,81,37,21,15,8
95BB17S2,672,106,126,279,161,493,45,95,224,129,111,34,20,37,20,68,27,11,18,12
95BB18S1,726,155,127,256,188,466,90,85,169,122,136,18,21,49,48,124,47,21,38,18
95BB18S2,912,110,239,344,219,818,82,216,317,203,8,0,2,3,3,86,28,21,24,13
95BB19S1,641,102,119,263,157,525,67,100,234,124,43,7,6,9,21,73,28,13,20,12
95BB19S2,599,77,181,277,64,559,64,170,265,60,3,0,1,1,1,37,13,10,11,3
95BB19S3,484,51,141,225,67,443,35,134,213,61,4,1,1,2,0,37,15,6,10,6
95BB20S1,677,85,127,289,176,525,53,94,238,140,50,4,10,20,16,102,28,23,31,20
95BB20S2,613,82,124,227,180,339,24,74,144,97,140,21,26,56,37,134,37,24,27,46
95BB21S1,932,152,200,337,243,726,86,163,283,194,86,14,15,28,29,120,52,22,26,20
95BB21S2,889,109,199,355,226,736,81,165,303,187,28,1,5,14,8,125,27,29,38,31
95BB22S1,596,137,186,191,82,387,64,131,128,64,148,46,37,51,14,61,27,18,12,4
95BB22S2,598,144,153,202,99,268,37,86,102,43,273,81,58,88,46,57,26,9,12,10
95BB23S1,638,56,92,270,220,584,33,79,257,215,6,4,1,1,0,48,19,12,12,5
95BB23S2,523,41,100,276,106,483,29,84,265,105,2,1,1,0,0,38,11,15,11,1
95CC01W1,904,162,179,363,200,580,53,113,263,151,96,18,16,34,28,228,91,50,66,21
95CC02W1,875,92,177,371,235,741,58,145,336,202,26,5,4,10,7,108,29,28,25,26
95CC03W1,1127,297,219,350,261,458,80,79,180,119,325,68,68,91,98,344,149,72,79,44
95CC04W1,790,101,154,316,219,646,52,125,285,184,44,9,11,13,11,100,40,18,18,24
95CC05W1,954,137,196,348,273,773,73,164,303,233,38,4,6,12,16,143,60,26,33,24
95CC06S1,579,111,96,232,140,481,69,77,205,130,3,1,1,1,0,95,41,18,26,10
95CC06S2,517,81,97,199,140,391,40,71,163,117,49,10,6,22,11,77,31,20,14,12
95CC07W1,1108,174,256,448,230,858,93,199,378,188,85,14,22,27,22,165,67,35,43,20
95CC08W1,990,209,186,359,236,573,67,110,234,162,185,39,34,67,45,232,103,42,58,29
95CC09S1,494,52,104,200,138,449,35,97,193,124,0,0,0,0,0,45,17,7,7,14
95CC09S2,696,148,158,251,139,544,91,124,214,115,31,10,4,10,7,121,47,30,27,17
95CC10W1,901,89,165,381,266,761,54,133,347,227,24,2,3,8,11,116,33,29,26,28
95CC11W1,786,153,129,272,232,465,59,68,178,160,115,22,22,42,29,206,72,39,52,43
95CC12W1,890,91,193,371,235,772,60,165,335,212,34,5,7,14,8,84,26,21,22,15
95CC13W1,817,117,161,345,194,677,68,134,311,164,50,16,5,16,13,90,33,22,18,17
95CC14W1,1132,194,253,407,278,926,123,214,358,231,44,5,7,17,15,162,66,32,32,32
95CC15W1,1007,141,212,388,266,806,87,166,337,216,61,10,9,25,17,140,44,37,26,33
95CC16W1,1076,184,221,365,306,722,78,152,274,218,135,25,21,44,45,219,81,48,47,43
95CC17W1,897,145,193,342,217,757,91,161,314,191,7,1,2,2,2,133,53,30,26,24
95CC18W1,937,137,153,359,288,628,46,95,270,217,130,30,12,40,48,179,61,46,49,23
95CC19W1,981,122,219,372,268,760,67,168,312,213,87,14,26,27,20,134,41,25,33,35
95CC20S1,484,57,104,217,106,412,31,88,200,93,19,3,3,7,6,53,23,13,10,7
95CC20S2,643,104,141,264,134,477,56,102,219,100,67,10,10,18,29,99,38,29,27,5
95CC21W1,1167,192,257,422,296,839,97,175,328,239,138,28,32,46,32,190,67,50,48,25
95CC22W1,842,121,147,299,275,432,30,69,164,169,236,40,37,90,69,174,51,41,45,37
95DD01W1,836,65,129,322,320,696,32,95,281,288,26,3,4,12,7,114,30,30,29,25
95DD02S1,599,81,103,240,175,413,42,81,185,105,116,19,14,36,47,70,20,8,19,23
95DD02S2,891,181,226,322,162,740,120,192,296,132,18,2,5,1,10,133,59,29,25,20
95DD03W1,1389,242,327,447,373,1092,124,262,377,329,21,5,4,7,5,276,113,61,63,39
95DD04W1,859,171,149,307,232,353,45,61,148,99,404,87,77,131,109,102,39,11,28,24
95DD05W1,685,140,141,283,121,347,34,75,169,69,266,77,52,93,44,72,29,14,21,8
95DD06W1,944,84,125,412,323,837,45,102,390,300,5,1,2,1,1,102,38,21,21,22
95DD07S1,689,97,106,231,255,473,41,70,176,186,76,11,6,22,37,140,45,30,33,32
95DD07S2,723,94,146,255,228,526,55,114,213,144,77,5,6,16,50,120,34,26,26,34
95DD08W1,1041,187,178,343,333,427,23,69,159,176,202,11,14,75,102,412,153,95,109,55
95DD09W1,929,67,198,390,274,797,44,171,349,233,22,1,4,9,8,110,22,23,32,33
95DD10W1,1180,162,230,413,375,779,75,158,307,239,233,38,29,63,103,168,49,43,43,33
95DD11W1,955,243,232,305,175,410,57,114,160,79,298,75,54,95,74,247,111,64,50,22
95DD12W1,890,87,172,379,252,777,64,154,344,215,22,7,2,9,4,91,16,16,26,33
95DD13W1,741,137,127,259,218,454,61,70,162,161,124,15,25,51,33,163,61,32,46,24
95DD14S1,626,81,139,242,164,505,49,111,208,137,30,4,5,9,12,91,28,23,25,15
95DD14S2,607,43,124,283,157,548,30,114,266,138,13,0,1,7,5,46,13,9,10,14
95DD15W1,1174,157,310,449,258,948,99,251,376,222,50,5,16,20,9,176,53,43,53,27
95DD16W1,1019,102,209,455,253,897,70,183,421,223,15,5,4,4,2,107,27,22,30,28
95DD17W1,1148,160,261,435,292,996,125,236,390,245,28,5,1,9,13,124,30,24,36,34
95DD18W1,873,144,142,318,269,540,51,81,207,201,92,14,17,35,26,241,79,44,76,42
95DD19S1,732,139,194,257,142,515,86,142,194,93,98,13,13,38,34,119,40,39,25,15
95DD19S2,543,40,100,247,156,462,25,88,221,128,16,0,4,5,7,65,15,8,21,21
95DD20W1,826,143,165,289,229,374,41,66,132,135,307,57,66,115,69,145,45,33,42,25
95DD21W1,891,173,166,299,253,595,52,98,235,210,19,5,1,6,7,277,116,67,58,36
95DD22S1,559,73,87,241,158,438,44,72,199,123,28,5,2,14,7,93,24,13,28,28
95DD22S2,597,83,120,223,171,415,47,89,171,108,82,8,9,20,45,100,28,22,32,18
95DD23W1,881,78,182,354,267,743,48,153,317,225,8,0,2,5,1,130,30,27,32,41
95DD24W1,990,136,209,413,232,747,65,163,349,170,82,6,9,26,41,161,65,37,38,21
95EE01W1,592,112,133,211,136,458,65,117,171,105,66,16,5,28,17,68,31,11,12,14
95EE02W1,790,139,137,343,171,545,73,95,246,131,125,21,24,59,21,120,45,18,38,19
95EE03W1,808,141,165,306,196,490,51,84,211,144,213,52,53,75,33,105,38,28,20,19
95EE04W1,736,101,184,248,203,552,68,145,194,145,64,6,15,23,20,120,27,24,31,38
95EE05W1,577,52,109,251,165,443,26,88,196,133,34,4,7,18,5,100,22,14,37,27
95EE06W1,692,104,179,236,173,530,59,147,194,130,72,16,10,23,23,90,29,22,19,20
95EE07W1,740,127,148,231,234,494,52,112,169,161,83,5,10,31,37,163,70,26,31,36
95EE08W1,711,88,119,287,217,518,31,83,221,183,22,1,4,10,7,171,56,32,56,27
95EE09W1,605,67,122,256,160,465,37,102,202,124,65,9,10,24,22,75,21,10,30,14
95EE10W1,598,112,123,223,140,434,55,98,173,108,50,15,7,19,9,114,42,18,31,23
95EE11W1,551,59,96,240,156,462,37,86,212,127,30,4,2,12,12,59,18,8,16,17
95EE12W1,1059,251,234,379,195,559,98,140,218,103,241,42,46,100,53,259,111,48,61,39
95EE13W1,718,88,92,259,279,369,20,43,149,157,181,23,12,62,84,168,45,37,48,38
95EE14W1,1016,186,229,348,253,748,111,163,278,196,83,11,18,25,29,185,64,48,45,28
95EE15W1,606,79,136,229,162,478,52,117,194,115,63,8,10,20,25,65,19,9,15,22
95EE16W1,709,112,151,279,167,575,78,123,239,135,45,5,7,19,14,89,29,21,21,18
95FF01S1,781,123,173,309,176,672,79,151,282,160,2,1,0,0,1,107,43,22,27,15
95FF01S2,959,176,267,365,151,742,78,211,321,132,11,4,6,1,0,206,94,50,43,19
95FF02W1,923,131,218,346,228,781,89,189,311,192,25,4,6,5,10,117,38,23,30,26
95FF03W1,1169,300,262,408,199,771,119,178,331,143,118,26,23,38,31,280,155,61,39,25
95FF04W1,862,83,155,400,224,755,52,138,367,198,36,11,5,10,10,71,20,12,23,16
95FF05W1,1119,197,243,351,328,718,93,170,242,213,192,37,29,56,70,209,67,44,53,45
95FF06S1,820,183,195,266,176,615,111,154,223,127,55,11,8,19,17,150,61,33,24,32
95FF06S2,720,112,225,262,121,601,73,199,231,98,36,7,6,12,11,83,32,20,19,12
95FF07W1,1154,269,226,430,229,610,95,125,258,132,310,79,49,119,63,234,95,52,53,34
95FF08W1,993,111,160,391,331,667,54,116,296,201,187,22,22,60,83,139,35,22,35,47
95FF09W1,1000,180,201,389,230,677,91,149,289,148,143,32,20,50,41,180,57,32,50,41
95FF10W1,1216,197,298,487,234,1040,142,267,431,200,48,14,9,19,6,128,41,22,37,28
95FF11W1,873,98,192,354,229,760,76,173,311,200,30,3,3,14,10,83,19,16,29,19
95FF12W1,1018,178,199,401,240,804,109,163,337,195,73,18,10,25,20,141,51,26,39,25
95FF13W1,977,129,198,410,240,794,75,168,360,191,49,8,5,16,20,134,46,25,34,29
95FF14W1,862,46,188,392,236,770,31,172,359,208,11,1,1,3,6,81,14,15,30,22
95FF15W1,1073,203,192,355,323,648,105,115,238,190,185,21,25,61,78,240,77,52,56,55
95FF16W1,927,114,184,379,250,711,59,142,312,198,107,20,16,43,28,109,35,26,24,24
95FF17W1,857,185,143,281,248,409,59,77,139,134,188,25,20,74,69,260,101,46,68,45
95GG01S1,739,79,91,267,302,489,38,61,188,202,158,12,14,57,75,92,29,16,22,25
95GG01S2,624,55,74,269,226,365,22,42,169,132,117,10,17,56,34,142,23,15,44,60
95GG01S3,641,67,93,270,211,507,30,69,227,181,54,7,8,25,14,80,30,16,18,16
95GG02S1,749,188,155,229,177,362,56,77,120,109,223,66,47,75,35,164,66,31,34,33
95GG02S2,859,245,164,262,188,373,62,69,114,128,278,98,59,87,34,208,85,36,61,26
95GG02S3,960,246,167,340,207,217,39,44,100,34,635,173,103,212,147,108,34,20,28,26
95GG03S1,895,153,219,311,212,662,73,147,261,181,30,7,6,10,7,203,73,66,40,24
95GG03S2,767,85,156,307,219,616,51,120,262,183,41,1,4,11,25,110,33,32,34,11
95GG03S3,1005,215,232,313,245,593,77,149,209,158,158,23,19,53,63,254,115,64,51,24
95GG04S1,801,192,144,275,190,256,43,52,109,52,408,86,74,133,115,137,63,18,33,23
95GG04S2,640,148,107,240,145,227,31,43,92,61,350,92,59,129,70,63,25,5,19,14
95GG04S3,856,234,147,273,202,233,45,52,81,55,400,97,58,134,111,223,92,37,58,36
95GG05S1,845,270,194,255,126,414,65,107,159,83,129,33,18,53,25,302,172,69,43,18
95GG05S2,948,326,235,281,106,513,97,137,203,76,84,17,24,24,19,351,212,74,54,11
95GG05S3,1007,390,222,257,138,300,75,73,89,63,353,87,83,124,59,354,228,66,44,16
95GG06S1,794,177,152,268,197,408,52,67,167,122,262,74,54,71,63,124,51,31,30,12
95GG06S2,833,180,156,286,211,566,89,106,198,173,100,19,23,38,20,167,72,27,50,18
95GG06S3,754,128,186,276,164,552,68,140,214,130,114,23,29,42,20,88,37,17,20,14
95GG07S1,796,185,164,267,180,465,77,60,180,148,91,26,15,29,21,240,82,89,58,11
95GG07S2,788,228,169,242,149,302,33,68,111,90,262,76,63,78,45,224,119,38,53,14
95GG07S3,685,122,160,272,131,388,41,97,165,85,172,24,33,84,31,125,57,30,23,15
95GG08S1,554,71,92,198,193,443,39,73,162,169,53,13,3,29,8,58,19,16,7,16
95GG08S2,810,193,170,264,183,446,77,89,156,124,198,46,44,62,46,166,70,37,46,13
95GG08S3,787,240,169,244,134,443,97,103,154,89,182,56,30,60,36,162,87,36,30,9
95GG09S1,844,78,171,328,267,711,45,153,300,213,30,2,1,6,21,103,31,17,22,33
95GG09S2,808,114,154,312,228,634,73,117,251,193,101,14,16,46,25,73,27,21,15,10
95GG09S3,952,226,192,338,196,431,76,109,161,85,356,70,59,138,89,165,80,24,39,22
95GG10S1,966,321,181,279,185,363,64,75,119,105,249,56,43,90,60,354,201,63,70,20
95GG10S2,1051,400,180,282,189,304,65,50,98,91,373,115,54,133,71,374,220,76,51,27
95GG11S1,987,336,195,247,209,393,117,83,99,94,283,65,48,78,92,311,154,64,70,23
95GG11S2,701,129,136,276,160,540,66,109,223,142,29,9,2,11,7,132,54,25,42,11
95GG11S3,998,322,225,268,183,520,119,120,159,122,107,27,17,30,33,371,176,88,79,28
95GG12S1,558,378,71,86,23,92,24,9,46,13,42,16,10,11,5,424,338,52,29,5
95GG12S2,727,485,95,90,57,116,30,17,35,34,82,23,26,20,13,529,432,52,35,10
95GG12S3,586,365,70,113,38,126,33,20,54,19,73,23,11,26,13,387,309,39,33,6
95GG12S4,719,455,125,119,20,42,18,8,13,3,118,16,32,64,6,559,421,85,42,11
95GG12S5,839,314,173,237,115,208,53,28,87,40,390,120,91,110,69,241,141,54,40,6
95GG13S1,664,135,105,258,166,280,37,44,123,76,270,65,43,97,65,114,33,18,38,25
95GG13S2,665,87,126,245,207,539,48,102,216,173,61,14,8,18,21,65,25,16,11,13
95GG13S3,787,148,116,282,241,453,54,72,191,136,224,47,26,71,80,110,47,18,20,25
95GG14S1,618,57,109,250,202,565,34,101,240,190,8,3,1,3,1,45,20,7,7,11
95GG14S2,582,48,86,283,165,496,28,65,254,149,36,6,10,17,3,50,14,11,12,13
95GG14S3,617,60,92,288,177,564,38,82,274,170,10,5,2,3,0,43,17,8,11,7
95GG15S1,736,49,137,288,262,650,27,117,260,246,20,1,6,7,6,66,21,14,21,10
95GG15S2,890,127,194,323,246,730,68,151,295,216,34,2,7,6,19,126,57,36,22,11
95GG15S3,918,125,170,286,337,595,51,115,185,244,206,29,25,78,74,117,45,30,23,19
95GG16S1,866,210,179,317,160,471,68,100,191,112,128,33,25,49,21,267,109,54,77,27
95GG16S2,777,132,168,312,165,481,54,106,221,100,154,28,25,53,48,142,50,37,38,17
95GG16S3,587,102,115,223,147,390,33,79,177,101,122,34,25,32,31,75,35,11,14,15
95GG17S1,770,211,153,278,128,405,57,68,187,93,214,89,48,54,23,151,65,37,37,12
95GG17S2,623,53,96,278,196,516,34,74,245,163,48,2,3,17,26,59,17,19,16,7
95GG17S3,744,163,157,239,185,353,62,76,123,92,255,46,53,84,72,136,55,28,32,21
95GG18S1,1073,266,183,371,253,471,79,94,177,121,373,75,57,134,107,229,112,32,60,25
95GG18S2,1070,320,181,389,180,384,59,58,173,94,411,124,62,156,69,275,137,61,60,17
95GG19S1,1061,168,132,342,419,270,23,42,109,96,592,99,75,185,233,199,46,15,48,90
95GG19S2,1178,340,207,370,261,243,82,44,84,33,760,198,134,234,194,175,60,29,52,34
95GG20S1,1393,488,258,370,277,319,83,67,94,75,642,157,110,213,162,432,248,81,63,40
95GG20S2,966,232,175,308,251,288,60,64,91,73,520,113,84,175,148,158,59,27,42,30
95GG21S1,639,118,118,214,189,183,16,37,67,63,375,73,70,130,102,81,29,11,17,24
95GG21S2,675,163,127,249,136,208,31,36,89,52,409,110,82,144,73,58,22,9,16,11
95GG21S3,948,237,175,337,199,263,35,46,103,79,474,86,87,200,101,211,116,42,34,19
95GG22S1,733,113,121,265,234,513,50,83,214,166,87,8,11,24,44,133,55,27,27,24
95GG22S2,814,88,116,307,303,578,45,90,252,191,147,9,9,41,88,89,34,17,14,24
95GG22S3,661,76,112,280,193,475,47,83,212,133,130,12,20,50,48,56,17,9,18,12
95GG23S1,566,50,106,229,181,517,34,86,223,174,6,1,3,0,2,43,15,17,6,5
95GG23S2,579,42,98,248,191,470,21,75,227,147,50,4,5,10,31,59,17,18,11,13
95GG23S3,676,99,117,235,225,558,44,93,214,207,28,9,2,7,10,90,46,22,14,8
95GG24S1,612,78,86,219,229,468,43,78,190,157,71,5,0,8,58,73,30,8,21,14
95GG24S2,712,150,127,232,203,507,58,87,179,183,37,19,5,8,5,168,73,35,45,15
95GG24S3,621,95,142,229,155,450,38,97,191,124,37,5,9,8,15,134,52,36,30,16
95GG25S1,868,144,112,331,281,531,54,76,236,165,213,32,20,63,98,124,58,16,32,18
95GG25S2,716,99,100,322,195,542,62,66,257,157,115,16,25,49,25,59,21,9,16,13
95GG25S3,610,107,126,239,138,391,54,81,162,94,166,26,33,70,37,53,27,12,7,7
95GG26S1,848,231,144,261,212,394,67,58,142,127,329,110,57,94,68,125,54,29,25,17
95GG26S2,806,142,135,260,269,452,48,77,154,173,213,36,38,69,70,141,58,20,37,26
95GG27S1,487,84,134,211,58,384,56,124,168,36,76,8,9,38,21,27,20,1,5,1
95GG27S2,607,115,153,229,110,373,59,98,142,74,183,30,42,80,31,51,26,13,7,5
95GG27S3,727,159,158,259,151,432,69,87,150,126,214,49,61,86,18,81,41,10,23,7
95GG27S4,646,128,126,222,170,361,55,74,114,118,220,45,42,90,43,65,28,10,18,9
95GG28S1,839,181,210,276,172,662,116,169,231,146,63,14,8,26,15,114,51,33,19,11
95GG28S2,712,111,129,261,211,498,52,87,198,161,146,29,30,46,41,68,30,12,17,9
95GG28S3,774,202,150,268,154,275,51,45,104,75,422,125,98,135,64,77,26,7,29,15
95GG29S1,1083,324,229,312,218,229,54,60,71,44,563,105,113,198,147,291,165,56,43,27
95GG29S2,1347,478,289,321,259,605,168,152,150,135,258,58,43,73,84,484,252,94,98,40
95GG30S1,763,108,150,265,240,451,54,101,146,150,238,37,37,99,65,74,17,12,20,25
95GG30S2,695,63,141,286,205,560,32,114,256,158,38,1,1,6,30,97,30,26,24,17
95GG30S3,625,72,106,236,211,575,54,95,224,202,6,2,0,2,2,44,16,11,10,7
95GG31S1,793,147,170,312,164,682,92,150,289,151,27,3,4,14,6,84,52,16,9,7
95GG31S2,800,131,125,313,231,551,43,84,251,173,181,56,26,54,45,68,32,15,8,13
95GG31S3,870,159,186,345,180,420,38,75,183,124,368,94,95,137,42,82,27,16,25,14
95GG32S1,1257,394,274,387,202,634,180,138,207,109,405,112,82,139,72,218,102,54,41,21
95GG32S2,698,136,113,242,207,363,44,63,133,123,189,42,23,66,58,146,50,27,43,26
95GG32S3,694,119,106,233,236,490,51,71,179,189,100,21,18,30,31,104,47,17,24,16
95GG33S1,737,95,99,322,221,622,35,74,297,216,10,6,2,1,1,105,54,23,24,4
95GG33S2,618,57,93,294,174,473,20,61,242,150,35,5,4,17,9,110,32,28,35,15
95GG33S3,840,193,152,303,192,556,38,90,259,169,13,0,5,5,3,271,155,57,39,20
95GG34S1,650,103,108,234,205,370,49,66,137,118,199,23,29,73,74,81,31,13,24,13
95GG34S2,553,32,86,271,164,509,18,79,255,157,8,0,0,6,2,36,14,7,10,5
95GG34S3,796,175,167,293,161,574,63,111,249,151,11,1,4,3,3,211,111,52,41,7
95GG35S1,867,185,130,318,234,240,33,33,100,74,521,113,79,198,131,106,39,18,20,29
95GG35S2,731,130,129,307,165,200,30,40,72,58,457,77,81,211,88,74,23,8,24,19
95GG35S3,646,185,133,209,119,210,50,42,73,45,314,83,65,108,58,122,52,26,28,16
95GG36S1,827,190,188,246,203,594,105,149,187,153,84,13,8,24,39,149,72,31,35,11
95GG36S2,836,89,199,297,251,704,53,179,279,193,67,7,4,8,48,65,29,16,10,10
95GG36S3,818,138,148,294,238,651,85,115,257,194,71,8,14,18,31,96,45,19,19,13
95GG37S1,779,135,176,332,136,577,36,121,297,123,22,3,6,9,4,180,96,49,26,9
95GG37S2,819,210,188,267,154,563,92,132,211,128,34,7,5,14,8,222,111,51,42,18
95GG37S3,1089,421,244,239,185,579,142,147,170,120,82,11,14,18,39,428,268,83,51,26
95GG38S1,1369,416,259,422,272,917,184,179,354,200,133,28,19,32,54,319,204,61,36,18
95GG38S2,853,227,155,271,200,470,67,89,201,113,130,12,21,43,54,253,148,45,27,33
95GG38S3,693,99,125,279,190,524,44,89,246,145,63,3,11,13,36,106,52,25,20,9
95GG39S1,1172,478,217,305,172,346,117,65,120,44,416,88,86,141,101,410,273,66,44,27
95GG39S2,1402,446,261,398,297,310,85,70,95,60,668,120,110,246,192,424,241,81,57,45
95GG39S3,1042,367,170,270,235,219,43,34,82,60,477,113,85,143,136,346,211,51,45,39
95GG40S1,802,203,130,268,201,202,54,55,72,21,448,97,55,154,142,152,52,20,42,38
95GG40S2,1059,269,154,358,278,193,42,29,77,45,717,178,106,243,190,149,49,19,38,43
95GG41S1,789,35,106,349,299,725,20,93,328,284,6,3,0,2,1,58,12,13,19,14
95GG41S2,596,30,76,260,230,512,13,65,238,196,39,2,5,10,22,45,15,6,12,12
95GG41S3,788,92,178,311,207,619,46,141,249,183,53,2,7,27,17,116,44,30,35,7
95GG42S1,689,61,108,303,217,592,29,78,279,206,8,0,3,4,1,89,32,27,20,10
95GG42S2,209,44,26,70,69,141,8,16,52,65,9,2,2,4,1,59,34,8,14,3
95GG42S3,740,384,102,153,101,309,47,58,118,86,13,4,2,5,2,418,333,42,30,13
95GG42S4,968,280,197,286,205,637,84,124,247,182,22,5,6,8,3,309,191,67,31,20
95GG43S1,720,174,122,248,176,350,69,79,130,72,223,36,18,83,86,147,69,25,35,18
95GG43S2,734,161,155,243,175,553,83,115,200,155,30,5,9,10,6,151,73,31,33,14
95GG43S3,862,251,182,232,197,463,109,117,138,99,185,33,24,49,79,214,109,41,45,19
95GG44S1,1390,490,264,421,215,348,100,56,110,82,606,164,129,217,96,436,226,79,94,37
95GG44S2,1315,398,305,363,249,407,110,105,111,81,472,95,96,157,124,436,193,104,95,44
95GG45S1,694,62,86,260,286,604,29,71,228,276,30,7,4,13,6,60,26,11,19,4
95GG45S2,686,136,117,261,172,279,36,50,128,65,335,62,52,126,95,72,38,15,7,12
95GG45S3,749,158,135,239,217,490,72,88,165,165,124,25,16,47,36,135,61,31,27,16
95GG46S1,663,123,114,287,139,378,46,70,160,102,232,51,32,116,33,53,26,12,11,4
95GG46S2,646,119,127,262,138,322,37,64,132,89,284,65,55,121,43,40,17,8,9,6
95GG46S3,623,104,110,234,175,281,40,50,101,90,293,47,57,116,73,49,17,3,17,12
95GG47S1,1025,240,251,389,145,330,56,72,122,80,448,92,120,188,48,247,92,59,79,17
95GG47S2,801,175,148,283,195,304,50,60,120,74,336,70,55,115,96,161,55,33,48,25
95GG47S3,815,188,174,278,175,324,44,69,140,71,265,44,55,77,89,226,100,50,61,15
95GG48S1,620,139,147,198,136,355,42,90,136,87,145,36,28,45,36,120,61,29,17,13
95GG48S2,842,225,195,328,94,201,33,48,87,33,543,153,130,206,54,98,39,17,35,7
95GG48S3,589,114,107,275,93,248,34,44,121,49,293,62,51,143,37,48,18,12,11,7
95GG49S1,748,280,141,197,130,344,58,54,137,95,47,5,10,19,13,357,217,77,41,22
95GG49S2,948,585,131,114,118,222,64,21,58,79,51,10,12,11,18,675,511,98,45,21
95GG49S3,821,552,94,102,73,167,66,21,45,35,91,18,17,25,31,563,468,56,32,7
95GG49S4,834,490,103,131,110,178,43,28,47,60,114,15,26,40,33,542,432,49,44,17
95GG50S1,764,256,181,208,119,350,93,86,99,72,146,28,29,58,31,268,135,66,51,16
95GG50S2,972,288,222,278,184,260,54,75,67,64,444,100,92,157,95,268,134,55,54,25
95GG50S3,917,280,205,236,196,294,52,76,90,76,331,75,67,101,88,292,153,62,45,32
95GG51S1,683,170,108,224,181,297,44,39,108,106,159,45,32,51,31,227,81,37,65,44
95GG51S2,710,152,103,234,221,242,31,40,97,74,277,63,33,79,102,191,58,30,58,45
95GG51S3,688,147,130,226,185,162,23,29,59,51,427,94,80,142,111,99,30,21,25,23
95HH01W1,890,115,157,333,285,622,55,120,252,195,128,13,8,47,60,140,47,29,34,30
95HH02S1,522,66,101,218,137,476,49,93,203,131,2,0,1,1,0,44,17,7,14,6
95HH02S2,541,53,176,254,58,506,44,169,241,52,5,0,1,1,3,30,9,6,12,3
95HH03W1,726,55,89,290,292,617,37,72,267,241,46,0,0,5,41,63,18,17,18,10
95HH04S1,645,73,140,305,127,595,54,126,297,118,0,0,0,0,0,50,19,14,8,9
95HH04S2,515,32,60,288,135,463,29,51,282,101,32,0,3,1,28,20,3,6,5,6
95HH05W1,908,236,208,290,174,507,101,130,174,102,224,57,34,81,52,177,78,44,35,20
95HH06S1,762,91,223,357,91,673,63,205,330,75,15,0,2,5,8,74,28,16,22,8
95HH06S2,920,127,267,372,154,760,84,230,322,124,72,13,10,30,19,88,30,27,20,11
95HH07W1,733,176,139,221,197,364,58,73,123,110,256,81,45,66,64,113,37,21,32,23
95HH08W1,1083,190,197,424,272,820,92,154,349,225,97,21,17,36,23,166,77,26,39,24
95HH09W1,1423,278,234,470,441,699,103,120,249,227,298,29,39,90,140,426,146,75,131,74
95HH10W1,945,97,239,370,239,833,60,211,343,219,33,9,5,6,13,79,28,23,21,7
95HH11W1,655,147,103,213,192,306,53,49,115,89,268,56,43,82,87,81,38,11,16,16
95HH12W1,626,97,115,251,163,491,43,84,220,144,71,29,17,19,6,64,25,14,12,13
95HH13W1,614,190,105,213,106,336,91,66,119,60,166,44,24,68,30,112,55,15,26,16
95HH14W1,764,127,120,264,253,402,54,65,141,142,232,31,31,80,90,130,42,24,43,21
95HH15W1,1083,159,192,428,304,760,88,137,354,181,165,8,16,43,98,158,63,39,31,25
95HH16W1,917,81,158,370,308,708,43,117,306,242,74,7,4,21,42,135,31,37,43,24
95HH17W1,928,126,207,387,208,809,80,179,361,189,30,6,5,10,9,89,40,23,16,10
95II01S1,626,73,120,252,181,517,40,102,213,162,52,11,3,25,13,57,22,15,14,6
95II01S2,634,37,100,272,225,588,23,89,260,216,4,0,1,2,1,42,14,10,10,8
95II02S1,507,47,124,268,68,443,27,110,244,62,23,2,4,15,2,41,18,10,9,4
95II02S2,678,88,163,279,148,481,36,117,211,117,128,27,27,50,24,69,25,19,18,7
95II02S3,726,124,117,265,220,371,40,57,161,113,293,56,52,91,94,62,28,8,13,13
95II03S1,575,59,162,296,58,527,35,148,288,56,4,1,2,1,0,44,23,12,7,2
95II03S2,729,118,156,276,179,643,82,134,257,170,7,0,4,3,0,79,36,18,16,9
95II04S1,864,147,232,359,126,740,109,201,322,108,40,6,8,17,9,84,32,23,20,9
95II04S2,808,165,193,271,179,535,82,135,185,133,186,45,39,65,37,87,38,19,21,9
95II05S1,527,18,83,277,149,494,13,73,263,145,1,1,0,0,0,32,4,10,14,4
95II05S2,774,105,165,261,243,580,61,132,220,167,94,9,7,24,54,100,35,26,17,22
95II06S1,533,40,115,267,111,502,29,109,258,106,5,3,0,1,1,26,8,6,8,4
95II06S2,752,161,166,257,168,621,95,135,230,161,6,2,2,2,0,125,64,29,25,7
95II07W1,991,174,182,329,306,458,60,88,174,136,403,66,67,130,140,130,48,27,25,30
95II08W1,1073,170,207,370,326,792,107,153,288,244,166,18,23,60,65,115,45,31,22,17
95II09S1,865,116,186,305,258,639,61,141,264,173,75,2,4,6,63,151,53,41,35,22
95II09S2,552,67,144,202,139,462,34,129,185,114,20,7,2,3,8,70,26,13,14,17
95II10W1,1144,198,229,392,325,665,93,151,251,170,377,63,66,123,125,102,42,12,18,30
95II11W1,1055,116,217,412,310,884,60,169,368,287,31,5,5,10,11,140,51,43,34,12
95II12W1,1007,90,189,374,354,928,68,166,354,340,11,4,5,1,1,68,18,18,19,13
95II13W1,1253,212,265,379,397,685,74,136,233,242,380,78,71,108,123,188,60,58,38,32
95II14W1,1026,100,169,386,371,939,62,146,365,366,2,1,0,1,0,85,37,23,20,5
95II15S1,660,118,174,278,90,556,78,147,260,71,28,2,7,5,14,76,38,20,13,5
95II15S2,659,50,111,231,267,606,28,96,224,258,5,1,1,1,2,48,21,14,6,7
95II16W1,890,113,174,293,310,660,70,124,228,238,158,23,30,48,57,72,20,20,17,15
95II17W1,1190,178,202,419,391,779,87,136,290,266,290,54,40,103,93,121,37,26,26,32
95II18W1,1090,184,203,316,387,603,79,132,186,206,361,52,49,108,152,126,53,22,22,29
95II19S1,633,28,91,348,166,561,20,71,322,148,21,2,5,5,9,51,6,15,21,9
95II19S2,756,66,106,360,224,644,35,94,328,187,52,8,6,19,19,60,23,6,13,18
95II20W1,1211,229,236,410,336,924,123,167,344,290,89,15,20,28,26,198,91,49,38,20
95II21W1,1045,237,207,359,242,559,80,100,226,153,374,121,80,109,64,112,36,27,24,25
95II22W1,990,132,171,364,323,782,72,132,305,273,124,25,18,46,35,84,35,21,13,15
95II23W1,910,107,171,347,285,728,51,133,301,243,72,10,12,27,23,110,46,26,19,19
95JJ01W1,892,79,172,393,248,755,49,147,354,205,45,7,6,16,16,92,23,19,23,27
95JJ02W1,1074,150,186,423,315,695,43,97,298,257,189,39,38,77,35,190,68,51,48,23
95JJ03S1,596,167,122,236,71,168,21,37,86,24,379,126,76,137,40,49,20,9,13,7
95JJ03S2,427,86,114,165,62,230,27,64,97,42,137,38,32,55,12,60,21,18,13,8
95JJ04S1,610,91,107,240,172,435,37,82,183,133,77,19,10,27,21,98,35,15,30,18
95JJ04S2,669,80,115,270,204,493,29,85,216,163,39,5,6,14,14,137,46,24,40,27
95JJ05W1,892,168,118,301,305,380,38,44,154,144,172,6,14,44,108,340,124,60,103,53
95JJ06W1,1063,225,233,382,223,466,69,108,182,107,387,95,80,139,73,210,61,45,61,43
95JJ07W1,1092,252,207,411,222,468,79,96,204,89,408,83,68,152,105,216,90,43,55,28
95JJ08S1,540,41,82,227,190,421,21,68,187,145,54,5,5,20,24,65,15,9,20,21
95JJ08S2,647,135,147,237,128,429,20,96,197,116,12,2,5,5,0,206,113,46,35,12
95JJ09W1,839,50,95,358,336,712,23,79,315,295,47,6,2,19,20,80,21,14,24,21
95JJ10W1,1027,139,211,348,329,680,48,152,264,216,161,31,26,44,60,186,60,33,40,53
95JJ11S1,724,76,143,302,203,505,26,86,230,163,93,11,13,39,30,126,39,44,33,10
95JJ11S2,818,119,186,281,232,655,58,149,242,206,4,3,0,1,0,159,58,37,38,26
95JJ12W1,1002,188,202,358,254,643,83,126,264,170,147,22,24,48,53,212,83,52,46,31
95JJ13S1,779,144,223,307,105,552,56,160,252,84,58,16,12,19,11,169,72,51,36,10
95JJ13S2,678,73,102,339,164,572,31,81,316,144,1,0,0,1,0,105,42,21,22,20
95JJ14W1,849,79,166,367,237,672,50,132,305,185,104,12,22,41,29,73,17,12,21,23
95JJ15W1,779,130,120,263,266,544,34,63,207,240,9,2,4,2,1,226,94,53,54,25
95JJ16W1,916,175,121,307,313,452,38,49,177,188,170,17,17,56,80,294,120,55,74,45
95JJ17W1,824,79,152,356,237,710,53,130,322,205,29,3,6,9,11,85,23,16,25,21
95JJ18W1,975,142,160,372,301,525,45,77,222,181,136,7,14,48,67,314,90,69,102,53
95JJ19S1,652,122,65,241,224,473,24,43,204,202,3,2,0,1,0,176,96,22,36,22
95JJ19S2,476,160,50,124,142,245,22,28,102,93,44,1,0,2,41,187,137,22,20,8
95JJ20S1,833,125,211,333,164,674,64,163,302,145,35,5,13,12,5,124,56,35,19,14
95JJ20S2,785,79,138,357,211,601,48,106,282,165,90,4,14,44,28,94,27,18,31,18
95JJ21W1,962,169,149,361,283,539,46,81,241,171,166,21,27,60,58,257,102,41,60,54
95JJ22W1,1088,99,184,466,339,891,46,144,411,290,39,4,1,8,26,158,49,39,47,23
95KK01W1,836,124,203,305,204,711,89,175,262,185,36,3,8,19,6,89,32,20,24,13
95KK02W1,722,98,153,276,195,575,64,122,231,158,60,9,12,22,17,87,25,19,23,20
95KK03W1,704,98,166,266,174,627,68,145,252,162,6,3,0,3,0,71,27,21,11,12
95KK04W1,974,222,220,380,152,593,86,142,254,111,144,39,27,57,21,237,97,51,69,20
95KK05W1,803,128,168,321,186,673,76,143,292,162,29,7,6,12,4,101,45,19,17,20
95KK06W1,737,139,130,295,173,461,48,79,211,123,132,27,21,54,30,144,64,30,30,20
95KK07W1,682,59,161,252,210,588,35,141,220,192,19,1,1,11,6,75,23,19,21,12
95KK08W1,967,227,224,296,220,660,125,153,208,174,51,9,10,22,10,256,93,61,66,36
95KK09W1,947,213,192,285,257,517,67,97,186,167,133,21,25,38,49,297,125,70,61,41
95KK10W1,699,85,155,269,190,613,55,140,250,168,11,2,1,4,4,75,28,14,15,18
95KK11W1,982,207,201,336,238,581,60,128,228,165,178,43,30,59,46,223,104,43,49,27
95KK12W1,776,139,150,313,174,575,82,111,245,137,50,4,17,16,13,151,53,22,52,24
95KK13W1,642,67,118,257,200,517,44,90,218,165,40,9,10,11,10,85,14,18,28,25
95KK14W1,703,97,132,295,179,506,39,99,232,136,84,19,16,30,19,113,39,17,33,24
95KK15W1,921,176,210,349,186,744,121,164,302,157,21,0,6,10,5,156,55,40,37,24
95KK16W1,809,119,144,329,217,535,38,88,251,158,58,2,2,18,36,216,79,54,60,23
95LL01S1,802,95,188,337,182,665,51,163,294,157,42,14,6,13,9,95,30,19,30,16
95LL01S2,777,128,215,281,153,674,88,189,262,135,14,4,3,4,3,89,36,23,15,15
95LL02S1,623,127,136,230,130,475,70,109,190,106,22,4,5,11,2,126,53,22,29,22
95LL02S2,744,192,132,242,178,210,22,46,67,75,158,35,19,66,38,376,135,67,109,65
95LL03W1,1092,285,234,298,275,520,101,117,149,153,300,69,55,90,86,272,115,62,59,36
95LL04W1,1090,215,184,409,282,706,104,117,304,181,103,10,10,37,46,281,101,57,68,55
95LL05S1,826,84,209,367,166,728,55,183,340,150,5,2,1,1,1,93,27,25,26,15
95LL05S2,628,71,118,292,147,531,43,108,268,112,24,3,1,6,14,73,25,9,18,21
95LL06S1,654,144,122,230,158,444,59,73,176,136,66,22,15,19,10,144,63,34,35,12
95LL06S2,754,134,114,264,242,460,50,70,184,156,113,12,16,35,50,181,72,28,45,36
95LL07W1,1001,194,167,284,356,469,46,69,140,214,311,64,57,96,94,221,84,41,48,48
95LL08S1,605,131,127,240,107,236,30,51,114,41,227,49,41,83,54,142,52,35,43,12
95LL08S2,721,166,158,280,117,235,35,46,105,49,223,43,48,90,42,263,88,64,85,26
95LL09S1,657,137,127,233,160,293,37,68,125,63,177,28,21,55,73,187,72,38,53,24
95LL09S2,738,110,111,272,245,312,27,59,130,96,245,33,23,82,107,181,50,29,60,42
95LL10S1,974,127,253,433,161,829,72,217,394,146,16,4,2,8,2,129,51,34,31,13
95LL10S2,767,110,199,308,150,636,55,169,280,132,3,0,0,1,2,128,55,30,27,16
95LL11S1,585,97,126,216,146,428,59,97,170,102,88,17,17,26,28,69,21,12,20,16
95LL11S2,839,162,228,313,136,721,122,205,276,118,24,6,2,11,5,94,34,21,26,13
95LL12S1,1043,329,288,309,117,590,165,182,180,63,176,45,37,65,29,277,119,69,64,25
95LL12S2,449,107,95,172,75,159,19,34,64,42,228,55,51,92,30,62,33,10,16,3
95LL13S1,539,113,135,200,91,302,46,67,127,62,92,19,21,37,15,145,48,47,36,14
95LL13S2,558,107,156,178,117,278,37,70,97,74,134,17,43,42,32,146,53,43,39,11
95LL14S1,475,67,69,212,127,211,29,29,100,53,174,15,19,86,54,90,23,21,26,20
95LL14S2,495,57,81,213,144,406,34,67,175,130,28,2,4,17,5,61,21,10,21,9
95LL15S1,690,103,100,238,249,376,27,56,152,141,143,18,16,38,71,171,58,28,48,37
95LL15S2,640,82,111,276,171,467,39,61,221,146,76,11,22,33,10,97,32,28,22,15
95LL16S1,1067,211,207,373,276,870,154,160,323,233,36,2,7,10,17,161,55,40,40,26
95LL16S2,1215,366,314,399,136,841,218,233,286,104,103,22,26,37,18,271,126,55,76,14
95LL17W1,1106,169,184,377,376,761,76,118,291,276,144,24,24,35,61,201,69,42,51,39
95LL18S1,795,124,143,258,270,646,74,107,225,240,9,2,2,2,3,140,48,34,31,27
95LL18S2,536,77,90,213,156,475,57,76,202,140,6,2,0,1,3,55,18,14,10,13
95LL19S1,855,118,218,308,211,700,84,194,266,156,54,6,2,11,35,101,28,22,31,20
95LL19S2,1049,160,266,407,216,843,94,226,353,170,50,4,10,15,21,156,62,30,39,25
95LL20W1,942,177,210,321,234,617,72,147,241,157,162,32,26,48,56,163,73,37,32,21
95LL21W1,1662,359,357,476,470,1015,164,244,330,277,228,26,24,54,124,419,169,89,92,69
95LL22W1,1424,406,306,465,247,876,195,176,312,193,182,55,34,66,27,366,156,96,87,27
95LL23W1,973,196,156,327,294,484,50,82,182,170,296,65,42,105,84,193,81,32,40,40
95LL24S1,704,150,143,278,133,555,93,111,241,110,8,2,3,1,2,141,55,29,36,21
95LL24S2,608,110,114,225,159,461,63,85,188,125,36,8,6,15,7,111,39,23,22,27
95LL25S1,1007,249,208,315,235,800,186,153,273,188,67,11,12,17,27,140,52,43,25,20
95LL25S2,732,93,168,317,154,640,67,145,291,137,5,1,1,2,1,87,25,22,24,16
95LL26S1,761,195,163,277,126,380,63,75,149,93,104,18,27,44,15,277,114,61,84,18
95LL26S2,729,88,172,333,136,604,48,136,302,118,8,5,1,1,1,117,35,35,30,17
95MM01S1,603,132,119,225,127,233,23,39,100,71,278,76,58,94,50,92,33,22,31,6
95MM01S2,651,168,192,217,74,448,75,127,187,59,12,4,1,2,5,191,89,64,28,10
95MM01S3,643,119,143,257,124,470,46,115,207,102,56,14,4,24,14,117,59,24,26,8
95MM02S1,598,43,77,251,227,486,21,61,207,197,48,5,6,19,18,64,17,10,25,12
95MM02S2,546,32,70,330,114,496,19,56,317,104,4,1,0,3,0,46,12,14,10,10
95MM03W1,1155,169,269,443,274,918,95,216,370,237,81,13,17,35,16,156,61,36,38,21
95MM04W1,890,115,110,380,285,550,43,61,256,190,206,20,25,84,77,134,52,24,40,18
95MM05W1,1062,178,197,438,249,358,32,63,165,98,554,101,98,231,124,150,45,36,42,27
95MM06S1,489,83,106,174,126,294,31,59,112,92,118,22,26,47,23,77,30,21,15,11
95MM06S2,460,108,82,176,94,212,33,32,88,59,162,36,32,71,23,86,39,18,17,12
95MM07W1,1201,204,191,455,351,594,45,86,258,205,438,100,73,150,115,169,59,32,47,31
95MM08S1,562,99,110,203,150,233,19,46,91,77,215,42,37,77,59,114,38,27,35,14
95MM08S2,676,76,96,279,225,483,48,72,231,132,110,2,3,27,78,83,26,21,21,15
95MM09S1,584,90,151,210,133,383,39,114,144,86,89,13,14,33,29,112,38,23,33,18
95MM09S2,636,69,151,270,146,548,52,125,247,124,18,2,6,5,5,70,15,20,18,17
95MM10S1,495,110,123,196,66,120,18,30,50,22,324,77,82,132,33,51,15,11,14,11
95MM10S2,492,83,110,227,72,257,31,48,129,49,155,23,35,78,19,80,29,27,20,4
95MM11W1,855,152,186,338,179,348,33,74,136,105,419,96,91,176,56,88,23,21,26,18
95MM12S1,662,109,153,304,96,392,25,87,220,60,183,61,42,61,19,87,23,24,23,17
95MM12S2,499,146,106,206,41,141,26,29,70,16,286,87,64,115,20,72,33,13,21,5
95MM12S3,815,221,216,321,57,385,51,116,194,24,270,88,64,93,25,160,82,36,34,8
95MM13S1,401,37,89,201,74,333,15,67,185,66,15,4,7,2,2,53,18,15,14,6
95MM13S2,493,119,101,209,64,143,12,31,78,22,294,82,58,120,34,56,25,12,11,8
95MM13S3,551,154,127,207,63,218,33,54,98,33,251,76,59,90,26,82,45,14,19,4
95MM13S4,849,158,261,285,145,409,38,190,158,23,209,68,54,68,19,231,52,17,59,103
95MM13S5,696,106,246,273,71,570,60,209,237,64,15,2,0,9,4,111,44,37,27,3
95MM14S1,371,50,61,112,148,186,14,27,74,71,111,15,14,16,66,74,21,20,22,11
95MM14S2,805,199,185,231,190,301,34,70,99,98,188,42,31,51,64,316,123,84,81,28
95MM15S1,656,45,107,323,181,472,16,71,262,123,92,6,13,32,41,92,23,23,29,17
95MM15S2,914,134,252,375,153,692,58,200,315,119,50,8,8,14,20,172,68,44,46,14
95MM16S1,913,265,257,254,137,466,117,131,141,77,245,49,66,83,47,202,99,60,30,13
95MM16S2,1166,227,316,455,168,849,108,227,379,135,27,6,7,7,7,290,113,82,69,26
95MM17S1,610,60,132,329,89,523,31,106,308,78,4,2,2,0,0,83,27,24,21,11
95MM17S2,737,130,117,315,175,408,32,52,209,115,179,28,34,73,44,150,70,31,33,16
95MM18S1,784,138,198,293,155,608,90,151,240,127,54,4,17,23,10,122,44,30,30,18
95MM18S2,982,218,308,339,117,751,136,257,270,88,64,15,10,26,13,167,67,41,43,16
95MM19S1,634,80,96,286,172,543,37,80,263,163,4,1,1,2,0,87,42,15,21,9
95MM19S2,635,183,174,213,65,391,75,107,153,56,13,6,3,4,0,231,102,64,56,9
95MM20S1,716,92,128,252,244,443,37,89,164,153,178,26,20,63,69,95,29,19,25,22
95MM20S2,753,109,139,251,254,489,33,83,179,194,91,19,20,28,24,173,57,36,44,36
95MM21S1,611,119,137,236,119,436,68,102,181,85,98,18,21,35,24,77,33,14,20,10
95MM21S2,643,61,118,302,162,567,34,102,281,150,22,6,8,4,4,54,21,8,17,8
95MM22S1,477,61,70,178,168,362,16,47,145,154,11,3,3,4,1,104,42,20,29,13
95MM22S2,496,29,49,206,212,390,16,34,185,155,46,0,1,3,42,60,13,14,18,15
95MM23W1,1074,283,184,377,230,479,41,75,209,154,171,31,26,68,46,424,211,83,100,30
95MM24W1,892,141,192,328,231,429,28,73,174,154,352,69,91,130,62,111,44,28,24,15
95MM25S1,474,130,100,193,51,151,30,27,74,20,273,78,57,113,25,50,22,16,6,6
95MM25S2,504,162,113,172,57,142,33,35,59,15,320,111,68,104,37,42,18,10,9,5
95MM25S3,528,159,159,173,37,185,29,66,77,13,249,79,71,82,17,94,51,22,14,7
95MM25S4,682,136,169,299,78,415,43,106,231,35,179,53,34,50,42,88,40,29,18,1
95MM26S1,597,118,118,290,71,316,27,63,182,44,184,51,36,81,16,97,40,19,27,11
95MM26S2,459,35,74,256,94,413,13,67,248,85,6,2,0,3,1,40,20,7,5,8
95MM27S1,1045,328,188,345,184,253,41,42,91,79,398,132,50,134,82,394,155,96,120,23
95MM27S2,569,143,97,200,129,284,27,25,121,111,57,18,11,22,6,228,98,61,57,12
95MM28W1,1095,223,225,431,216,407,37,78,196,96,325,60,59,119,87,363,126,88,116,33
95MM29W1,1490,422,359,465,244,750,137,185,268,160,222,50,48,73,51,518,235,126,124,33
95MM30W1,903,118,154,368,263,477,31,73,212,161,248,37,27,97,87,178,50,54,59,15
95NN01S1,584,108,92,230,154,349,33,52,153,111,106,26,22,36,22,129,49,18,41,21
95NN01S2,617,96,127,243,151,463,53,101,182,127,37,2,5,23,7,117,41,21,38,17
95NN02W1,836,86,150,361,239,675,36,121,310,208,81,17,16,31,17,80,33,13,20,14
95NN03S1,566,94,89,219,164,359,39,65,158,97,67,4,0,17,46,140,51,24,44,21
95NN03S2,567,83,133,209,142,390,43,93,153,101,108,19,24,45,20,69,21,16,11,21
95NN04W1,1175,367,241,335,232,560,118,133,164,145,277,80,54,98,45,338,169,54,73,42
95NN05W1,1075,233,219,367,256,665,95,136,256,178,198,49,40,67,42,212,89,43,44,36
95NN06S1,450,84,78,166,122,269,28,38,116,87,69,13,12,30,14,112,43,28,20,21
95NN06S2,787,161,207,286,133,556,75,147,234,100,64,13,17,22,12,167,73,43,30,21
95NN07S1,595,149,136,240,70,394,64,101,181,48,100,37,18,35,10,101,48,17,24,12
95NN07S2,651,131,123,213,184,343,38,74,135,96,118,14,16,30,58,190,79,33,48,30
95NN08S1,566,55,82,283,146,446,23,62,239,122,35,7,3,16,9,85,25,17,28,15
95NN08S2,630,86,126,261,157,489,40,95,225,129,34,2,8,15,9,107,44,23,21,19
95NN09S1,587,69,117,274,127,514,49,100,250,115,8,0,1,4,3,65,20,16,20,9
95NN09S2,505,47,79,222,157,367,23,59,178,107,66,3,6,26,31,72,21,14,18,19
95NN10S1,669,64,94,247,264,430,21,60,196,153,96,6,1,12,77,143,37,33,39,34
95NN10S2,621,71,136,267,147,498,36,96,234,132,9,2,5,0,2,114,33,35,33,13
95NN11S1,637,130,139,233,135,461,62,104,191,104,52,8,3,23,18,124,60,32,19,13
95NN11S2,660,64,155,289,152,577,40,136,272,129,14,3,0,5,6,69,21,19,12,17
95NN12W1,1128,215,232,400,281,731,77,162,289,203,133,31,18,53,31,264,107,52,58,47
95NN13W1,1064,102,222,446,294,940,74,200,411,255,22,3,3,10,6,102,25,19,25,33
95NN14S1,652,82,126,276,168,486,42,97,226,121,52,5,8,23,16,114,35,21,27,31
95NN14S2,553,137,136,172,108,351,35,75,143,98,20,7,6,4,3,182,95,55,25,7
95NN15W1,1230,221,233,440,336,723,65,154,300,204,223,49,30,77,67,284,107,49,63,65
95NN16S1,547,29,108,241,169,487,17,93,226,151,5,0,2,1,2,55,12,13,14,16
95NN16S2,581,60,114,253,154,487,31,97,227,132,14,1,2,7,4,80,28,15,19,18
95NN17W1,928,146,158,380,244,553,36,77,255,185,139,24,26,65,24,236,86,55,60,35
95NN18S1,534,108,84,204,138,304,35,41,126,102,73,16,10,28,19,157,57,33,50,17
95NN18S2,489,51,83,234,121,420,22,73,218,107,11,6,1,2,2,58,23,9,14,12
95NN19S1,686,94,123,274,195,521,52,99,223,147,65,13,7,23,22,100,29,17,28,26
95NN19S2,650,83,107,282,178,534,43,78,254,159,9,5,3,0,1,107,35,26,28,18
95NN20W1,1073,119,204,459,291,868,70,170,398,230,50,5,6,16,23,155,44,28,45,38
95NN21W1,1151,133,176,455,387,799,55,106,335,303,109,9,19,56,25,243,69,51,64,59
95NN22W1,1003,119,178,411,295,800,70,138,353,239,47,6,7,18,16,156,43,33,40,40
95NN23S1,513,77,107,219,110,417,53,86,181,97,18,1,7,7,3,78,23,14,31,10
95NN23S2,646,102,123,258,163,480,48,91,204,137,46,8,5,24,9,120,46,27,30,17
95OO01W1,809,117,178,312,202,699,88,154,282,175,15,2,5,5,3,95,27,19,25,24
95OO02W1,703,92,122,303,186,565,51,99,253,162,42,5,7,22,8,96,36,16,28,16
95OO03W1,914,166,188,321,239,677,85,139,257,196,79,13,16,26,24,158,68,33,38,19
95OO04W1,877,128,192,327,230,649,61,145,263,180,64,13,7,21,23,164,54,40,43,27
95OO05W1,1021,292,198,357,174,411,70,66,159,116,311,90,58,120,43,299,132,74,78,15
95OO06W1,941,152,211,361,217,735,78,166,300,191,48,12,13,16,7,158,62,32,45,19
95OO07W1,854,129,163,336,226,662,69,119,285,189,55,13,9,19,14,137,47,35,32,23
95OO08W1,887,99,194,361,233,734,56,169,311,198,27,4,2,11,10,126,39,23,39,25
95OO09W1,744,109,128,297,210,566,65,87,245,169,54,8,11,16,19,124,36,30,36,22
95OO10W1,1163,257,275,402,229,748,121,185,276,166,146,32,32,56,26,269,104,58,70,37
95OO11W1,956,226,219,329,182,505,71,124,198,112,216,52,52,77,35,235,103,43,54,35
95OO12W1,999,186,251,349,213,681,73,159,273,176,109,33,26,35,15,209,80,66,41,22
95OO13W1,976,208,229,343,196,611,72,129,253,157,78,13,22,28,15,287,123,78,62,24
95OO14W1,866,111,222,318,215,672,64,179,256,173,52,5,6,27,14,142,42,37,35,28
95OO15W1,870,202,182,291,195,457,43,88,188,138,162,49,40,49,24,251,110,54,54,33
95OO16W1,853,124,159,309,261,542,48,103,220,171,121,22,15,40,44,190,54,41,49,46
95OO17W1,978,164,220,343,251,795,113,177,291,214,43,10,6,14,13,140,41,37,38,24
95OO18W1,1099,231,240,368,260,627,79,127,241,180,152,27,30,49,46,320,125,83,78,34
95OO19W1,1046,192,255,377,222,775,91,191,311,182,55,14,11,17,13,216,87,53,49,27
95OO20W1,854,136,176,296,246,595,56,119,238,182,88,17,11,24,36,171,63,46,34,28
95OO21W1,904,145,184,340,235,508,29,89,229,161,145,27,26,49,43,251,89,69,62,31
95OO22W1,956,135,245,371,205,814,95,209,327,183,21,4,6,9,2,121,36,30,35,20
95PP01W1,950,109,203,400,238,780,58,169,355,198,40,7,7,12,14,130,44,27,33,26
95PP02W1,933,90,141,403,299,731,43,119,329,240,59,12,7,17,23,143,35,15,57,36
95PP03W1,971,139,166,394,272,730,72,114,321,223,84,10,17,34,23,157,57,35,39,26
95PP04W1,1081,118,229,450,284,904,75,185,397,247,17,4,3,7,3,160,39,41,46,34
95PP05W1,822,92,163,322,245,693,56,141,292,204,35,8,5,10,12,94,28,17,20,29
95PP06S1,780,199,183,304,94,430,51,104,208,67,153,45,30,59,19,197,103,49,37,8
95PP06S2,774,98,141,333,202,550,32,96,270,152,62,6,8,18,30,162,60,37,45,20
95PP07W1,987,111,205,421,250,770,54,153,362,201,54,8,8,20,18,163,49,44,39,31
95PP08W1,960,144,175,384,257,772,92,138,336,206,37,5,2,12,18,151,47,35,36,33
95PP09W1,757,135,131,258,233,381,38,43,134,166,207,41,46,83,37,169,56,42,41,30
95PP10W1,798,96,147,329,226,681,69,122,300,190,29,4,3,11,11,88,23,22,18,25
95PP11W1,1040,163,218,387,272,637,37,123,267,210,210,50,51,70,39,193,76,44,50,23
95PP12W1,891,104,188,362,237,749,58,154,321,216,28,5,7,11,5,114,41,27,30,16
95PP13W1,1060,199,195,384,282,633,79,128,252,174,185,22,28,71,64,242,98,39,61,44
95PP14S1,556,58,109,237,152,401,31,78,188,104,53,6,10,16,21,102,21,21,33,27
95PP14S2,791,138,136,303,214,599,81,103,247,168,57,11,6,24,16,135,46,27,32,30
95PP15W1,1089,144,254,456,235,869,77,198,397,197,43,6,10,14,13,177,61,46,45,25
95PP16W1,705,62,108,317,218,616,30,97,292,197,9,3,1,4,1,80,29,10,21,20
95PP17W1,1028,182,194,390,262,586,56,106,248,176,159,28,27,72,32,283,98,61,70,54
95PP18W1,1093,156,224,436,277,863,83,182,361,237,44,7,6,22,9,186,66,36,53,31
95PP19W1,933,151,181,373,228,614,61,131,253,169,141,22,28,67,24,178,68,22,53,35
95PP20W1,1379,269,261,517,332,756,79,120,357,200,206,23,35,74,74,417,167,106,86,58
95PP21W1,783,95,156,294,238,597,51,119,245,182,73,12,7,19,35,113,32,30,30,21
95PP22W1,1010,126,163,434,287,719,43,122,338,216,137,24,18,48,47,154,59,23,48,24
95PP23W1,898,121,184,359,234,721,64,148,317,192,48,15,9,14,10,129,42,27,28,32
95QQ01W1,707,126,100,252,229,388,34,52,156,146,163,44,19,48,52,156,48,29,48,31
95QQ02W1,996,149,211,425,211,852,113,179,385,175,28,4,3,11,10,116,32,29,29,26
95QQ03W1,507,111,87,166,143,273,35,44,97,97,155,46,25,52,32,79,30,18,17,14
95QQ04W1,692,114,147,263,168,414,39,90,178,107,179,36,36,66,41,99,39,21,19,20
95QQ05W1,1127,65,184,547,331,1003,43,161,505,294,18,0,6,5,7,106,22,17,37,30
95QQ06W1,754,98,140,314,202,517,43,85,239,150,79,21,17,25,16,158,34,38,50,36
95QQ07W1,919,114,129,360,316,448,26,66,198,158,233,20,26,84,103,238,68,37,78,55
95QQ08W1,698,92,95,251,260,403,38,58,144,163,206,32,20,83,71,89,22,17,24,26
95QQ09W1,838,68,110,307,353,627,43,77,251,256,100,3,12,20,65,111,22,21,36,32
95QQ10W1,688,72,128,303,185,516,30,97,247,142,41,6,5,14,16,131,36,26,42,27
95QQ11W1,776,71,132,356,217,666,44,117,326,179,32,5,1,10,16,78,22,14,20,22
95QQ12W1,758,108,128,304,218,514,44,83,220,167,54,11,7,23,13,190,53,38,61,38
95QQ13W1,1031,112,187,469,263,842,66,144,408,224,53,10,13,13,17,136,36,30,48,22
95QQ14S1,1366,414,418,423,111,1076,277,341,365,93,12,4,5,1,2,278,133,72,57,16
95QQ14S2,679,56,116,315,192,576,38,100,275,163,24,1,4,13,6,79,17,12,27,23
95QQ15W1,761,121,119,287,234,526,47,78,218,183,47,8,6,21,12,188,66,35,48,39
95RR01S1,853,183,282,281,107,605,87,215,221,82,80,20,27,24,9,168,76,40,36,16
95RR01S2,649,77,157,268,147,519,41,130,228,120,36,6,6,15,9,94,30,21,25,18
95RR02W1,647,85,137,258,167,440,30,93,201,116,106,16,16,36,38,101,39,28,21,13
95RR03W1,617,121,137,230,129,259,22,50,118,69,224,46,53,83,42,134,53,34,29,18
95RR04W1,752,137,157,270,188,472,50,89,196,137,98,11,21,38,28,182,76,47,36,23
95RR05S1,475,52,91,224,108,402,27,72,206,97,8,1,1,6,0,65,24,18,12,11
95RR05S2,491,113,127,158,93,198,28,54,78,38,195,43,44,59,49,98,42,29,21,6
95RR06W1,708,113,162,266,167,537,58,134,223,122,45,11,3,20,11,126,44,25,23,34
95RR07W1,859,120,199,350,190,696,68,170,310,148,36,4,5,16,11,127,48,24,24,31
95RR08W1,713,72,169,297,175,601,40,147,261,153,24,2,7,7,8,88,30,15,29,14
95RR09S1,764,123,165,318,158,551,70,129,237,115,106,15,15,54,22,107,38,21,27,21
95RR09S2,617,291,153,143,30,427,199,97,108,23,20,6,6,6,2,170,86,50,29,5
95RR10W1,582,109,134,188,151,242,21,50,79,92,215,44,54,81,36,125,44,30,28,23
95RR11W1,652,51,132,291,178,509,27,104,238,140,52,3,8,23,18,91,21,20,30,20
95RR12W1,606,51,89,268,198,451,14,60,216,161,73,11,13,30,19,82,26,16,22,18
95RR13W1,657,84,86,235,252,345,21,39,134,151,148,19,10,52,67,164,44,37,49,34
95RR14W1,654,94,158,252,150,521,58,132,205,126,51,5,9,27,10,82,31,17,20,14
95RR15W1,802,151,195,284,172,617,85,144,245,143,40,7,8,14,11,145,59,43,25,18
95SS01S1,666,29,94,347,196,595,13,83,321,178,14,2,2,5,5,57,14,9,21,13
95SS01S2,1015,157,278,416,164,867,106,250,373,138,34,9,3,10,12,114,42,25,33,14
95SS02S1,866,131,159,313,263,671,40,110,282,239,125,66,29,21,9,70,25,20,10,15
95SS02S2,664,46,133,359,126,650,44,130,357,119,0,0,0,0,0,14,2,3,2,7
95SS03S1,547,27,73,272,175,483,19,62,249,153,4,0,1,2,1,60,8,10,21,21
95SS03S2,642,35,98,304,205,588,18,88,291,191,11,4,2,4,1,43,13,8,9,13
95SS04S1,845,172,244,292,137,453,59,166,191,37,323,88,59,88,88,69,25,19,13,12
95SS04S2,799,250,184,260,105,576,187,141,188,60,149,24,27,61,37,74,39,16,11,8
95SS04S3,1291,358,357,409,167,1047,261,307,354,125,81,17,15,28,21,163,80,35,27,21
95SS05S1,736,146,116,256,218,466,41,82,172,171,95,21,12,40,22,175,84,22,44,25
95SS05S2,705,79,138,278,210,616,59,117,253,187,22,3,4,10,5,67,17,17,15,18
95SS06S1,498,111,100,224,63,231,29,43,125,34,223,69,47,83,24,44,13,10,16,5
95SS06S2,773,248,183,301,41,188,36,43,99,10,512,178,120,188,26,73,34,20,14,5
95SS06S3,664,191,120,285,68,253,48,39,139,27,365,126,68,138,33,46,17,13,8,8
95SS07S1,1181,482,382,279,38,831,331,289,184,27,259,104,68,77,10,91,47,25,18,1
95SS07S2,527,126,204,173,24,467,100,189,156,22,29,8,8,11,2,31,18,7,6,0
95SS07S3,1698,361,399,521,417,1105,186,292,350,277,365,69,58,129,109,228,106,49,42,31
95SS08S1,680,34,128,362,156,613,24,117,335,137,25,3,3,10,9,42,7,8,17,10
95SS08S2,990,129,204,399,258,827,85,174,348,220,30,5,2,15,8,133,39,28,36,30
95SS09S1,714,86,146,290,192,607,47,118,268,174,8,0,2,3,3,99,39,26,19,15
95SS09S2,620,48,92,286,194,526,22,82,250,172,48,10,3,23,12,46,16,7,13,10
95SS10S1,945,242,201,299,203,629,122,162,236,109,151,20,16,37,78,165,100,23,26,16
95SS10S2,662,50,128,384,100,606,23,116,372,95,5,1,0,4,0,51,26,12,8,5
95SS11S1,947,152,263,355,177,804,106,230,324,144,30,1,6,9,14,113,45,27,22,19
95SS11S2,916,106,201,420,189,841,86,188,395,172,14,3,1,6,4,61,17,12,19,13
95SS12W1,1251,110,228,497,416,1019,60,168,450,341,98,9,17,25,47,134,41,43,22,28
95SS13S1,711,186,122,231,172,368,57,73,132,106,160,37,19,56,48,183,92,30,43,18
95SS13S2,625,125,114,211,175,332,45,60,122,105,189,29,38,69,53,104,51,16,20,17
95SS14S1,658,117,106,245,190,306,33,48,128,97,257,57,41,86,73,95,27,17,31,20
95SS14S2,588,95,121,193,179,436,51,85,153,147,84,21,21,22,20,68,23,15,18,12
95SS15S1,759,61,122,333,243,635,37,105,300,193,61,5,7,15,34,63,19,10,18,16
95SS15S2,757,38,123,322,274,622,18,103,290,211,35,0,3,2,30,100,20,17,30,33
95SS16S1,496,70,96,269,61,409,42,79,234,54,53,9,9,30,5,34,19,8,5,2
95SS16S2,656,123,111,283,139,330,50,49,156,75,284,58,58,116,52,42,15,4,11,12
95SS17S1,1104,303,261,326,214,808,209,182,255,162,134,25,40,37,32,162,69,39,34,20
95SS17S2,645,133,126,233,153,336,61,68,141,66,202,27,30,77,68,107,45,28,15,19
95SS18S1,613,141,114,200,158,319,49,64,100,106,243,75,39,89,40,51,17,11,11,12
95SS18S2,729,120,117,217,275,384,45,66,150,123,238,35,27,40,136,107,40,24,27,16
95SS19S1,619,111,122,248,138,429,59,86,196,88,95,24,14,26,31,95,28,22,26,19
95SS19S2,617,134,126,199,158,358,60,66,127,105,199,46,46,59,48,60,28,14,13,5
95SS20W1,1096,70,152,432,442,943,39,122,390,392,20,2,3,2,13,133,29,27,40,37
95SS21S1,828,143,228,334,123,754,118,211,320,105,13,0,2,4,7,61,25,15,10,11
95SS21S2,828,108,170,342,208,734,84,147,311,192,14,1,2,8,3,80,23,21,23,13
95SS22S1,600,178,114,156,152,370,24,69,140,137,38,11,9,9,9,192,143,36,7,6
95SS22S2,654,61,92,283,218,590,48,81,267,194,25,0,4,4,17,39,13,7,12,7
95SS23S1,894,111,215,328,240,730,59,174,288,209,40,5,6,11,18,124,47,35,29,13
95SS23S2,638,89,147,263,139,504,49,123,219,113,89,20,14,34,21,45,20,10,10,5
95SS24S1,1025,134,260,430,201,812,65,206,389,152,43,2,8,2,31,170,67,46,39,18
95SS24S2,889,120,214,347,208,683,64,174,283,162,67,4,7,31,25,139,52,33,33,21
95SS25W1,1117,291,228,338,260,393,68,89,138,98,606,182,122,168,134,118,41,17,32,28
95SS26S1,708,221,118,283,86,304,75,51,142,36,359,124,60,129,46,45,22,7,12,4
95SS26S2,606,127,104,275,100,491,65,77,257,92,73,42,17,11,3,42,20,10,7,5
95SS27W1,1194,206,211,397,380,682,96,127,247,212,355,49,58,116,132,157,61,26,34,36
95SS28W1,1071,214,212,339,306,604,68,123,225,188,278,71,49,87,71,189,75,40,27,47
95SS29S1,459,124,91,161,83,237,48,52,88,49,192,62,35,67,28,30,14,4,6,6
95SS29S2,572,124,102,205,141,310,58,53,118,81,209,49,39,72,49,53,17,10,15,11
95SS30S1,266,30,36,95,105,211,13,28,82,88,17,4,2,4,7,38,13,6,9,10
95SS30S2,859,56,150,364,289,703,18,85,324,276,7,2,2,1,2,149,36,63,39,11
95TT01W1,838,104,185,337,212,732,68,163,312,189,12,3,4,5,0,94,33,18,20,23
95TT02W1,857,150,199,308,200,656,89,151,248,168,54,10,14,22,8,147,51,34,38,24
95TT03S1,601,133,126,213,129,376,56,80,147,93,78,18,18,25,17,147,59,28,41,19
95TT03S2,574,83,156,217,118,421,46,119,163,93,13,0,1,5,7,140,37,36,49,18
95TT04W1,1018,178,262,342,236,745,93,207,259,186,98,13,15,40,30,175,72,40,43,20
95TT05S1,611,110,130,252,119,401,32,90,182,97,4,1,0,3,0,206,77,40,67,22
95TT05S2,518,102,90,202,124,210,27,32,90,61,164,19,25,79,41,144,56,33,33,22
95TT06W1,886,123,205,332,226,685,79,166,280,160,93,14,13,29,37,108,30,26,23,29
95TT07W1,874,89,181,389,215,750,56,154,355,185,21,3,4,6,8,103,30,23,28,22
95TT08W1,851,75,190,375,211,736,47,161,343,185,26,5,3,11,7,89,23,26,21,19
95TT09S1,439,45,94,165,135,389,34,84,154,117,15,3,2,4,6,35,8,8,7,12
95TT09S2,435,38,90,195,112,398,25,83,187,103,3,2,0,0,1,34,11,7,8,8
95TT10W1,1056,252,208,364,232,561,90,112,224,135,184,28,31,68,57,311,134,65,72,40
95TT11S1,488,55,106,215,112,416,41,89,188,98,11,1,3,6,1,61,13,14,21,13
95TT11S2,457,66,119,159,113,368,40,97,131,100,27,3,11,11,2,62,23,11,17,11
95TT12W1,898,115,214,306,263,747,78,184,265,220,54,7,9,14,24,97,30,21,27,19
95TT13S1,552,94,122,253,83,373,39,80,197,57,66,16,15,21,14,113,39,27,35,12
95TT13S2,555,112,121,178,144,266,29,60,99,78,110,19,26,40,25,179,64,35,39,41
95TT14W1,830,131,169,316,214,546,51,114,231,150,120,16,22,42,40,164,64,33,43,24
95TT15W1,833,112,183,308,230,641,68,150,247,176,69,13,13,22,21,123,31,20,39,33
95TT16W1,866,120,173,349,224,689,68,137,295,189,56,9,6,26,15,121,43,30,28,20
95UU06W1,569,73,81,249,166,409,26,50,195,138,51,12,8,20,11,109,35,23,34,17
95UU09W1,594,62,140,253,139,448,20,115,200,113,34,7,2,17,8,112,35,23,36,18
95UU14W1,718,122,161,269,166,414,42,98,167,107,150,15,32,65,38,154,65,31,37,21
95UU99C1,744,100,157,304,183,499,32,109,236,122,121,27,26,38,30,124,41,22,30,31
95UU99C2,789,103,136,289,261,443,24,66,179,174,220,37,48,86,49,126,42,22,24,38
95UU99C3,736,68,90,308,270,537,21,61,241,214,47,3,4,17,23,152,44,25,50,33
95UU99C4,680,68,130,263,219,537,37,111,215,174,59,8,8,20,23,84,23,11,28,22
95UU99C5,881,82,133,387,279,647,46,98,295,208,82,5,8,44,25,152,31,27,48,46
95UU99C6,897,120,194,332,251,543,36,122,215,170,126,19,21,52,34,228,65,51,65,47
95VV01S1,563,65,115,225,158,446,35,86,189,136,24,3,8,11,2,93,27,21,25,20
95VV01S2,608,95,123,226,164,402,47,73,165,117,75,11,17,30,17,131,37,33,31,30
95VV02W1,985,170,184,336,295,464,41,71,170,182,274,46,46,101,81,247,83,67,65,32
95VV03W1,996,173,211,346,266,600,63,119,232,186,170,26,33,70,41,226,84,59,44,39
95VV04W1,1052,139,243,390,280,862,86,201,337,238,25,1,3,11,10,165,52,39,42,32
95VV05S1,611,72,124,274,141,492,29,108,233,122,17,2,2,9,4,102,41,14,32,15
95VV05S2,753,121,220,307,105,624,69,180,282,93,16,6,1,6,3,113,46,39,19,9
95VV06W1,1153,188,249,471,245,856,83,176,388,209,82,18,15,36,13,215,87,58,47,23
95VV07S1,877,162,184,331,200,472,47,86,199,140,157,30,32,67,28,248,85,66,65,32
95VV07S2,780,97,186,356,141,617,50,145,301,121,36,4,12,18,2,127,43,29,37,18
95VV08W1,1006,160,216,397,233,785,79,171,332,203,82,19,20,33,10,139,62,25,32,20
95VV09W1,967,156,199,392,220,652,56,130,296,170,159,41,31,58,29,156,59,38,38,21
95VV10S1,560,125,139,204,92,254,29,57,104,64,187,40,53,72,22,119,56,29,28,6
95VV10S2,626,123,147,210,146,343,28,69,132,114,97,15,27,42,13,186,80,51,36,19
95VV11S1,678,85,139,290,164,557,46,117,255,139,20,1,3,8,8,101,38,19,27,17
95VV11S2,806,131,228,332,115,640,62,180,300,98,13,1,4,6,2,153,68,44,26,15
95VV12S1,584,107,147,212,118,353,34,87,147,85,125,35,27,46,17,106,38,33,19,16
95VV12S2,580,126,135,195,124,358,58,83,132,85,119,23,30,41,25,103,45,22,22,14
95VV13S1,630,79,174,245,132,537,53,148,224,112,15,3,2,9,1,78,23,24,12,19
95VV13S2,424,32,90,197,105,378,18,81,183,96,7,1,1,5,0,39,13,8,9,9
95VV14S1,718,190,172,237,119,404,45,95,172,92,64,16,17,24,7,250,129,60,41,20
95VV14S2,569,83,87,218,181,388,26,54,177,131,59,9,9,17,24,122,48,24,24,26
95VV15S1,555,119,106,197,133,259,23,38,108,90,177,57,35,58,27,119,39,33,31,16
95VV15S2,585,111,116,259,99,399,40,82,203,74,54,9,8,21,16,132,62,26,35,9
95VV16W1,1043,113,229,451,250,826,41,178,388,219,51,10,11,23,7,166,62,40,40,24
95VV17S1,719,118,167,275,159,542,65,122,226,129,50,11,10,16,13,127,42,35,33,17
95VV17S2,691,119,184,256,132,536,66,149,211,110,52,14,9,23,6,103,39,26,22,16
95VV18S1,705,111,152,246,196,510,45,102,203,160,11,0,2,4,5,184,66,48,39,31
95VV18S2,697,137,122,257,181,364,34,68,161,101,157,27,22,50,58,176,76,32,46,22
95VV19S1,524,60,85,186,193,372,19,62,141,150,48,11,6,20,11,104,30,17,25,32
95VV19S2,648,178,125,228,117,367,65,72,144,86,92,22,15,43,12,189,91,38,41,19
95VV20W1,925,105,219,361,240,772,64,182,320,206,29,4,4,14,7,124,37,33,27,27
95VV21S1,741,129,206,269,137,613,92,162,241,118,31,4,12,10,5,97,33,32,18,14
95VV21S2,512,68,124,210,110,462,55,112,197,98,1,0,0,1,0,49,13,12,12,12
95VV22W1,956,159,211,352,234,674,82,149,273,170,106,17,26,31,32,176,60,36,48,32
95VV23W1,1123,128,186,474,335,749,47,93,368,241,117,17,18,39,43,257,64,75,67,51
95VV24S1,591,56,103,258,174,439,19,68,212,140,11,4,3,1,3,141,33,32,45,31
95VV24S2,667,111,103,237,216,350,40,50,144,116,159,15,16,57,71,158,56,37,36,29
95VV25S1,614,93,140,233,148,466,58,112,184,112,65,11,8,24,22,83,24,20,25,14
95VV25S2,613,84,160,235,134,533,57,134,219,123,10,3,2,3,2,70,24,24,13,9
95VV26W1,1172,215,279,437,241,888,106,225,357,200,58,14,8,18,18,226,95,46,62,23
95VV27W1,912,172,170,327,243,499,43,77,203,176,156,31,29,63,33,257,98,64,61,34
95VV28S1,801,168,191,285,157,489,52,132,198,107,90,12,14,31,33,222,104,45,56,17
95VV28S2,542,93,90,221,138,303,19,39,154,91,101,18,17,40,26,138,56,34,27,21
95VV29W1,1071,148,240,439,244,908,108,204,390,206,47,6,7,20,14,116,34,29,29,24
95VV30S1,573,80,94,252,147,459,31,56,233,139,7,1,2,2,2,107,48,36,17,6
95VV30S2,525,105,92,200,128,308,35,57,132,84,87,12,10,39,26,130,58,25,29,18
95WW01S1,636,82,78,261,215,406,29,52,186,139,121,9,11,42,59,109,44,15,33,17
95WW01S2,621,143,127,184,167,421,73,82,129,137,26,2,4,11,9,174,68,41,44,21
95WW02S1,742,126,114,280,222,444,47,77,199,121,216,41,23,68,84,82,38,14,13,17
95WW02S2,791,136,201,282,172,587,65,159,224,139,138,44,26,46,22,66,27,16,12,11
95WW03S1,767,148,99,276,244,457,62,67,190,138,122,12,11,34,65,188,74,21,52,41
95WW03S2,816,195,216,257,148,635,124,178,216,117,43,5,9,14,15,138,66,29,27,16
95WW04S1,614,137,142,190,145,476,87,111,165,113,67,12,16,15,24,71,38,15,10,8
95WW04S2,484,66,104,194,120,434,44,93,183,114,2,0,0,1,1,48,22,11,10,5
95WW05S1,580,88,125,249,118,504,57,111,226,110,14,3,3,7,1,62,28,11,16,7
95WW05S2,577,61,100,187,229,411,29,72,145,165,84,8,5,16,55,82,24,23,26,9
95WW06S1,580,80,100,244,156,511,58,86,223,144,2,0,2,0,0,67,22,12,21,12
95WW06S2,618,65,153,244,156,542,46,140,225,131,15,1,1,7,6,61,18,12,12,19
95WW07S1,677,52,116,307,202,622,36,104,291,191,2,0,1,1,0,53,16,11,15,11
95WW07S2,925,147,224,356,198,816,104,199,334,179,2,2,0,0,0,107,41,25,22,19
95WW08S1,465,77,103,162,123,424,56,93,153,122,2,0,2,0,0,39,21,8,9,1
95WW08S2,572,53,99,190,230,504,37,89,180,198,25,1,1,1,22,43,15,9,9,10
95WW09S1,596,125,71,205,195,338,52,37,126,123,200,54,24,68,54,58,19,10,11,18
95WW09S2,515,31,65,196,223,492,23,59,192,218,4,1,0,2,1,19,7,6,2,4
95WW10S1,653,108,164,252,129,521,67,130,215,109,54,12,11,20,11,78,29,23,17,9
95WW10S2,523,91,86,149,197,399,54,64,120,161,41,6,6,11,18,83,31,16,18,18
95WW11S1,578,60,129,277,112,547,44,117,276,110,2,0,1,0,1,29,16,11,1,1
95WW11S2,528,63,83,214,168,468,42,68,199,159,3,0,1,2,0,57,21,14,13,9
95WW12W1,1100,231,203,374,292,540,80,92,194,174,397,93,76,144,84,163,58,35,36,34
95WW13S1,752,116,145,311,180,608,75,119,272,142,54,14,9,15,16,90,27,17,24,22
95WW13S2,681,88,178,277,138,588,66,153,253,116,27,4,5,8,10,66,18,20,16,12
95WW14W1,1043,241,196,328,278,434,59,102,161,112,454,108,74,131,141,155,74,20,36,25
95WW15S1,599,124,141,205,129,518,81,121,190,126,2,1,1,0,0,79,42,19,15,3
95WW15S2,630,70,112,286,162,570,42,99,276,153,5,3,1,0,1,55,25,12,10,8
95WW16S1,621,109,120,222,170,533,64,98,206,165,7,1,0,3,3,81,44,22,13,2
95WW16S2,639,148,131,172,188,331,72,83,101,75,201,38,26,47,90,107,38,22,24,23
95WW17W1,991,151,165,346,329,730,75,122,280,253,175,41,28,40,66,86,35,15,26,10
95WW18W1,1000,143,183,295,379,818,90,147,247,334,33,5,7,7,14,149,48,29,41,31
95WW19S1,754,84,127,290,253,641,56,105,263,217,45,3,8,11,23,68,25,14,16,13
95WW19S2,661,46,221,318,76,631,41,209,310,71,3,0,2,0,1,27,5,10,8,4
95WW19S3,789,36,165,416,172,730,18,152,394,166,6,0,2,3,1,53,18,11,19,5
95WW20S1,680,77,133,306,164,596,54,118,284,140,26,2,4,7,13,58,21,11,15,11
95WW20S2,1645,554,550,450,91,1461,458,506,420,77,10,3,2,2,3,174,93,42,28,11
95WW20S3,649,83,148,333,85,586,60,128,318,80,6,0,3,2,1,57,23,17,13,4
95WW21S1,711,145,136,241,189,331,47,66,128,90,289,66,49,93,81,91,32,21,20,18
95WW21S2,770,218,220,240,92,515,123,170,161,61,155,49,28,57,21,100,46,22,22,10
95WW22S1,538,77,98,243,120,449,48,79,219,103,23,5,4,6,8,66,24,15,18,9
95WW22S2,690,152,118,261,159,342,62,61,149,70,260,52,44,87,77,88,38,13,25,12
95WW23S1,889,178,181,309,221,548,65,119,218,146,169,37,19,58,55,172,76,43,33,20
95WW23S2,566,51,92,234,189,499,21,76,222,180,2,0,1,1,0,65,30,15,11,9
95WW24S1,694,116,148,237,193,400,50,102,134,114,125,24,18,42,41,169,42,28,61,38
95WW24S2,884,246,171,270,197,388,73,77,134,104,321,73,67,108,73,175,100,27,28,20
95WW25W1,1137,182,169,412,374,506,79,89,185,153,501,74,62,185,180,130,29,18,42,41
95XX01S1,633,49,123,333,128,590,33,110,325,122,4,1,2,0,1,39,15,11,8,5
95XX01S2,608,65,199,297,47,569,47,187,290,45,6,1,2,1,2,33,17,10,6,0
95XX01S3,608,87,143,281,97,540,63,123,260,94,9,0,2,6,1,59,24,18,15,2
95XX02W1,1066,71,184,464,347,917,40,144,415,318,13,2,0,3,8,136,29,40,46,21
95XX03S1,498,31,77,216,174,473,28,69,206,170,0,0,0,0,0,25,3,8,10,4
95XX03S2,559,60,90,278,131,515,45,79,265,126,3,1,0,1,1,41,14,11,12,4
95XX04S1,663,67,136,317,143,620,55,123,309,133,4,1,3,0,0,39,11,10,8,10
95XX04S2,739,103,186,316,134,654,66,166,293,129,1,1,0,0,0,84,36,20,23,5
95XX05W1,1238,161,167,456,454,846,60,95,350,341,132,17,18,38,59,260,84,54,68,54
95XX06S1,755,146,136,269,204,439,51,77,190,121,189,43,27,59,60,127,52,32,20,23
95XX06S2,843,191,210,298,144,595,114,165,237,79,133,31,19,36,47,115,46,26,25,18
95XX07S1,633,56,80,276,221,553,34,66,247,206,1,0,1,0,0,79,22,13,29,15
95XX07S2,645,29,93,222,301,458,19,84,191,164,130,1,0,11,118,57,9,9,20,19
95XX08S1,591,33,66,250,242,456,13,51,209,183,7,1,1,2,3,128,19,14,39,56
95XX08S2,582,40,79,188,275,513,26,70,168,249,20,1,1,5,13,49,13,8,15,13
95XX09S1,629,52,80,209,288,448,28,63,184,173,108,3,2,8,95,73,21,15,17,20
95XX09S2,626,63,109,246,208,516,37,88,216,175,41,1,5,15,20,69,25,16,15,13
95XX10S1,676,139,192,248,97,422,58,133,174,57,175,50,42,54,29,79,31,17,20,11
95XX10S2,678,143,196,259,80,573,94,170,241,68,13,5,2,3,3,92,44,24,15,9
95XX10S3,488,120,116,174,78,354,66,77,140,71,75,24,25,23,3,59,30,14,11,4
95XX11S1,998,307,229,331,131,744,218,165,263,98,148,41,34,50,23,106,48,30,18,10
95XX11S2,905,297,265,245,98,667,217,215,184,51,111,23,20,34,34,127,57,30,27,13
95XX11S3,718,208,156,229,125,314,95,85,99,35,321,72,60,112,77,83,41,11,18,13
95XX12W1,1002,45,136,461,360,858,23,103,403,329,31,2,3,13,13,113,20,30,45,18
95XX13W1,1176,71,160,465,480,1057,40,139,425,453,19,2,1,10,6,100,29,20,30,21
95XX14W1,955,54,132,417,352,871,31,108,389,343,4,1,1,2,0,80,22,23,26,9
95XX15W1,1192,240,209,428,315,675,114,115,257,189,363,70,65,129,99,154,56,29,42,27
95XX16W1,1392,86,162,557,587,1178,39,134,487,518,68,1,1,24,42,146,46,27,46,27
95XX17S1,763,188,155,283,137,353,43,67,152,91,24,4,6,12,2,386,141,82,119,44
95XX17S2,662,94,143,267,158,475,34,100,211,130,17,3,2,4,8,170,57,41,52,20
95XX18W1,1348,211,231,492,414,844,82,145,351,266,200,24,16,54,106,304,105,70,87,42
95XX19W1,1106,72,187,499,348,881,34,135,417,295,108,10,17,48,33,117,28,35,34,20
95XX20S1,909,150,149,350,260,560,69,92,222,177,247,47,36,101,63,102,34,21,27,20
95XX20S2,454,192,106,93,63,157,18,26,60,53,43,19,8,14,2,254,155,72,19,8
95XX21W1,1176,70,154,462,490,955,28,128,394,405,81,4,2,22,53,140,38,24,46,32
95XX22W1,1010,166,177,380,287,819,98,132,329,260,14,2,1,7,4,177,66,44,44,23
95XX23W1,1451,394,317,448,292,994,214,225,329,226,117,14,18,50,35,340,166,74,69,31
95XX24S1,540,47,92,237,164,482,31,80,216,155,7,0,1,5,1,51,16,11,16,8
95XX24S2,644,56,97,216,275,544,39,81,196,228,7,2,0,2,3,93,15,16,18,44
95XX25W1,1096,202,204,380,310,652,96,113,241,202,282,50,56,99,77,162,56,35,40,31
95YY01W1,861,103,199,337,222,652,57,147,279,169,46,5,9,13,19,163,41,43,45,34
95YY02W1,883,147,144,366,226,530,40,82,256,152,163,28,27,62,46,190,79,35,48,28
95YY03W1,991,117,242,403,229,845,83,213,359,190,15,2,4,7,2,131,32,25,37,37
95YY04W1,1270,274,290,467,239,815,105,185,343,182,125,22,26,48,29,330,147,79,76,28
95YY05W1,745,89,105,302,249,487,22,60,217,188,77,10,10,29,28,181,57,35,56,33
95YY06W1,858,133,166,346,213,564,56,107,243,158,105,21,19,47,18,189,56,40,56,37
95YY07W1,912,110,193,391,218,753,64,168,340,181,33,4,3,20,6,126,42,22,31,31
95YY08W1,789,95,181,315,198,592,50,140,248,154,72,14,10,30,18,125,31,31,37,26
95YY09W1,1014,163,163,404,284,640,33,79,302,226,97,18,24,33,22,277,112,60,69,36
95YY10W1,705,26,140,317,222,632,19,127,291,195,13,1,1,4,7,60,6,12,22,20
95YY11W1,820,121,142,331,226,524,47,87,225,165,138,23,25,62,28,158,51,30,44,33
95YY12W1,932,148,202,375,207,708,80,151,311,166,35,4,7,13,11,189,64,44,51,30
95YY13S1,542,122,137,211,72,321,47,83,138,53,61,9,17,28,7,160,66,37,45,12
95YY13S2,576,90,107,237,142,281,26,51,127,77,172,23,34,72,43,123,41,22,38,22
95YY14S1,559,113,129,237,80,366,42,82,171,71,79,25,21,31,2,114,46,26,35,7
95YY14S2,588,129,133,240,86,371,43,90,179,59,34,8,6,15,5,183,78,37,46,22
95YY15S1,200,20,18,64,98,119,7,8,47,57,40,0,0,8,32,41,13,10,9,9
95YY15S2,689,200,159,239,91,228,37,64,85,42,282,80,60,113,29,179,83,35,41,20
95YY16W1,798,91,147,350,210,662,47,121,310,184,11,1,0,5,5,125,43,26,35,21
95YY17W1,746,97,176,293,180,608,54,154,243,157,39,8,5,23,3,99,35,17,27,20
95YY18W1,746,91,162,315,178,605,53,125,271,156,31,6,9,11,5,110,32,28,33,17
95YY19W1,707,121,110,254,222,375,21,61,140,153,92,14,6,27,45,240,86,43,87,24
95YY20W1,721,83,123,318,197,609,50,108,288,163,28,4,2,13,9,84,29,13,17,25
95YY21W1,791,110,172,297,212,654,64,147,265,178,25,6,3,12,4,112,40,22,20,30
95ZZ01W1,994,145,225,374,250,768,92,176,300,200,75,9,14,31,21,151,44,35,43,29
95ZZ02W1,751,130,142,296,183,390,40,63,159,128,261,52,59,109,41,100,38,20,28,14
95ZZ03W1,884,126,155,331,272,478,43,72,190,173,163,15,26,67,55,243,68,57,74,44
95ZZ04W1,911,111,189,360,251,666,61,133,292,180,66,7,16,26,17,179,43,40,42,54
95ZZ05W1,769,87,146,332,204,574,43,106,268,157,100,23,18,37,22,95,21,22,27,25
95ZZ06W1,786,146,138,273,229,271,18,37,119,97,363,88,66,109,100,152,40,35,45,32
95ZZ07W1,1010,175,245,362,228,709,79,179,271,180,107,16,24,46,21,194,80,42,45,27
95ZZ08W1,934,130,181,373,250,666,53,126,290,197,98,23,18,35,22,170,54,37,48,31
95ZZ09W1,881,141,173,326,241,470,40,95,195,140,222,50,34,85,53,189,51,44,46,48
95ZZ10W1,1262,235,300,453,274,786,91,178,302,215,131,25,27,60,19,345,119,95,91,40
95ZZ11W1,745,74,145,295,231,591,45,124,246,176,51,7,8,24,12,103,22,13,25,43
95ZZ12W1,868,147,176,326,219,534,42,114,226,152,168,44,21,61,42,166,61,41,39,25
95ZZ13W1,879,116,218,336,209,658,60,166,273,159,76,11,15,28,22,145,45,37,35,28
95ZZ14S1,617,132,162,240,83,343,42,101,140,60,130,23,25,66,16,144,67,36,34,7
95ZZ14S2,494,63,85,238,108,368,24,61,200,83,54,11,8,20,15,72,28,16,18,10
95ZZ15W1,804,82,174,319,229,606,38,132,255,181,82,12,16,29,25,116,32,26,35,23
95ZZ16S1,664,179,178,229,78,442,71,142,170,59,64,17,8,27,12,158,91,28,32,7
95ZZ16S2,564,62,101,214,187,354,25,64,145,120,127,18,18,47,44,83,19,19,22,23
