GeographyCode,KS211NI0001,KS211NI0002,KS211NI0003,KS211NI0004,KS211NI0005,KS211NI0006,KS211NI0007,KS211NI0008,KS211NI0009,KS211NI0010,KS211NI0011,KS211NI0012,KS211NI0013,KS211NI0014,KS211NI0015,KS211NI0016,KS211NI0017
95AA01S1,1113,141,72,53,12,321,23,482,9,12.67,6.47,4.76,1.08,28.84,2.07,43.31,0.81
95AA01S2,1829,939,290,219,50,76,7,170,78,51.34,15.86,11.97,2.73,4.16,0.38,9.29,4.26
95AA01S3,1502,276,559,169,20,130,13,235,100,18.38,37.22,11.25,1.33,8.66,0.87,15.65,6.66
95AA02W1,1734,504,461,348,20,59,6,204,132,29.07,26.59,20.07,1.15,3.40,0.35,11.76,7.61
95AA03W1,1822,135,684,378,50,110,15,315,135,7.41,37.54,20.75,2.74,6.04,0.82,17.29,7.41
95AA04W1,3013,751,1198,317,64,193,19,343,128,24.93,39.76,10.52,2.12,6.41,0.63,11.38,4.25
95AA05W1,2701,1579,482,157,8,110,10,178,177,58.46,17.85,5.81,0.30,4.07,0.37,6.59,6.55
95AA06S1,1953,1489,83,122,3,30,3,91,132,76.24,4.25,6.25,0.15,1.54,0.15,4.66,6.76
95AA06S2,2694,2022,157,140,10,39,6,131,189,75.06,5.83,5.20,0.37,1.45,0.22,4.86,7.02
95AA07W1,2140,283,1042,300,10,201,16,189,99,13.22,48.69,14.02,0.47,9.39,0.75,8.83,4.63
95AA08W1,1698,680,353,192,12,66,13,247,135,40.05,20.79,11.31,0.71,3.89,0.77,14.55,7.95
95AA09W1,2220,387,669,410,47,118,26,346,217,17.43,30.14,18.47,2.12,5.32,1.17,15.59,9.77
95AA10W1,1953,712,437,224,54,95,23,292,116,36.46,22.38,11.47,2.76,4.86,1.18,14.95,5.94
95AA11S1,2800,832,675,425,70,143,29,455,171,29.71,24.11,15.18,2.50,5.11,1.04,16.25,6.11
95AA11S2,2564,1043,516,292,44,135,24,346,164,40.68,20.12,11.39,1.72,5.27,0.94,13.49,6.40
95AA12W1,2775,133,1491,357,31,282,20,332,129,4.79,53.73,12.86,1.12,10.16,0.72,11.96,4.65
95AA13S1,1745,1116,213,90,16,48,7,129,126,63.95,12.21,5.16,0.92,2.75,0.40,7.39,7.22
95AA13S2,1562,1023,187,88,5,54,2,101,102,65.49,11.97,5.63,0.32,3.46,0.13,6.47,6.53
95AA14W1,2349,816,836,169,27,183,13,178,127,34.74,35.59,7.19,1.15,7.79,0.55,7.58,5.41
95AA15S1,2641,998,551,293,38,158,52,423,128,37.79,20.86,11.09,1.44,5.98,1.97,16.02,4.85
95AA15S2,1545,588,235,165,31,71,43,273,139,38.06,15.21,10.68,2.01,4.60,2.78,17.67,9.00
95AA16W1,1807,291,608,366,34,120,14,256,118,16.10,33.65,20.25,1.88,6.64,0.77,14.17,6.53
95AA17W1,2142,694,407,301,45,99,25,395,176,32.40,19.00,14.05,2.10,4.62,1.17,18.44,8.22
95AA18W1,2439,283,1043,346,61,158,34,348,166,11.60,42.76,14.19,2.50,6.48,1.39,14.27,6.81
95AA19W1,2687,2335,94,37,3,36,3,56,123,86.90,3.50,1.38,0.11,1.34,0.11,2.08,4.58
95BB01S1,1574,224,679,158,48,166,14,190,95,14.23,43.14,10.04,3.05,10.55,0.89,12.07,6.04
95BB01S2,2035,124,928,283,66,196,11,333,94,6.09,45.60,13.91,3.24,9.63,0.54,16.36,4.62
95BB02W1,2347,184,861,388,113,184,31,390,196,7.84,36.69,16.53,4.81,7.84,1.32,16.62,8.35
95BB03S1,2026,42,811,535,57,187,17,268,109,2.07,40.03,26.41,2.81,9.23,0.84,13.23,5.38
95BB03S2,2193,132,804,368,105,233,28,401,122,6.02,36.66,16.78,4.79,10.62,1.28,18.29,5.56
95BB04S1,1438,90,540,206,89,124,17,239,133,6.26,37.55,14.33,6.19,8.62,1.18,16.62,9.25
95BB04S2,1610,83,620,299,101,195,5,237,70,5.16,38.51,18.57,6.27,12.11,0.31,14.72,4.35
95BB05S1,1490,44,671,237,52,156,33,212,85,2.95,45.03,15.91,3.49,10.47,2.21,14.23,5.70
95BB05S2,1911,35,780,408,83,172,17,308,108,1.83,40.82,21.35,4.34,9.00,0.89,16.12,5.65
95BB06W1,2870,255,1102,401,106,186,56,520,244,8.89,38.40,13.97,3.69,6.48,1.95,18.12,8.50
95BB07S1,1658,66,695,247,69,131,19,313,118,3.98,41.92,14.90,4.16,7.90,1.15,18.88,7.12
95BB07S2,1295,20,658,169,76,110,11,199,52,1.54,50.81,13.05,5.87,8.49,0.85,15.37,4.02
95BB08S1,1331,69,605,194,62,87,20,209,85,5.18,45.45,14.58,4.66,6.54,1.50,15.70,6.39
95BB08S2,1294,53,636,191,57,99,11,198,49,4.10,49.15,14.76,4.40,7.65,0.85,15.30,3.79
95BB09S1,1325,44,602,207,53,116,6,229,68,3.32,45.43,15.62,4.00,8.75,0.45,17.28,5.13
95BB09S2,1618,63,752,244,54,121,6,311,67,3.89,46.48,15.08,3.34,7.48,0.37,19.22,4.14
95BB10S1,1690,112,533,382,113,86,23,330,111,6.63,31.54,22.60,6.69,5.09,1.36,19.53,6.57
95BB10S2,1637,80,645,289,124,106,17,284,92,4.89,39.40,17.65,7.57,6.48,1.04,17.35,5.62
95BB11S1,1408,39,571,342,68,83,16,216,73,2.77,40.55,24.29,4.83,5.89,1.14,15.34,5.18
95BB11S2,1547,59,534,369,94,112,21,263,95,3.81,34.52,23.85,6.08,7.24,1.36,17.00,6.14
95BB12S1,1440,126,450,215,61,107,37,326,118,8.75,31.25,14.93,4.24,7.43,2.57,22.64,8.19
95BB12S2,1336,70,511,233,56,130,16,244,76,5.24,38.25,17.44,4.19,9.73,1.20,18.26,5.69
95BB13S1,1392,67,489,242,78,136,14,282,84,4.81,35.13,17.39,5.60,9.77,1.01,20.26,6.03
95BB13S2,1472,100,615,216,66,115,26,224,110,6.79,41.78,14.67,4.48,7.81,1.77,15.22,7.47
95BB13S3,1580,89,599,255,101,144,9,317,66,5.63,37.91,16.14,6.39,9.11,0.57,20.06,4.18
95BB14S1,1510,63,722,271,31,91,12,261,59,4.17,47.81,17.95,2.05,6.03,0.79,17.28,3.91
95BB14S2,1606,99,663,283,37,94,18,330,82,6.16,41.28,17.62,2.30,5.85,1.12,20.55,5.11
95BB15S1,2005,977,337,192,35,72,18,236,138,48.73,16.81,9.58,1.75,3.59,0.90,11.77,6.88
95BB15S2,1484,890,183,99,30,51,4,145,82,59.97,12.33,6.67,2.02,3.44,0.27,9.77,5.53
95BB16S1,1533,48,740,249,41,101,17,265,72,3.13,48.27,16.24,2.67,6.59,1.11,17.29,4.70
95BB16S2,1603,82,712,284,40,111,12,291,71,5.12,44.42,17.72,2.50,6.92,0.75,18.15,4.43
95BB17S1,1793,108,638,315,94,145,7,391,95,6.02,35.58,17.57,5.24,8.09,0.39,21.81,5.30
95BB17S2,1763,80,633,240,72,197,19,396,126,4.54,35.90,13.61,4.08,11.17,1.08,22.46,7.15
95BB18S1,1688,27,715,300,64,136,14,302,130,1.60,42.36,17.77,3.79,8.06,0.83,17.89,7.70
95BB18S2,2591,108,980,398,152,287,12,527,127,4.17,37.82,15.36,5.87,11.08,0.46,20.34,4.90
95BB19S1,1613,142,627,264,96,132,15,240,97,8.80,38.87,16.37,5.95,8.18,0.93,14.88,6.01
95BB19S2,1784,113,605,339,119,178,11,359,60,6.33,33.91,19.00,6.67,9.98,0.62,20.12,3.36
95BB19S3,1391,88,473,217,114,142,17,280,60,6.33,34.00,15.60,8.20,10.21,1.22,20.13,4.31
95BB20S1,1889,1348,148,95,36,23,2,138,99,71.36,7.83,5.03,1.91,1.22,0.11,7.31,5.24
95BB20S2,1524,1224,45,64,9,11,6,100,65,80.31,2.95,4.20,0.59,0.72,0.39,6.56,4.27
95BB21S1,2387,51,857,367,120,479,27,324,162,2.14,35.90,15.37,5.03,20.07,1.13,13.57,6.79
95BB21S2,2332,433,687,278,153,202,16,434,129,18.57,29.46,11.92,6.56,8.66,0.69,18.61,5.53
95BB22S1,1557,53,630,255,72,135,7,319,86,3.40,40.46,16.38,4.62,8.67,0.45,20.49,5.52
95BB22S2,1483,44,590,297,69,94,7,291,91,2.97,39.78,20.03,4.65,6.34,0.47,19.62,6.14
95BB23S1,1540,179,482,284,84,136,11,276,88,11.62,31.30,18.44,5.45,8.83,0.71,17.92,5.71
95BB23S2,1485,94,557,221,104,174,27,227,81,6.33,37.51,14.88,7.00,11.72,1.82,15.29,5.45
95CC01W1,2558,2136,57,53,3,57,16,76,160,83.50,2.23,2.07,0.12,2.23,0.63,2.97,6.25
95CC02W1,2725,1789,200,338,54,119,3,103,119,65.65,7.34,12.40,1.98,4.37,0.11,3.78,4.37
95CC03W1,2817,2195,31,70,5,37,14,170,295,77.92,1.10,2.48,0.18,1.31,0.50,6.03,10.47
95CC04W1,2440,1625,364,126,0,70,4,46,205,66.60,14.92,5.16,0,2.87,0.16,1.89,8.40
95CC05W1,2774,1701,205,380,66,116,17,109,180,61.32,7.39,13.70,2.38,4.18,0.61,3.93,6.49
95CC06S1,1468,785,168,219,8,60,21,98,109,53.47,11.44,14.92,0.54,4.09,1.43,6.68,7.43
95CC06S2,1308,610,214,257,22,52,3,66,84,46.64,16.36,19.65,1.68,3.98,0.23,5.05,6.42
95CC07W1,3475,2597,256,100,7,94,6,68,347,74.73,7.37,2.88,0.20,2.71,0.17,1.96,9.99
95CC08W1,2565,2184,25,22,3,21,4,55,251,85.15,0.97,0.86,0.12,0.82,0.16,2.14,9.79
95CC09S1,1496,170,543,442,42,159,8,62,70,11.36,36.30,29.55,2.81,10.63,0.53,4.14,4.68
95CC09S2,1858,79,597,575,91,235,19,146,116,4.25,32.13,30.95,4.90,12.65,1.02,7.86,6.24
95CC10W1,2577,455,553,735,180,387,16,163,88,17.66,21.46,28.52,6.98,15.02,0.62,6.33,3.41
95CC11W1,1795,1488,27,6,1,9,0,44,220,82.90,1.50,0.33,0.06,0.50,0,2.45,12.26
95CC12W1,2785,1222,714,406,25,156,8,98,156,43.88,25.64,14.58,0.90,5.60,0.29,3.52,5.60
95CC13W1,2474,1212,480,407,32,123,15,87,118,48.99,19.40,16.45,1.29,4.97,0.61,3.52,4.77
95CC14W1,3035,262,690,1126,146,379,34,280,118,8.63,22.73,37.10,4.81,12.49,1.12,9.23,3.89
95CC15W1,2903,1067,306,775,177,261,14,158,145,36.76,10.54,26.70,6.10,8.99,0.48,5.44,4.99
95CC16W1,2820,374,1094,653,41,298,13,200,147,13.26,38.79,23.16,1.45,10.57,0.46,7.09,5.21
95CC17W1,2730,1771,327,261,12,110,19,80,150,64.87,11.98,9.56,0.44,4.03,0.70,2.93,5.49
95CC18W1,2342,1125,268,437,28,136,24,163,161,48.04,11.44,18.66,1.20,5.81,1.02,6.96,6.87
95CC19W1,2720,877,714,461,19,341,7,157,144,32.24,26.25,16.95,0.70,12.54,0.26,5.77,5.29
95CC20S1,1308,57,409,406,138,131,5,102,60,4.36,31.27,31.04,10.55,10.02,0.38,7.80,4.59
95CC20S2,1702,113,454,603,118,165,14,160,75,6.64,26.67,35.43,6.93,9.69,0.82,9.40,4.41
95CC21W1,2925,333,685,1022,165,289,11,276,144,11.38,23.42,34.94,5.64,9.88,0.38,9.44,4.92
95CC22W1,1740,336,336,605,30,108,12,174,139,19.31,19.31,34.77,1.72,6.21,0.69,10.00,7.99
95DD01W1,2099,302,972,267,59,182,19,188,110,14.39,46.31,12.72,2.81,8.67,0.91,8.96,5.24
95DD02S1,1453,36,808,226,22,150,13,118,80,2.48,55.61,15.55,1.51,10.32,0.89,8.12,5.51
95DD02S2,2435,143,1199,356,48,354,14,219,102,5.87,49.24,14.62,1.97,14.54,0.57,8.99,4.19
95DD03W1,3503,501,1363,423,59,425,40,462,230,14.30,38.91,12.08,1.68,12.13,1.14,13.19,6.57
95DD04W1,1926,95,841,334,39,183,18,207,209,4.93,43.67,17.34,2.02,9.50,0.93,10.75,10.85
95DD05W1,1739,67,704,371,29,140,27,221,180,3.85,40.48,21.33,1.67,8.05,1.55,12.71,10.35
95DD06W1,2588,476,1044,298,91,251,19,262,147,18.39,40.34,11.51,3.52,9.70,0.73,10.12,5.68
95DD07S1,1596,83,791,273,28,148,6,183,84,5.20,49.56,17.11,1.75,9.27,0.38,11.47,5.26
95DD07S2,1767,70,883,358,26,183,4,179,64,3.96,49.97,20.26,1.47,10.36,0.23,10.13,3.62
95DD08W1,2126,709,483,205,26,169,23,255,256,33.35,22.72,9.64,1.22,7.95,1.08,11.99,12.04
95DD09W1,2590,154,1509,186,87,318,18,207,111,5.95,58.26,7.18,3.36,12.28,0.69,7.99,4.29
95DD10W1,2805,79,1406,305,250,336,34,267,128,2.82,50.12,10.87,8.91,11.98,1.21,9.52,4.56
95DD11W1,2363,1225,330,164,16,99,11,237,281,51.84,13.97,6.94,0.68,4.19,0.47,10.03,11.89
95DD12W1,2610,373,1230,192,139,343,13,201,119,14.29,47.13,7.36,5.33,13.14,0.50,7.70,4.56
95DD13W1,1784,878,283,89,13,96,13,183,229,49.22,15.86,4.99,0.73,5.38,0.73,10.26,12.84
95DD14S1,1603,43,733,235,61,257,18,169,87,2.68,45.73,14.66,3.81,16.03,1.12,10.54,5.43
95DD14S2,1674,154,786,198,37,257,20,167,55,9.20,46.95,11.83,2.21,15.35,1.19,9.98,3.29
95DD15W1,3451,1981,795,138,22,172,23,149,171,57.40,23.04,4.00,0.64,4.98,0.67,4.32,4.96
95DD16W1,2981,349,1503,277,54,373,33,260,132,11.71,50.42,9.29,1.81,12.51,1.11,8.72,4.43
95DD17W1,3461,1318,1174,209,33,330,14,226,157,38.08,33.92,6.04,0.95,9.53,0.40,6.53,4.54
95DD18W1,1885,112,962,184,36,212,27,183,169,5.94,51.03,9.76,1.91,11.25,1.43,9.71,8.97
95DD19S1,1904,64,975,404,33,153,7,195,73,3.36,51.21,21.22,1.73,8.04,0.37,10.24,3.83
95DD19S2,1460,83,819,165,19,147,13,156,58,5.68,56.10,11.30,1.30,10.07,0.89,10.68,3.97
95DD20W1,1746,91,790,289,50,154,8,196,168,5.21,45.25,16.55,2.86,8.82,0.46,11.23,9.62
95DD21W1,2139,663,607,203,40,154,23,261,188,31.00,28.38,9.49,1.87,7.20,1.08,12.20,8.79
95DD22S1,1555,513,622,105,13,141,6,51,104,32.99,40.00,6.75,0.84,9.07,0.39,3.28,6.69
95DD22S2,1581,529,687,100,7,107,5,79,67,33.46,43.45,6.33,0.44,6.77,0.32,5.00,4.24
95DD23W1,2509,266,1415,177,10,271,15,245,110,10.60,56.40,7.05,0.40,10.80,0.60,9.76,4.38
95DD24W1,2711,1714,359,125,28,122,8,220,135,63.22,13.24,4.61,1.03,4.50,0.30,8.12,4.98
95EE01W1,1895,1668,69,16,3,23,0,44,72,88.02,3.64,0.84,0.16,1.21,0,2.32,3.80
95EE02W1,2095,87,933,540,15,207,9,193,111,4.15,44.53,25.78,0.72,9.88,0.43,9.21,5.30
95EE03W1,1999,292,790,341,35,202,9,205,125,14.61,39.52,17.06,1.75,10.11,0.45,10.26,6.25
95EE04W1,1993,741,608,212,15,152,5,160,100,37.18,30.51,10.64,0.75,7.63,0.25,8.03,5.02
95EE05W1,1509,143,753,251,13,130,11,133,75,9.48,49.90,16.63,0.86,8.61,0.73,8.81,4.97
95EE06W1,2278,1806,236,24,0,47,4,67,94,79.28,10.36,1.05,0,2.06,0.18,2.94,4.13
95EE07W1,1798,272,771,271,13,200,17,173,81,15.13,42.88,15.07,0.72,11.12,0.95,9.62,4.51
95EE08W1,1719,245,748,264,16,157,21,175,93,14.25,43.51,15.36,0.93,9.13,1.22,10.18,5.41
95EE09W1,1890,602,697,146,7,179,10,145,104,31.85,36.88,7.72,0.37,9.47,0.53,7.67,5.50
95EE10W1,1797,1011,426,59,5,117,9,75,95,56.26,23.71,3.28,0.28,6.51,0.50,4.17,5.29
95EE11W1,1677,561,621,158,5,142,9,118,63,33.45,37.03,9.42,0.30,8.47,0.54,7.04,3.76
95EE12W1,2507,285,997,539,18,248,11,261,148,11.37,39.77,21.50,0.72,9.89,0.44,10.41,5.90
95EE13W1,1529,307,548,224,17,183,12,152,86,20.08,35.84,14.65,1.11,11.97,0.78,9.94,5.62
95EE14W1,2684,343,1118,448,15,307,24,296,133,12.78,41.65,16.69,0.56,11.44,0.89,11.03,4.96
95EE15W1,1728,337,739,282,4,112,12,166,76,19.50,42.77,16.32,0.23,6.48,0.69,9.61,4.40
95EE16W1,2126,552,843,199,21,238,10,156,107,25.96,39.65,9.36,0.99,11.19,0.47,7.34,5.03
95FF01S1,2129,523,620,434,38,176,19,237,82,24.57,29.12,20.39,1.78,8.27,0.89,11.13,3.85
95FF01S2,2667,830,654,497,54,198,21,297,116,31.12,24.52,18.64,2.02,7.42,0.79,11.14,4.35
95FF02W1,2817,1519,642,230,19,134,5,152,116,53.92,22.79,8.16,0.67,4.76,0.18,5.40,4.12
95FF03W1,3006,1038,636,558,52,193,18,356,155,34.53,21.16,18.56,1.73,6.42,0.60,11.84,5.16
95FF04W1,2629,926,923,246,26,196,15,174,123,35.22,35.11,9.36,0.99,7.46,0.57,6.62,4.68
95FF05W1,2563,419,720,508,94,304,28,338,152,16.35,28.09,19.82,3.67,11.86,1.09,13.19,5.93
95FF06S1,2036,260,563,482,82,215,18,303,113,12.77,27.65,23.67,4.03,10.56,0.88,14.88,5.55
95FF06S2,2080,240,687,377,70,291,18,280,117,11.54,33.03,18.13,3.37,13.99,0.87,13.46,5.63
95FF07W1,2769,1232,428,477,45,111,11,274,191,44.49,15.46,17.23,1.63,4.01,0.40,9.90,6.90
95FF08W1,2364,591,697,496,59,198,8,203,112,25.00,29.48,20.98,2.50,8.38,0.34,8.59,4.74
95FF09W1,2522,913,408,583,44,189,17,212,156,36.20,16.18,23.12,1.74,7.49,0.67,8.41,6.19
95FF10W1,3473,434,1428,503,57,450,21,430,150,12.50,41.12,14.48,1.64,12.96,0.60,12.38,4.32
95FF11W1,2582,725,1109,204,6,246,25,187,80,28.08,42.95,7.90,0.23,9.53,0.97,7.24,3.10
95FF12W1,2724,1373,393,361,52,175,21,203,146,50.40,14.43,13.25,1.91,6.42,0.77,7.45,5.36
95FF13W1,2708,890,772,436,25,240,16,192,137,32.87,28.51,16.10,0.92,8.86,0.59,7.09,5.06
95FF14W1,2432,310,856,497,59,352,21,221,116,12.75,35.20,20.44,2.43,14.47,0.86,9.09,4.77
95FF15W1,2740,983,999,227,8,180,18,175,150,35.88,36.46,8.28,0.29,6.57,0.66,6.39,5.47
95FF16W1,2374,476,712,608,59,169,7,239,104,20.05,29.99,25.61,2.49,7.12,0.29,10.07,4.38
95FF17W1,1724,553,376,336,39,127,14,184,95,32.08,21.81,19.49,2.26,7.37,0.81,10.67,5.51
95GG01S1,1768,1567,4,9,0,6,4,48,130,88.63,0.23,0.51,0,0.34,0.23,2.71,7.35
95GG01S2,1523,1290,5,2,0,3,1,37,185,84.70,0.33,0.13,0,0.20,0.07,2.43,12.15
95GG01S3,1616,1387,5,3,0,4,7,78,132,85.83,0.31,0.19,0,0.25,0.43,4.83,8.17
95GG02S1,1745,1432,3,9,9,6,2,29,255,82.06,0.17,0.52,0.52,0.34,0.11,1.66,14.61
95GG02S2,2018,1610,7,18,6,9,3,57,308,79.78,0.35,0.89,0.30,0.45,0.15,2.82,15.26
95GG02S3,2224,1830,9,3,2,10,5,58,307,82.28,0.40,0.13,0.09,0.45,0.22,2.61,13.80
95GG03S1,2003,329,457,310,118,186,30,449,124,16.43,22.82,15.48,5.89,9.29,1.50,22.42,6.19
95GG03S2,1833,236,412,305,89,208,41,455,87,12.88,22.48,16.64,4.86,11.35,2.24,24.82,4.75
95GG03S3,2103,190,500,369,102,239,27,517,159,9.03,23.78,17.55,4.85,11.36,1.28,24.58,7.56
95GG04S1,1708,942,161,143,42,52,37,129,202,55.15,9.43,8.37,2.46,3.04,2.17,7.55,11.83
95GG04S2,1564,1119,119,61,31,34,6,65,129,71.55,7.61,3.90,1.98,2.17,0.38,4.16,8.25
95GG04S3,1636,93,394,390,119,90,20,273,257,5.68,24.08,23.84,7.27,5.50,1.22,16.69,15.71
95GG05S1,1813,987,91,98,24,45,36,390,142,54.44,5.02,5.41,1.32,2.48,1.99,21.51,7.83
95GG05S2,2009,898,157,117,27,63,45,505,197,44.70,7.81,5.82,1.34,3.14,2.24,25.14,9.81
95GG05S3,2106,743,165,154,58,93,54,581,258,35.28,7.83,7.31,2.75,4.42,2.56,27.59,12.25
95GG06S1,1925,47,571,548,159,170,21,228,181,2.44,29.66,28.47,8.26,8.83,1.09,11.84,9.40
95GG06S2,1779,92,484,407,212,143,29,244,168,5.17,27.21,22.88,11.92,8.04,1.63,13.72,9.44
95GG06S3,1922,112,592,423,162,176,21,276,160,5.83,30.80,22.01,8.43,9.16,1.09,14.36,8.32
95GG07S1,1862,1509,18,22,0,25,6,81,201,81.04,0.97,1.18,0,1.34,0.32,4.35,10.79
95GG07S2,1922,1560,6,23,0,20,18,90,205,81.17,0.31,1.20,0,1.04,0.94,4.68,10.67
95GG07S3,1701,1469,7,7,1,6,7,44,160,86.36,0.41,0.41,0.06,0.35,0.41,2.59,9.41
95GG08S1,1394,987,64,49,15,23,11,133,112,70.80,4.59,3.52,1.08,1.65,0.79,9.54,8.03
95GG08S2,1730,958,168,104,88,51,14,164,183,55.38,9.71,6.01,5.09,2.95,0.81,9.48,10.58
95GG08S3,1786,845,227,151,59,95,20,224,165,47.31,12.71,8.45,3.30,5.32,1.12,12.54,9.24
95GG09S1,2151,126,684,435,142,232,24,407,101,5.86,31.80,20.22,6.60,10.79,1.12,18.92,4.70
95GG09S2,1896,133,541,376,171,200,14,359,102,7.01,28.53,19.83,9.02,10.55,0.74,18.93,5.38
95GG09S3,2118,133,583,522,137,185,16,385,157,6.28,27.53,24.65,6.47,8.73,0.76,18.18,7.41
95GG10S1,1826,190,401,390,145,116,23,340,221,10.41,21.96,21.36,7.94,6.35,1.26,18.62,12.10
95GG10S2,2172,209,462,531,193,146,43,365,223,9.62,21.27,24.45,8.89,6.72,1.98,16.80,10.27
95GG11S1,1895,176,424,345,68,140,17,441,284,9.29,22.37,18.21,3.59,7.39,0.90,23.27,14.99
95GG11S2,1687,171,400,288,129,195,21,338,145,10.14,23.71,17.07,7.65,11.56,1.24,20.04,8.60
95GG11S3,1871,237,408,285,90,208,33,405,205,12.67,21.81,15.23,4.81,11.12,1.76,21.65,10.96
95GG12S1,1555,574,151,110,29,66,64,431,130,36.91,9.71,7.07,1.86,4.24,4.12,27.72,8.36
95GG12S2,1958,947,122,110,20,59,70,420,210,48.37,6.23,5.62,1.02,3.01,3.58,21.45,10.73
95GG12S3,1488,795,73,56,13,25,37,291,198,53.43,4.91,3.76,0.87,1.68,2.49,19.56,13.31
95GG12S4,1703,695,119,57,16,66,71,439,240,40.81,6.99,3.35,0.94,3.88,4.17,25.78,14.09
95GG12S5,2241,1473,49,56,8,33,63,230,329,65.73,2.19,2.50,0.36,1.47,2.81,10.26,14.68
95GG13S1,1333,214,336,249,100,93,20,195,126,16.05,25.21,18.68,7.50,6.98,1.50,14.63,9.45
95GG13S2,1752,992,184,120,72,43,14,217,110,56.62,10.50,6.85,4.11,2.45,0.80,12.39,6.28
95GG13S3,1637,355,421,261,187,105,12,189,107,21.69,25.72,15.94,11.42,6.41,0.73,11.55,6.54
95GG14S1,1617,736,317,163,68,59,10,163,101,45.52,19.60,10.08,4.21,3.65,0.62,10.08,6.25
95GG14S2,1597,1164,88,78,23,20,16,127,81,72.89,5.51,4.88,1.44,1.25,1.00,7.95,5.07
95GG14S3,1606,559,366,182,104,63,14,187,131,34.81,22.79,11.33,6.48,3.92,0.87,11.64,8.16
95GG15S1,1959,246,667,339,125,155,12,353,62,12.56,34.05,17.30,6.38,7.91,0.61,18.02,3.16
95GG15S2,2052,240,603,339,125,159,19,470,97,11.70,29.39,16.52,6.09,7.75,0.93,22.90,4.73
95GG15S3,1909,167,617,366,111,175,14,307,152,8.75,32.32,19.17,5.81,9.17,0.73,16.08,7.96
95GG16S1,1996,1292,78,43,9,27,23,272,252,64.73,3.91,2.15,0.45,1.35,1.15,13.63,12.63
95GG16S2,1970,1399,46,35,6,21,25,254,184,71.02,2.34,1.78,0.30,1.07,1.27,12.89,9.34
95GG16S3,1486,780,119,132,43,67,32,206,107,52.49,8.01,8.88,2.89,4.51,2.15,13.86,7.20
95GG17S1,2031,1595,23,13,8,17,22,141,212,78.53,1.13,0.64,0.39,0.84,1.08,6.94,10.44
95GG17S2,1595,1121,69,69,40,31,5,116,144,70.28,4.33,4.33,2.51,1.94,0.31,7.27,9.03
95GG17S3,1704,651,276,294,78,67,3,164,171,38.20,16.20,17.25,4.58,3.93,0.18,9.62,10.04
95GG18S1,2553,2082,8,12,18,1,12,84,336,81.55,0.31,0.47,0.71,0.04,0.47,3.29,13.16
95GG18S2,2422,1922,6,12,2,24,17,90,349,79.36,0.25,0.50,0.08,0.99,0.70,3.72,14.41
95GG19S1,2019,43,657,673,156,131,12,151,196,2.13,32.54,33.33,7.73,6.49,0.59,7.48,9.71
95GG19S2,2563,277,734,706,177,123,11,246,289,10.81,28.64,27.55,6.91,4.80,0.43,9.60,11.28
95GG20S1,2807,530,684,387,165,167,57,497,320,18.88,24.37,13.79,5.88,5.95,2.03,17.71,11.40
95GG20S2,2094,287,631,314,158,144,31,267,262,13.71,30.13,15.00,7.55,6.88,1.48,12.75,12.51
95GG21S1,1497,1198,17,10,3,9,2,37,221,80.03,1.14,0.67,0.20,0.60,0.13,2.47,14.76
95GG21S2,1752,1380,18,7,5,2,2,37,301,78.77,1.03,0.40,0.29,0.11,0.11,2.11,17.18
95GG21S3,1935,1384,18,15,4,37,107,129,241,71.52,0.93,0.78,0.21,1.91,5.53,6.67,12.45
95GG22S1,1687,1404,9,7,2,11,14,102,138,83.22,0.53,0.41,0.12,0.65,0.83,6.05,8.18
95GG22S2,1935,1689,5,8,0,3,11,69,150,87.29,0.26,0.41,0,0.16,0.57,3.57,7.75
95GG22S3,1721,1511,2,5,0,7,3,55,138,87.80,0.12,0.29,0,0.41,0.17,3.20,8.02
95GG23S1,1418,414,283,210,126,102,40,187,56,29.20,19.96,14.81,8.89,7.19,2.82,13.19,3.95
95GG23S2,1552,1065,82,85,24,79,20,126,71,68.62,5.28,5.48,1.55,5.09,1.29,8.12,4.57
95GG23S3,1585,516,301,209,134,76,53,201,95,32.56,18.99,13.19,8.45,4.79,3.34,12.68,5.99
95GG24S1,1388,724,218,121,50,49,24,147,55,52.16,15.71,8.72,3.60,3.53,1.73,10.59,3.96
95GG24S2,1540,120,543,246,140,108,12,226,145,7.79,35.26,15.97,9.09,7.01,0.78,14.68,9.42
95GG24S3,1633,772,225,165,57,50,12,230,122,47.27,13.78,10.10,3.49,3.06,0.73,14.08,7.47
95GG25S1,2158,1889,7,5,1,11,15,37,193,87.53,0.32,0.23,0.05,0.51,0.70,1.71,8.94
95GG25S2,1839,1618,2,2,1,3,4,62,147,87.98,0.11,0.11,0.05,0.16,0.22,3.37,7.99
95GG25S3,1576,1360,2,8,1,1,7,56,141,86.29,0.13,0.51,0.06,0.06,0.44,3.55,8.95
95GG26S1,1995,60,503,734,116,118,13,205,246,3.01,25.21,36.79,5.81,5.91,0.65,10.28,12.33
95GG26S2,1754,443,385,436,82,82,13,123,190,25.26,21.95,24.86,4.68,4.68,0.74,7.01,10.83
95GG27S1,1548,1331,6,6,0,8,5,39,153,85.98,0.39,0.39,0,0.52,0.32,2.52,9.88
95GG27S2,1614,1386,13,3,0,1,0,35,176,85.87,0.81,0.19,0,0.06,0,2.17,10.90
95GG27S3,1705,1451,5,7,2,4,3,61,172,85.10,0.29,0.41,0.12,0.23,0.18,3.58,10.09
95GG27S4,1631,1316,7,2,5,8,4,48,241,80.69,0.43,0.12,0.31,0.49,0.25,2.94,14.78
95GG28S1,2149,51,685,639,141,183,12,288,150,2.37,31.88,29.73,6.56,8.52,0.56,13.40,6.98
95GG28S2,1733,248,502,477,99,104,24,185,94,14.31,28.97,27.52,5.71,6.00,1.38,10.68,5.42
95GG28S3,1769,91,535,653,74,115,12,150,139,5.14,30.24,36.91,4.18,6.50,0.68,8.48,7.86
95GG29S1,2257,181,521,482,186,163,129,377,218,8.02,23.08,21.36,8.24,7.22,5.72,16.70,9.66
95GG29S2,2757,317,580,521,158,232,73,613,263,11.50,21.04,18.90,5.73,8.41,2.65,22.23,9.54
95GG30S1,1604,82,559,307,119,111,13,299,114,5.11,34.85,19.14,7.42,6.92,0.81,18.64,7.11
95GG30S2,1685,183,466,278,108,184,17,365,84,10.86,27.66,16.50,6.41,10.92,1.01,21.66,4.99
95GG30S3,1538,38,376,270,262,222,19,255,96,2.47,24.45,17.56,17.04,14.43,1.24,16.58,6.24
95GG31S1,2227,1946,6,10,4,19,8,78,156,87.38,0.27,0.45,0.18,0.85,0.36,3.50,7.00
95GG31S2,2032,1259,102,216,49,40,20,184,162,61.96,5.02,10.63,2.41,1.97,0.98,9.06,7.97
95GG31S3,2260,1821,17,42,7,15,9,78,271,80.58,0.75,1.86,0.31,0.66,0.40,3.45,11.99
95GG32S1,3232,2077,201,203,62,108,29,246,306,64.26,6.22,6.28,1.92,3.34,0.90,7.61,9.47
95GG32S2,1553,202,444,375,60,139,10,161,162,13.01,28.59,24.15,3.86,8.95,0.64,10.37,10.43
95GG32S3,1624,443,387,323,67,93,9,188,114,27.28,23.83,19.89,4.13,5.73,0.55,11.58,7.02
95GG33S1,1951,1238,218,134,9,40,24,195,93,63.45,11.17,6.87,0.46,2.05,1.23,9.99,4.77
95GG33S2,1639,927,191,148,19,38,32,216,68,56.56,11.65,9.03,1.16,2.32,1.95,13.18,4.15
95GG33S3,1965,885,208,182,37,58,53,406,136,45.04,10.59,9.26,1.88,2.95,2.70,20.66,6.92
95GG34S1,1452,218,322,304,133,139,46,187,103,15.01,22.18,20.94,9.16,9.57,3.17,12.88,7.09
95GG34S2,1590,1432,12,12,3,10,12,64,45,90.06,0.75,0.75,0.19,0.63,0.75,4.03,2.83
95GG34S3,1885,1062,140,125,81,67,18,259,133,56.34,7.43,6.63,4.30,3.55,0.95,13.74,7.06
95GG35S1,1970,1487,31,35,7,6,9,70,325,75.48,1.57,1.78,0.36,0.30,0.46,3.55,16.50
95GG35S2,1478,1198,7,8,0,8,9,32,216,81.06,0.47,0.54,0,0.54,0.61,2.17,14.61
95GG35S3,1502,1158,7,7,4,9,20,41,256,77.10,0.47,0.47,0.27,0.60,1.33,2.73,17.04
95GG36S1,1794,195,440,263,173,129,22,418,154,10.87,24.53,14.66,9.64,7.19,1.23,23.30,8.58
95GG36S2,1926,144,629,328,134,214,23,380,74,7.48,32.66,17.03,6.96,11.11,1.19,19.73,3.84
95GG36S3,1899,122,563,320,151,246,24,396,77,6.42,29.65,16.85,7.95,12.95,1.26,20.85,4.05
95GG37S1,2082,903,219,195,59,85,23,469,129,43.37,10.52,9.37,2.83,4.08,1.10,22.53,6.20
95GG37S2,1826,367,311,207,139,144,40,447,171,20.10,17.03,11.34,7.61,7.89,2.19,24.48,9.36
95GG37S3,2133,664,293,251,109,115,46,528,127,31.13,13.74,11.77,5.11,5.39,2.16,24.75,5.95
95GG38S1,3099,1498,280,243,72,137,77,612,180,48.34,9.04,7.84,2.32,4.42,2.48,19.75,5.81
95GG38S2,1880,884,176,188,46,81,31,344,130,47.02,9.36,10.00,2.45,4.31,1.65,18.30,6.91
95GG38S3,1585,995,121,73,41,34,14,248,59,62.78,7.63,4.61,2.59,2.15,0.88,15.65,3.72
95GG39S1,2409,1184,108,150,51,60,280,312,264,49.15,4.48,6.23,2.12,2.49,11.62,12.95,10.96
95GG39S2,2711,710,398,409,92,141,62,589,310,26.19,14.68,15.09,3.39,5.20,2.29,21.73,11.43
95GG39S3,2094,164,429,495,183,125,85,314,299,7.83,20.49,23.64,8.74,5.97,4.06,15.00,14.28
95GG40S1,1697,78,524,538,129,86,9,124,209,4.60,30.88,31.70,7.60,5.07,0.53,7.31,12.32
95GG40S2,2119,105,609,657,80,132,10,221,305,4.96,28.74,31.01,3.78,6.23,0.47,10.43,14.39
95GG41S1,1926,127,716,368,118,169,14,337,77,6.59,37.18,19.11,6.13,8.77,0.73,17.50,4.00
95GG41S2,1524,152,498,279,77,109,21,294,94,9.97,32.68,18.31,5.05,7.15,1.38,19.29,6.17
95GG41S3,2098,262,586,333,117,152,23,512,113,12.49,27.93,15.87,5.58,7.24,1.10,24.40,5.39
95GG42S1,1826,831,260,169,38,84,41,321,82,45.51,14.24,9.26,2.08,4.60,2.25,17.58,4.49
95GG42S2,1784,780,218,142,43,114,74,367,46,43.72,12.22,7.96,2.41,6.39,4.15,20.57,2.58
95GG42S3,2261,851,331,266,42,147,33,491,100,37.64,14.64,11.76,1.86,6.50,1.46,21.72,4.42
95GG42S4,2268,902,266,238,50,96,73,501,142,39.77,11.73,10.49,2.20,4.23,3.22,22.09,6.26
95GG43S1,1480,89,320,321,158,142,33,295,122,6.01,21.62,21.69,10.68,9.59,2.23,19.93,8.24
95GG43S2,1670,102,384,366,219,136,26,351,86,6.11,22.99,21.92,13.11,8.14,1.56,21.02,5.15
95GG43S3,1724,135,407,301,118,185,24,382,172,7.83,23.61,17.46,6.84,10.73,1.39,22.16,9.98
95GG44S1,2864,304,780,478,110,207,35,585,365,10.61,27.23,16.69,3.84,7.23,1.22,20.43,12.74
95GG44S2,2727,299,654,428,133,232,28,569,384,10.96,23.98,15.69,4.88,8.51,1.03,20.87,14.08
95GG45S1,1670,674,368,197,39,48,63,192,89,40.36,22.04,11.80,2.34,2.87,3.77,11.50,5.33
95GG45S2,1554,102,453,411,100,93,13,246,136,6.56,29.15,26.45,6.44,5.98,0.84,15.83,8.75
95GG45S3,1617,442,314,273,88,85,41,270,104,27.33,19.42,16.88,5.44,5.26,2.54,16.70,6.43
95GG46S1,1712,1444,2,6,1,5,1,38,215,84.35,0.12,0.35,0.06,0.29,0.06,2.22,12.56
95GG46S2,1874,1630,13,14,4,15,10,56,132,86.98,0.69,0.75,0.21,0.80,0.53,2.99,7.04
95GG46S3,1664,1372,8,6,0,2,5,51,220,82.45,0.48,0.36,0,0.12,0.30,3.06,13.22
95GG47S1,2314,1723,37,28,7,43,27,180,269,74.46,1.60,1.21,0.30,1.86,1.17,7.78,11.62
95GG47S2,1717,1421,21,21,2,12,9,108,123,82.76,1.22,1.22,0.12,0.70,0.52,6.29,7.16
95GG47S3,1798,1308,35,22,0,16,14,202,201,72.75,1.95,1.22,0,0.89,0.78,11.23,11.18
95GG48S1,1615,1385,7,10,1,19,4,42,147,85.76,0.43,0.62,0.06,1.18,0.25,2.60,9.10
95GG48S2,2411,2078,6,12,2,4,3,41,265,86.19,0.25,0.50,0.08,0.17,0.12,1.70,10.99
95GG48S3,1668,1424,19,2,2,10,4,30,177,85.37,1.14,0.12,0.12,0.60,0.24,1.80,10.61
95GG49S1,1662,700,163,166,33,100,41,348,111,42.12,9.81,9.99,1.99,6.02,2.47,20.94,6.68
95GG49S2,2270,783,258,178,46,152,130,560,163,34.49,11.37,7.84,2.03,6.70,5.73,24.67,7.18
95GG49S3,2142,514,344,202,62,188,172,442,218,24.00,16.06,9.43,2.89,8.78,8.03,20.63,10.18
95GG49S4,2067,604,276,212,49,136,82,542,166,29.22,13.35,10.26,2.37,6.58,3.97,26.22,8.03
95GG50S1,1499,218,368,223,83,85,34,362,126,14.54,24.55,14.88,5.54,5.67,2.27,24.15,8.41
95GG50S2,2061,286,501,345,72,156,52,451,198,13.88,24.31,16.74,3.49,7.57,2.52,21.88,9.61
95GG50S3,1885,301,431,295,69,151,49,417,172,15.97,22.86,15.65,3.66,8.01,2.60,22.12,9.12
95GG51S1,1353,61,358,377,98,93,12,148,206,4.51,26.46,27.86,7.24,6.87,0.89,10.94,15.23
95GG51S2,1399,45,409,449,115,104,6,116,155,3.22,29.24,32.09,8.22,7.43,0.43,8.29,11.08
95GG51S3,1336,32,411,465,78,76,2,139,133,2.40,30.76,34.81,5.84,5.69,0.15,10.40,9.96
95HH01W1,2059,236,566,326,111,186,13,470,151,11.46,27.49,15.83,5.39,9.03,0.63,22.83,7.33
95HH02S1,1358,81,454,264,104,150,7,232,66,5.96,33.43,19.44,7.66,11.05,0.52,17.08,4.86
95HH02S2,1604,79,497,325,144,214,7,291,47,4.93,30.99,20.26,8.98,13.34,0.44,18.14,2.93
95HH03W1,1663,153,565,316,118,167,6,246,92,9.20,33.97,19.00,7.10,10.04,0.36,14.79,5.53
95HH04S1,1709,123,474,400,163,136,19,316,78,7.20,27.74,23.41,9.54,7.96,1.11,18.49,4.56
95HH04S2,1358,48,480,277,145,135,8,212,53,3.53,35.35,20.40,10.68,9.94,0.59,15.61,3.90
95HH05W1,2171,93,668,471,190,179,5,372,193,4.28,30.77,21.70,8.75,8.25,0.23,17.13,8.89
95HH06S1,2231,114,725,455,176,271,17,364,109,5.11,32.50,20.39,7.89,12.15,0.76,16.32,4.89
95HH06S2,2566,154,794,501,208,317,30,451,111,6.00,30.94,19.52,8.11,12.35,1.17,17.58,4.33
95HH07W1,1493,80,305,369,201,135,14,259,130,5.36,20.43,24.72,13.46,9.04,0.94,17.35,8.71
95HH08W1,2619,308,748,410,164,266,18,567,138,11.76,28.56,15.65,6.26,10.16,0.69,21.65,5.27
95HH09W1,2620,335,659,439,203,241,35,510,198,12.79,25.15,16.76,7.75,9.20,1.34,19.47,7.56
95HH10W1,2489,209,779,468,160,279,23,506,65,8.40,31.30,18.80,6.43,11.21,0.92,20.33,2.61
95HH11W1,1417,70,457,284,98,125,10,254,119,4.94,32.25,20.04,6.92,8.82,0.71,17.93,8.40
95HH12W1,1552,60,429,260,205,150,12,350,86,3.87,27.64,16.75,13.21,9.66,0.77,22.55,5.54
95HH13W1,1407,44,378,286,175,137,5,274,108,3.13,26.87,20.33,12.44,9.74,0.36,19.47,7.68
95HH14W1,1530,105,414,296,138,160,11,264,142,6.86,27.06,19.35,9.02,10.46,0.72,17.25,9.28
95HH15W1,2630,206,787,500,225,288,32,468,124,7.83,29.92,19.01,8.56,10.95,1.22,17.79,4.71
95HH16W1,2159,346,561,355,101,167,31,504,94,16.03,25.98,16.44,4.68,7.74,1.44,23.34,4.35
95HH17W1,2479,114,928,421,163,298,16,386,153,4.60,37.43,16.98,6.58,12.02,0.65,15.57,6.17
95II01S1,1550,68,453,324,132,204,16,303,50,4.39,29.23,20.90,8.52,13.16,1.03,19.55,3.23
95II01S2,1534,52,599,256,106,182,16,258,65,3.39,39.05,16.69,6.91,11.86,1.04,16.82,4.24
95II02S1,1781,843,263,201,51,96,32,215,80,47.33,14.77,11.29,2.86,5.39,1.80,12.07,4.49
95II02S2,1700,452,300,316,87,114,37,305,89,26.59,17.65,18.59,5.12,6.71,2.18,17.94,5.24
95II02S3,1480,222,327,313,117,142,25,236,98,15.00,22.09,21.15,7.91,9.59,1.69,15.95,6.62
95II03S1,1739,802,243,164,63,99,27,244,97,46.12,13.97,9.43,3.62,5.69,1.55,14.03,5.58
95II03S2,1784,690,280,234,73,118,29,295,65,38.68,15.70,13.12,4.09,6.61,1.63,16.54,3.64
95II04S1,2352,91,734,485,156,337,19,417,113,3.87,31.21,20.62,6.63,14.33,0.81,17.73,4.80
95II04S2,1965,46,632,443,117,200,18,372,137,2.34,32.16,22.54,5.95,10.18,0.92,18.93,6.97
95II05S1,1634,979,200,113,29,73,15,172,53,59.91,12.24,6.92,1.77,4.47,0.92,10.53,3.24
95II05S2,1912,607,398,275,57,165,33,243,134,31.75,20.82,14.38,2.98,8.63,1.73,12.71,7.01
95II06S1,1519,640,251,145,61,109,26,219,68,42.13,16.52,9.55,4.02,7.18,1.71,14.42,4.48
95II06S2,1879,846,264,223,41,123,18,270,94,45.02,14.05,11.87,2.18,6.55,0.96,14.37,5.00
95II07W1,2090,128,649,377,131,165,21,425,194,6.12,31.05,18.04,6.27,7.89,1.00,20.33,9.28
95II08W1,2417,201,617,464,270,249,19,475,122,8.32,25.53,19.20,11.17,10.30,0.79,19.65,5.05
95II09S1,1950,178,543,433,128,216,28,337,87,9.13,27.85,22.21,6.56,11.08,1.44,17.28,4.46
95II09S2,1413,64,417,299,106,191,9,242,85,4.53,29.51,21.16,7.50,13.52,0.64,17.13,6.02
95II10W1,2592,68,796,634,245,233,21,449,146,2.62,30.71,24.46,9.45,8.99,0.81,17.32,5.63
95II11W1,2567,1092,385,304,87,153,26,398,122,42.54,15.00,11.84,3.39,5.96,1.01,15.50,4.75
95II12W1,2512,172,739,459,198,293,25,484,142,6.85,29.42,18.27,7.88,11.66,1.00,19.27,5.65
95II13W1,2702,132,742,538,196,326,44,498,226,4.89,27.46,19.91,7.25,12.07,1.63,18.43,8.36
95II14W1,2561,658,619,347,217,232,20,361,107,25.69,24.17,13.55,8.47,9.06,0.78,14.10,4.18
95II15S1,1793,855,191,135,66,101,31,296,118,47.69,10.65,7.53,3.68,5.63,1.73,16.51,6.58
95II15S2,1564,561,295,172,49,129,12,267,79,35.87,18.86,11.00,3.13,8.25,0.77,17.07,5.05
95II16W1,2126,63,635,417,351,197,17,311,135,2.96,29.87,19.61,16.51,9.27,0.80,14.63,6.35
95II17W1,2493,93,830,453,255,264,43,410,145,3.73,33.29,18.17,10.23,10.59,1.72,16.45,5.82
95II18W1,2226,106,548,615,150,243,31,326,207,4.76,24.62,27.63,6.74,10.92,1.39,14.65,9.30
95II19S1,1826,369,621,209,71,236,12,236,72,20.21,34.01,11.45,3.89,12.92,0.66,12.92,3.94
95II19S2,1944,41,986,265,79,201,16,261,95,2.11,50.72,13.63,4.06,10.34,0.82,13.43,4.89
95II20W1,2780,955,445,377,110,179,38,491,185,34.35,16.01,13.56,3.96,6.44,1.37,17.66,6.65
95II21W1,2419,43,837,535,154,228,9,394,219,1.78,34.60,22.12,6.37,9.43,0.37,16.29,9.05
95II22W1,2248,114,729,378,259,244,5,414,105,5.07,32.43,16.81,11.52,10.85,0.22,18.42,4.67
95II23W1,2190,870,354,217,107,114,29,378,121,39.73,16.16,9.91,4.89,5.21,1.32,17.26,5.53
95JJ01W1,2499,546,991,432,16,206,7,200,101,21.85,39.66,17.29,0.64,8.24,0.28,8.00,4.04
95JJ02W1,2374,609,529,453,55,146,12,337,233,25.65,22.28,19.08,2.32,6.15,0.51,14.20,9.81
95JJ03S1,1406,114,372,444,17,103,14,217,125,8.11,26.46,31.58,1.21,7.33,1.00,15.43,8.89
95JJ03S2,1064,149,276,321,25,71,8,164,50,14.00,25.94,30.17,2.35,6.67,0.75,15.41,4.70
95JJ04S1,1546,242,684,363,8,61,17,104,67,15.65,44.24,23.48,0.52,3.95,1.10,6.73,4.33
95JJ04S2,1565,230,577,409,10,68,11,180,80,14.70,36.87,26.13,0.64,4.35,0.70,11.50,5.11
95JJ05W1,1835,438,421,410,31,124,7,229,175,23.87,22.94,22.34,1.69,6.76,0.38,12.48,9.54
95JJ06W1,2472,909,368,563,12,107,20,253,240,36.77,14.89,22.78,0.49,4.33,0.81,10.23,9.71
95JJ07W1,2665,525,632,829,36,136,19,274,214,19.70,23.71,31.11,1.35,5.10,0.71,10.28,8.03
95JJ08S1,1377,145,526,375,10,98,12,150,61,10.53,38.20,27.23,0.73,7.12,0.87,10.89,4.43
95JJ08S2,1899,543,437,335,43,144,13,260,124,28.59,23.01,17.64,2.26,7.58,0.68,13.69,6.53
95JJ09W1,1990,82,917,500,25,130,13,189,134,4.12,46.08,25.13,1.26,6.53,0.65,9.50,6.73
95JJ10W1,2795,1269,732,434,3,91,12,115,139,45.40,26.19,15.53,0.11,3.26,0.43,4.11,4.97
95JJ11S1,1821,337,475,492,40,94,10,239,134,18.51,26.08,27.02,2.20,5.16,0.55,13.12,7.36
95JJ11S2,1949,377,561,434,33,111,18,259,156,19.34,28.78,22.27,1.69,5.70,0.92,13.29,8.00
95JJ12W1,2724,1737,427,182,4,85,9,145,135,63.77,15.68,6.68,0.15,3.12,0.33,5.32,4.96
95JJ13S1,2144,325,611,516,34,214,25,292,127,15.16,28.50,24.07,1.59,9.98,1.17,13.62,5.92
95JJ13S2,1751,302,558,385,24,178,24,200,80,17.25,31.87,21.99,1.37,10.17,1.37,11.42,4.57
95JJ14W1,2325,218,1017,557,21,181,11,215,105,9.38,43.74,23.96,0.90,7.78,0.47,9.25,4.52
95JJ15W1,1879,501,433,357,39,142,24,229,154,26.66,23.04,19.00,2.08,7.56,1.28,12.19,8.20
95JJ16W1,1799,507,374,330,36,91,22,255,184,28.18,20.79,18.34,2.00,5.06,1.22,14.17,10.23
95JJ17W1,2455,1152,695,233,10,100,13,156,96,46.92,28.31,9.49,0.41,4.07,0.53,6.35,3.91
95JJ18W1,2032,482,489,425,53,97,12,302,172,23.72,24.06,20.92,2.61,4.77,0.59,14.86,8.46
95JJ19S1,1690,561,390,246,54,116,23,207,93,33.20,23.08,14.56,3.20,6.86,1.36,12.25,5.50
95JJ19S2,1252,484,261,165,24,68,12,155,83,38.66,20.85,13.18,1.92,5.43,0.96,12.38,6.63
95JJ20S1,2173,363,679,544,25,175,11,291,85,16.71,31.25,25.03,1.15,8.05,0.51,13.39,3.91
95JJ20S2,1919,424,512,533,33,128,17,170,102,22.09,26.68,27.77,1.72,6.67,0.89,8.86,5.32
95JJ21W1,2873,582,610,726,55,266,45,430,159,20.26,21.23,25.27,1.91,9.26,1.57,14.97,5.53
95JJ22W1,2794,621,830,547,59,234,50,358,95,22.23,29.71,19.58,2.11,8.38,1.79,12.81,3.40
95KK01W1,2578,2360,19,35,2,15,3,21,123,91.54,0.74,1.36,0.08,0.58,0.12,0.81,4.77
95KK02W1,2029,651,419,467,42,174,23,117,136,32.08,20.65,23.02,2.07,8.58,1.13,5.77,6.70
95KK03W1,2357,2059,48,52,3,22,5,29,139,87.36,2.04,2.21,0.13,0.93,0.21,1.23,5.90
95KK04W1,2787,1949,112,188,14,66,12,202,244,69.93,4.02,6.75,0.50,2.37,0.43,7.25,8.75
95KK05W1,2616,2084,124,73,5,85,7,41,197,79.66,4.74,2.79,0.19,3.25,0.27,1.57,7.53
95KK06W1,1885,940,217,377,20,78,11,103,139,49.87,11.51,20.00,1.06,4.14,0.58,5.46,7.37
95KK07W1,2045,832,540,335,30,172,10,52,74,40.68,26.41,16.38,1.47,8.41,0.49,2.54,3.62
95KK08W1,2646,994,482,643,45,194,23,133,132,37.57,18.22,24.30,1.70,7.33,0.87,5.03,4.99
95KK09W1,2187,819,399,416,52,167,11,178,145,37.45,18.24,19.02,2.38,7.64,0.50,8.14,6.63
95KK10W1,2181,852,461,477,59,145,13,65,109,39.06,21.14,21.87,2.71,6.65,0.60,2.98,5.00
95KK11W1,2373,669,416,667,103,177,8,185,148,28.19,17.53,28.11,4.34,7.46,0.34,7.80,6.24
95KK12W1,2309,1742,197,140,5,19,1,58,147,75.44,8.53,6.06,0.22,0.82,0.04,2.51,6.37
95KK13W1,1817,252,498,624,32,174,9,126,102,13.87,27.41,34.34,1.76,9.58,0.50,6.93,5.61
95KK14W1,2041,856,493,349,24,133,2,52,132,41.94,24.15,17.10,1.18,6.52,0.10,2.55,6.47
95KK15W1,2946,1862,296,444,18,100,9,76,141,63.20,10.05,15.07,0.61,3.39,0.31,2.58,4.79
95KK16W1,2216,1458,132,186,15,52,8,154,211,65.79,5.96,8.39,0.68,2.35,0.36,6.95,9.52
95LL01S1,2488,1912,90,129,18,39,21,157,122,76.85,3.62,5.18,0.72,1.57,0.84,6.31,4.90
95LL01S2,2443,2011,27,68,37,28,4,158,110,82.32,1.11,2.78,1.51,1.15,0.16,6.47,4.50
95LL02S1,1612,240,258,535,146,184,11,147,91,14.89,16.00,33.19,9.06,11.41,0.68,9.12,5.65
95LL02S2,1430,411,118,291,88,98,33,212,179,28.74,8.25,20.35,6.15,6.85,2.31,14.83,12.52
95LL03W1,2436,198,272,1071,186,239,21,279,170,8.13,11.17,43.97,7.64,9.81,0.86,11.45,6.98
95LL04W1,2985,2229,77,184,65,78,6,114,232,74.67,2.58,6.16,2.18,2.61,0.20,3.82,7.77
95LL05S1,2383,160,488,770,256,345,16,236,112,6.71,20.48,32.31,10.74,14.48,0.67,9.90,4.70
95LL05S2,1736,579,265,411,48,129,61,139,104,33.35,15.26,23.68,2.76,7.43,3.51,8.01,5.99
95LL06S1,1654,170,238,572,179,178,19,198,100,10.28,14.39,34.58,10.82,10.76,1.15,11.97,6.05
95LL06S2,1718,161,204,670,189,215,10,154,115,9.37,11.87,39.00,11.00,12.51,0.58,8.96,6.69
95LL07W1,2131,217,282,772,117,251,24,297,171,10.18,13.23,36.23,5.49,11.78,1.13,13.94,8.02
95LL08S1,1649,1324,5,13,1,6,16,92,192,80.29,0.30,0.79,0.06,0.36,0.97,5.58,11.64
95LL08S2,1671,1028,34,146,37,34,3,138,251,61.52,2.03,8.74,2.21,2.03,0.18,8.26,15.02
95LL09S1,1467,1134,24,60,6,23,9,92,119,77.30,1.64,4.09,0.41,1.57,0.61,6.27,8.11
95LL09S2,1683,1319,44,96,16,43,9,62,94,78.37,2.61,5.70,0.95,2.55,0.53,3.68,5.59
95LL10S1,3074,2765,18,26,12,26,2,111,114,89.95,0.59,0.85,0.39,0.85,0.07,3.61,3.71
95LL10S2,2401,1833,32,134,40,153,11,66,132,76.34,1.33,5.58,1.67,6.37,0.46,2.75,5.50
95LL11S1,1538,156,390,429,90,180,8,209,76,10.14,25.36,27.89,5.85,11.70,0.52,13.59,4.94
95LL11S2,2451,151,743,642,203,312,23,244,133,6.16,30.31,26.19,8.28,12.73,0.94,9.96,5.43
95LL12S1,2929,2251,38,111,5,28,39,217,240,76.85,1.30,3.79,0.17,0.96,1.33,7.41,8.19
95LL12S2,1283,1130,9,14,2,3,9,53,63,88.07,0.70,1.09,0.16,0.23,0.70,4.13,4.91
95LL13S1,1401,716,90,180,20,51,31,176,137,51.11,6.42,12.85,1.43,3.64,2.21,12.56,9.78
95LL13S2,1344,746,79,137,17,38,11,174,142,55.51,5.88,10.19,1.26,2.83,0.82,12.95,10.57
95LL14S1,1270,1090,1,10,4,14,15,18,118,85.83,0.08,0.79,0.31,1.10,1.18,1.42,9.29
95LL14S2,1381,1260,6,7,0,0,0,20,88,91.24,0.43,0.51,0,0,0,1.45,6.37
95LL15S1,1449,93,253,432,156,195,24,172,124,6.42,17.46,29.81,10.77,13.46,1.66,11.87,8.56
95LL15S2,1599,100,320,536,148,229,15,155,96,6.25,20.01,33.52,9.26,14.32,0.94,9.69,6.00
95LL16S1,2791,341,515,839,272,364,35,302,123,12.22,18.45,30.06,9.75,13.04,1.25,10.82,4.41
95LL16S2,3316,906,382,689,219,361,33,510,216,27.32,11.52,20.78,6.60,10.89,1.00,15.38,6.51
95LL17W1,2539,191,496,816,211,357,23,317,128,7.52,19.54,32.14,8.31,14.06,0.91,12.49,5.04
95LL18S1,1974,68,419,645,111,381,26,235,89,3.44,21.23,32.67,5.62,19.30,1.32,11.90,4.51
95LL18S2,1377,89,236,508,87,246,5,153,53,6.46,17.14,36.89,6.32,17.86,0.36,11.11,3.85
95LL19S1,2283,120,414,898,99,335,33,252,132,5.26,18.13,39.33,4.34,14.67,1.45,11.04,5.78
95LL19S2,2865,1015,337,761,76,259,17,263,137,35.43,11.76,26.56,2.65,9.04,0.59,9.18,4.78
95LL20W1,2401,928,310,558,74,203,14,168,146,38.65,12.91,23.24,3.08,8.45,0.58,7.00,6.08
95LL21W1,3983,1980,309,658,101,264,26,338,307,49.71,7.76,16.52,2.54,6.63,0.65,8.49,7.71
95LL22W1,3728,3173,20,40,7,37,18,165,268,85.11,0.54,1.07,0.19,0.99,0.48,4.43,7.19
95LL23W1,2157,239,212,868,229,196,8,246,159,11.08,9.83,40.24,10.62,9.09,0.37,11.40,7.37
95LL24S1,2027,543,291,661,103,173,9,135,112,26.79,14.36,32.61,5.08,8.53,0.44,6.66,5.53
95LL24S2,1742,637,149,579,100,105,3,65,104,36.57,8.55,33.24,5.74,6.03,0.17,3.73,5.97
95LL25S1,2583,212,680,780,108,351,28,293,131,8.21,26.33,30.20,4.18,13.59,1.08,11.34,5.07
95LL25S2,1953,110,536,647,97,247,25,208,83,5.63,27.44,33.13,4.97,12.65,1.28,10.65,4.25
95LL26S1,1519,1208,13,21,2,26,15,78,156,79.53,0.86,1.38,0.13,1.71,0.99,5.13,10.27
95LL26S2,2179,1994,7,18,7,14,8,58,73,91.51,0.32,0.83,0.32,0.64,0.37,2.66,3.35
95MM01S1,1471,560,321,344,2,31,14,50,149,38.07,21.82,23.39,0.14,2.11,0.95,3.40,10.13
95MM01S2,1777,1009,210,166,21,72,30,116,153,56.78,11.82,9.34,1.18,4.05,1.69,6.53,8.61
95MM01S3,1614,145,672,450,37,86,19,120,85,8.98,41.64,27.88,2.29,5.33,1.18,7.43,5.27
95MM02S1,1559,1296,30,15,2,10,10,58,138,83.13,1.92,0.96,0.13,0.64,0.64,3.72,8.85
95MM02S2,1685,1475,12,11,0,17,13,58,99,87.54,0.71,0.65,0,1.01,0.77,3.44,5.88
95MM03W1,3508,2291,499,397,2,40,14,118,147,65.31,14.22,11.32,0.06,1.14,0.40,3.36,4.19
95MM04W1,2151,1888,6,6,1,16,2,68,164,87.77,0.28,0.28,0.05,0.74,0.09,3.16,7.62
95MM05W1,2495,2108,9,29,1,7,1,50,290,84.49,0.36,1.16,0.04,0.28,0.04,2.00,11.62
95MM06S1,1376,1143,5,6,0,1,6,26,189,83.07,0.36,0.44,0,0.07,0.44,1.89,13.74
95MM06S2,1227,1033,13,14,0,3,6,21,137,84.19,1.06,1.14,0,0.24,0.49,1.71,11.17
95MM07W1,2601,385,789,860,107,112,20,183,145,14.80,30.33,33.06,4.11,4.31,0.77,7.04,5.57
95MM08S1,1291,942,59,55,9,7,2,42,175,72.97,4.57,4.26,0.70,0.54,0.15,3.25,13.56
95MM08S2,1656,786,346,245,25,90,5,81,78,47.46,20.89,14.79,1.51,5.43,0.30,4.89,4.71
95MM09S1,1588,1089,161,179,4,13,3,52,87,68.58,10.14,11.27,0.25,0.82,0.19,3.27,5.48
95MM09S2,1974,1326,279,146,12,32,9,60,110,67.17,14.13,7.40,0.61,1.62,0.46,3.04,5.57
95MM10S1,1456,1284,8,10,2,2,0,7,143,88.19,0.55,0.69,0.14,0.14,0,0.48,9.82
95MM10S2,1294,1094,1,7,0,5,2,28,157,84.54,0.08,0.54,0,0.39,0.15,2.16,12.13
95MM11W1,2277,2040,7,3,0,6,1,27,193,89.59,0.31,0.13,0,0.26,0.04,1.19,8.48
95MM12S1,2022,1600,159,54,4,22,3,56,124,79.13,7.86,2.67,0.20,1.09,0.15,2.77,6.13
95MM12S2,1298,1120,7,3,2,0,2,32,132,86.29,0.54,0.23,0.15,0,0.15,2.47,10.17
95MM12S3,2538,2224,14,19,2,8,12,47,212,87.63,0.55,0.75,0.08,0.32,0.47,1.85,8.35
95MM13S1,1205,996,41,36,1,19,1,55,56,82.66,3.40,2.99,0.08,1.58,0.08,4.56,4.65
95MM13S2,1236,1082,3,5,4,7,1,30,104,87.54,0.24,0.40,0.32,0.57,0.08,2.43,8.41
95MM13S3,1569,1352,6,17,0,12,5,30,147,86.17,0.38,1.08,0,0.76,0.32,1.91,9.37
95MM13S4,2553,2227,11,30,1,18,9,55,202,87.23,0.43,1.18,0.04,0.71,0.35,2.15,7.91
95MM13S5,2309,1976,39,37,2,28,12,88,127,85.58,1.69,1.60,0.09,1.21,0.52,3.81,5.50
95MM14S1,833,294,199,160,37,33,12,61,37,35.29,23.89,19.21,4.44,3.96,1.44,7.32,4.44
95MM14S2,1736,694,288,318,29,75,34,116,182,39.98,16.59,18.32,1.67,4.32,1.96,6.68,10.48
95MM15S1,1753,759,386,319,16,66,5,112,90,43.30,22.02,18.20,0.91,3.76,0.29,6.39,5.13
95MM15S2,2648,1342,447,427,20,80,14,198,120,50.68,16.88,16.13,0.76,3.02,0.53,7.48,4.53
95MM16S1,2407,1795,150,92,3,34,22,103,208,74.57,6.23,3.82,0.12,1.41,0.91,4.28,8.64
95MM16S2,3338,1709,580,363,36,94,73,322,161,51.20,17.38,10.87,1.08,2.82,2.19,9.65,4.82
95MM17S1,1962,1764,10,12,0,10,4,50,112,89.91,0.51,0.61,0,0.51,0.20,2.55,5.71
95MM17S2,1787,1426,47,48,2,23,9,88,144,79.80,2.63,2.69,0.11,1.29,0.50,4.92,8.06
95MM18S1,2241,1289,429,224,30,57,6,97,109,57.52,19.14,10.00,1.34,2.54,0.27,4.33,4.86
95MM18S2,2939,1904,336,299,16,62,25,158,139,64.78,11.43,10.17,0.54,2.11,0.85,5.38,4.73
95MM19S1,1558,418,484,355,36,61,27,102,75,26.83,31.07,22.79,2.31,3.92,1.73,6.55,4.81
95MM19S2,1486,545,343,238,37,58,20,134,111,36.68,23.08,16.02,2.49,3.90,1.35,9.02,7.47
95MM20S1,1614,288,526,444,64,50,11,132,99,17.84,32.59,27.51,3.97,3.10,0.68,8.18,6.13
95MM20S2,1752,304,610,431,60,75,16,136,120,17.35,34.82,24.60,3.42,4.28,0.91,7.76,6.85
95MM21S1,1644,115,573,663,94,43,2,55,99,7.00,34.85,40.33,5.72,2.62,0.12,3.35,6.02
95MM21S2,1762,1027,197,209,38,34,20,132,105,58.29,11.18,11.86,2.16,1.93,1.14,7.49,5.96
95MM22S1,1239,1042,9,13,1,4,7,42,121,84.10,0.73,1.05,0.08,0.32,0.56,3.39,9.77
95MM22S2,1253,1077,9,13,0,10,1,69,74,85.95,0.72,1.04,0,0.80,0.08,5.51,5.91
95MM23W1,2521,1881,36,35,2,38,32,183,314,74.61,1.43,1.39,0.08,1.51,1.27,7.26,12.46
95MM24W1,2503,2275,16,9,0,3,4,48,148,90.89,0.64,0.36,0,0.12,0.16,1.92,5.91
95MM25S1,1289,1129,0,7,0,3,1,18,131,87.59,0,0.54,0,0.23,0.08,1.40,10.16
95MM25S2,1458,1242,3,7,0,6,4,20,176,85.19,0.21,0.48,0,0.41,0.27,1.37,12.07
95MM25S3,1559,1373,22,9,0,7,2,30,116,88.07,1.41,0.58,0,0.45,0.13,1.92,7.44
95MM25S4,2057,1713,8,11,0,12,20,41,252,83.28,0.39,0.53,0,0.58,0.97,1.99,12.25
95MM26S1,1745,1568,5,12,0,2,2,42,114,89.86,0.29,0.69,0,0.11,0.11,2.41,6.53
95MM26S2,1386,1253,5,10,0,5,5,48,60,90.40,0.36,0.72,0,0.36,0.36,3.46,4.33
95MM27S1,2002,1351,36,44,5,24,51,133,358,67.48,1.80,2.20,0.25,1.20,2.55,6.64,17.88
95MM27S2,1831,1191,65,36,9,63,41,242,184,65.05,3.55,1.97,0.49,3.44,2.24,13.22,10.05
95MM28W1,2351,1591,107,146,8,31,13,121,334,67.67,4.55,6.21,0.34,1.32,0.55,5.15,14.21
95MM29W1,3410,2136,314,287,26,62,34,215,336,62.64,9.21,8.42,0.76,1.82,1.00,6.30,9.85
95MM30W1,2083,1782,8,9,0,11,9,79,185,85.55,0.38,0.43,0,0.53,0.43,3.79,8.88
95NN01S1,1492,1185,44,42,0,22,4,68,127,79.42,2.95,2.82,0,1.47,0.27,4.56,8.51
95NN01S2,1686,1344,39,84,3,15,4,88,109,79.72,2.31,4.98,0.18,0.89,0.24,5.22,6.47
95NN02W1,2211,1860,48,55,3,21,4,104,116,84.12,2.17,2.49,0.14,0.95,0.18,4.70,5.25
95NN03S1,1319,320,326,171,47,160,12,202,81,24.26,24.72,12.96,3.56,12.13,0.91,15.31,6.14
95NN03S2,1577,128,491,346,84,273,4,161,90,8.12,31.14,21.94,5.33,17.31,0.25,10.21,5.71
95NN04W1,2934,2211,67,37,7,31,17,157,407,75.36,2.28,1.26,0.24,1.06,0.58,5.35,13.87
95NN05W1,2497,1205,397,268,17,169,14,252,175,48.26,15.90,10.73,0.68,6.77,0.56,10.09,7.01
95NN06S1,1095,932,8,19,0,9,10,48,69,85.11,0.73,1.74,0,0.82,0.91,4.38,6.30
95NN06S2,2447,1965,97,96,4,43,8,104,130,80.30,3.96,3.92,0.16,1.76,0.33,4.25,5.31
95NN07S1,1687,1492,14,23,7,11,8,56,76,88.44,0.83,1.36,0.41,0.65,0.47,3.32,4.51
95NN07S2,1571,1269,28,64,1,19,15,64,111,80.78,1.78,4.07,0.06,1.21,0.95,4.07,7.07
95NN08S1,1501,672,320,154,8,69,14,175,89,44.77,21.32,10.26,0.53,4.60,0.93,11.66,5.93
95NN08S2,1768,964,212,201,15,84,10,184,98,54.52,11.99,11.37,0.85,4.75,0.57,10.41,5.54
95NN09S1,1695,592,570,141,12,106,10,189,75,34.93,33.63,8.32,0.71,6.25,0.59,11.15,4.42
95NN09S2,1326,283,501,188,6,96,5,176,71,21.34,37.78,14.18,0.45,7.24,0.38,13.27,5.35
95NN10S1,1507,830,162,144,23,92,5,160,91,55.08,10.75,9.56,1.53,6.10,0.33,10.62,6.04
95NN10S2,1686,1062,157,108,26,51,14,187,81,62.99,9.31,6.41,1.54,3.02,0.83,11.09,4.80
95NN11S1,1784,1428,42,50,6,43,5,109,101,80.04,2.35,2.80,0.34,2.41,0.28,6.11,5.66
95NN11S2,2092,1527,171,82,10,37,3,174,88,72.99,8.17,3.92,0.48,1.77,0.14,8.32,4.21
95NN12W1,2851,1617,390,300,29,107,12,282,114,56.72,13.68,10.52,1.02,3.75,0.42,9.89,4.00
95NN13W1,3058,1112,725,373,44,301,28,365,110,36.36,23.71,12.20,1.44,9.84,0.92,11.94,3.60
95NN14S1,1781,1308,61,90,0,42,7,115,158,73.44,3.43,5.05,0,2.36,0.39,6.46,8.87
95NN14S2,1778,962,65,114,24,235,12,246,120,54.11,3.66,6.41,1.35,13.22,0.67,13.84,6.75
95NN15W1,2994,948,800,544,21,71,10,417,183,31.66,26.72,18.17,0.70,2.37,0.33,13.93,6.11
95NN16S1,1601,219,551,271,27,241,8,216,68,13.68,34.42,16.93,1.69,15.05,0.50,13.49,4.25
95NN16S2,1693,536,505,192,14,148,9,208,81,31.66,29.83,11.34,0.83,8.74,0.53,12.29,4.78
95NN17W1,2256,1531,188,145,9,41,2,169,171,67.86,8.33,6.43,0.40,1.82,0.09,7.49,7.58
95NN18S1,1179,729,94,131,6,33,6,84,96,61.83,7.97,11.11,0.51,2.80,0.51,7.12,8.14
95NN18S2,1523,1114,84,79,6,31,10,121,78,73.15,5.52,5.19,0.39,2.04,0.66,7.94,5.12
95NN19S1,1695,458,466,309,29,110,10,231,82,27.02,27.49,18.23,1.71,6.49,0.59,13.63,4.84
95NN19S2,1686,301,598,300,15,101,5,298,68,17.85,35.47,17.79,0.89,5.99,0.30,17.67,4.03
95NN20W1,3001,1554,510,329,32,171,22,236,147,51.78,16.99,10.96,1.07,5.70,0.73,7.86,4.90
95NN21W1,2687,1781,291,157,23,74,14,204,143,66.28,10.83,5.84,0.86,2.75,0.52,7.59,5.32
95NN22W1,2686,2056,61,142,5,32,14,228,148,76.55,2.27,5.29,0.19,1.19,0.52,8.49,5.51
95NN23S1,1566,1256,91,35,3,26,6,57,92,80.20,5.81,2.23,0.19,1.66,0.38,3.64,5.87
95NN23S2,1821,1317,126,103,8,34,5,137,91,72.32,6.92,5.66,0.44,1.87,0.27,7.52,5.00
95OO01W1,2592,1920,198,198,5,29,10,46,186,74.07,7.64,7.64,0.19,1.12,0.39,1.77,7.18
95OO02W1,2166,1143,302,328,53,117,11,52,160,52.77,13.94,15.14,2.45,5.40,0.51,2.40,7.39
95OO03W1,2651,929,659,638,25,135,20,87,158,35.04,24.86,24.07,0.94,5.09,0.75,3.28,5.96
95OO04W1,2515,1699,304,152,26,116,5,55,158,67.55,12.09,6.04,1.03,4.61,0.20,2.19,6.28
95OO05W1,2730,1913,99,142,12,62,23,123,356,70.07,3.63,5.20,0.44,2.27,0.84,4.51,13.04
95OO06W1,2860,1527,377,328,42,204,26,116,240,53.39,13.18,11.47,1.47,7.13,0.91,4.06,8.39
95OO07W1,2510,1217,453,399,21,158,11,114,137,48.49,18.05,15.90,0.84,6.29,0.44,4.54,5.46
95OO08W1,2713,1454,437,439,33,122,13,95,120,53.59,16.11,16.18,1.22,4.50,0.48,3.50,4.42
95OO09W1,2252,1350,291,330,15,94,4,48,120,59.95,12.92,14.65,0.67,4.17,0.18,2.13,5.33
95OO10W1,3530,3088,48,59,3,25,7,64,236,87.48,1.36,1.67,0.08,0.71,0.20,1.81,6.69
95OO11W1,2485,2125,24,52,12,15,6,57,194,85.51,0.97,2.09,0.48,0.60,0.24,2.29,7.81
95OO12W1,2803,1872,186,330,19,92,6,87,211,66.79,6.64,11.77,0.68,3.28,0.21,3.10,7.53
95OO13W1,2716,986,383,652,107,129,22,259,178,36.30,14.10,24.01,3.94,4.75,0.81,9.54,6.55
95OO14W1,2588,1676,274,307,8,63,15,94,151,64.76,10.59,11.86,0.31,2.43,0.58,3.63,5.83
95OO15W1,2357,1807,74,83,7,44,10,99,233,76.67,3.14,3.52,0.30,1.87,0.42,4.20,9.89
95OO16W1,2114,451,280,840,129,177,10,117,110,21.33,13.25,39.74,6.10,8.37,0.47,5.53,5.20
95OO17W1,2724,517,317,1136,165,326,36,112,115,18.98,11.64,41.70,6.06,11.97,1.32,4.11,4.22
95OO18W1,2891,1389,314,493,55,208,13,183,236,48.05,10.86,17.05,1.90,7.19,0.45,6.33,8.16
95OO19W1,3009,1679,193,462,88,128,12,138,309,55.80,6.41,15.35,2.92,4.25,0.40,4.59,10.27
95OO20W1,2189,564,424,664,81,167,9,145,135,25.77,19.37,30.33,3.70,7.63,0.41,6.62,6.17
95OO21W1,2351,1859,54,73,14,34,11,101,205,79.07,2.30,3.11,0.60,1.45,0.47,4.30,8.72
95OO22W1,3106,2816,33,36,0,8,1,50,162,90.66,1.06,1.16,0,0.26,0.03,1.61,5.22
95PP01W1,2586,515,136,1206,286,226,20,129,68,19.91,5.26,46.64,11.06,8.74,0.77,4.99,2.63
95PP02W1,2541,2051,10,200,18,44,12,116,90,80.72,0.39,7.87,0.71,1.73,0.47,4.57,3.54
95PP03W1,2540,1712,86,354,72,53,8,130,125,67.40,3.39,13.94,2.83,2.09,0.31,5.12,4.92
95PP04W1,3185,1644,46,786,178,165,16,207,143,51.62,1.44,24.68,5.59,5.18,0.50,6.50,4.49
95PP05W1,2367,962,111,669,285,166,8,90,76,40.64,4.69,28.26,12.04,7.01,0.34,3.80,3.21
95PP06S1,1992,1025,64,428,57,96,11,156,155,51.46,3.21,21.49,2.86,4.82,0.55,7.83,7.78
95PP06S2,1884,791,99,478,125,99,10,138,144,41.99,5.25,25.37,6.63,5.25,0.53,7.32,7.64
95PP07W1,2812,1620,45,597,121,109,25,191,104,57.61,1.60,21.23,4.30,3.88,0.89,6.79,3.70
95PP08W1,2678,2047,22,325,11,24,16,76,157,76.44,0.82,12.14,0.41,0.90,0.60,2.84,5.86
95PP09W1,1707,1194,18,100,15,39,16,71,254,69.95,1.05,5.86,0.88,2.28,0.94,4.16,14.88
95PP10W1,2387,1820,24,361,39,24,9,43,67,76.25,1.01,15.12,1.63,1.01,0.38,1.80,2.81
95PP11W1,2627,1709,70,288,62,106,17,156,219,65.06,2.66,10.96,2.36,4.04,0.65,5.94,8.34
95PP12W1,2630,1715,17,602,80,41,3,70,102,65.21,0.65,22.89,3.04,1.56,0.11,2.66,3.88
95PP13W1,2588,1771,82,337,60,63,17,73,185,68.43,3.17,13.02,2.32,2.43,0.66,2.82,7.15
95PP14S1,1555,760,45,544,49,56,15,37,49,48.87,2.89,34.98,3.15,3.60,0.96,2.38,3.15
95PP14S2,2097,525,131,1011,111,86,10,123,100,25.04,6.25,48.21,5.29,4.10,0.48,5.87,4.77
95PP15W1,3190,901,200,1209,286,231,9,211,143,28.24,6.27,37.90,8.97,7.24,0.28,6.61,4.48
95PP16W1,1908,540,130,770,106,131,12,121,98,28.30,6.81,40.36,5.56,6.87,0.63,6.34,5.14
95PP17W1,2580,1853,47,359,53,48,7,88,125,71.82,1.82,13.91,2.05,1.86,0.27,3.41,4.84
95PP18W1,3131,1242,107,1153,197,168,10,137,117,39.67,3.42,36.83,6.29,5.37,0.32,4.38,3.74
95PP19W1,2502,1817,53,332,76,31,4,69,120,72.62,2.12,13.27,3.04,1.24,0.16,2.76,4.80
95PP20W1,3117,1565,125,621,108,109,38,256,295,50.21,4.01,19.92,3.46,3.50,1.22,8.21,9.46
95PP21W1,2167,1723,17,227,25,27,4,41,103,79.51,0.78,10.48,1.15,1.25,0.18,1.89,4.75
95PP22W1,2444,1233,60,587,93,78,20,189,184,50.45,2.45,24.02,3.81,3.19,0.82,7.73,7.53
95PP23W1,2590,1216,133,684,223,124,11,87,112,46.95,5.14,26.41,8.61,4.79,0.42,3.36,4.32
95QQ01W1,1483,274,542,218,54,74,3,149,169,18.48,36.55,14.70,3.64,4.99,0.20,10.05,11.40
95QQ02W1,2582,78,1292,430,83,174,22,387,116,3.02,50.04,16.65,3.21,6.74,0.85,14.99,4.49
95QQ03W1,1096,196,397,151,70,39,5,149,89,17.88,36.22,13.78,6.39,3.56,0.46,13.59,8.12
95QQ04W1,1635,400,617,200,65,112,12,167,62,24.46,37.74,12.23,3.98,6.85,0.73,10.21,3.79
95QQ05W1,2875,725,1024,313,148,182,13,337,133,25.22,35.62,10.89,5.15,6.33,0.45,11.72,4.63
95QQ06W1,2041,1509,184,124,27,23,2,69,103,73.93,9.02,6.08,1.32,1.13,0.10,3.38,5.05
95QQ07W1,1817,452,597,191,72,108,22,210,165,24.88,32.86,10.51,3.96,5.94,1.21,11.56,9.08
95QQ08W1,1455,342,494,202,90,89,7,130,101,23.51,33.95,13.88,6.19,6.12,0.48,8.93,6.94
95QQ09W1,1916,603,589,209,78,106,4,219,108,31.47,30.74,10.91,4.07,5.53,0.21,11.43,5.64
95QQ10W1,1851,692,629,133,7,125,8,150,107,37.39,33.98,7.19,0.38,6.75,0.43,8.10,5.78
95QQ11W1,2027,110,1021,265,69,178,8,290,86,5.43,50.37,13.07,3.40,8.78,0.39,14.31,4.24
95QQ12W1,1811,296,692,245,81,113,4,235,145,16.34,38.21,13.53,4.47,6.24,0.22,12.98,8.01
95QQ13W1,2568,80,1227,333,129,158,20,521,100,3.12,47.78,12.97,5.02,6.15,0.78,20.29,3.89
95QQ14S1,3660,709,1235,462,221,299,15,491,228,19.37,33.74,12.62,6.04,8.17,0.41,13.42,6.23
95QQ14S2,1770,96,897,187,95,194,10,197,94,5.42,50.68,10.56,5.37,10.96,0.56,11.13,5.31
95QQ15W1,1593,447,521,182,47,93,8,170,125,28.06,32.71,11.42,2.95,5.84,0.50,10.67,7.85
95RR01S1,2491,961,674,430,39,98,10,146,133,38.58,27.06,17.26,1.57,3.93,0.40,5.86,5.34
95RR01S2,1876,742,550,285,15,84,3,115,82,39.55,29.32,15.19,0.80,4.48,0.16,6.13,4.37
95RR02W1,1753,827,373,329,10,37,7,104,66,47.18,21.28,18.77,0.57,2.11,0.40,5.93,3.76
95RR03W1,1422,860,210,206,4,11,3,69,59,60.48,14.77,14.49,0.28,0.77,0.21,4.85,4.15
95RR04W1,2022,1830,17,35,0,4,1,40,95,90.50,0.84,1.73,0,0.20,0.05,1.98,4.70
95RR05S1,1275,496,366,213,25,55,2,80,38,38.90,28.71,16.71,1.96,4.31,0.16,6.27,2.98
95RR05S2,1212,400,309,262,10,29,11,130,61,33.00,25.50,21.62,0.83,2.39,0.91,10.73,5.03
95RR06W1,2206,1811,94,97,0,30,1,48,125,82.09,4.26,4.40,0,1.36,0.05,2.18,5.67
95RR07W1,2449,1192,530,338,17,97,6,127,142,48.67,21.64,13.80,0.69,3.96,0.24,5.19,5.80
95RR08W1,2106,1249,455,188,9,34,5,82,84,59.31,21.60,8.93,0.43,1.61,0.24,3.89,3.99
95RR09S1,2146,1827,88,48,1,13,0,63,106,85.14,4.10,2.24,0.05,0.61,0,2.94,4.94
95RR09S2,1525,791,219,212,17,57,11,110,108,51.87,14.36,13.90,1.11,3.74,0.72,7.21,7.08
95RR10W1,1338,646,274,246,18,43,3,72,36,48.28,20.48,18.39,1.35,3.21,0.22,5.38,2.69
95RR11W1,2407,1235,535,294,10,82,11,144,96,51.31,22.23,12.21,0.42,3.41,0.46,5.98,3.99
95RR12W1,1452,512,412,343,13,47,2,85,38,35.26,28.37,23.62,0.90,3.24,0.14,5.85,2.62
95RR13W1,1429,518,384,294,11,70,6,100,46,36.25,26.87,20.57,0.77,4.90,0.42,7.00,3.22
95RR14W1,1969,880,514,361,1,34,8,68,103,44.69,26.10,18.33,0.05,1.73,0.41,3.45,5.23
95RR15W1,2458,2007,119,148,3,9,2,32,138,81.65,4.84,6.02,0.12,0.37,0.08,1.30,5.61
95SS01S1,2263,470,503,619,91,217,12,267,84,20.77,22.23,27.35,4.02,9.59,0.53,11.80,3.71
95SS01S2,2865,531,465,857,164,261,20,467,100,18.53,16.23,29.91,5.72,9.11,0.70,16.30,3.49
95SS02S1,2233,233,632,528,155,182,17,359,127,10.43,28.30,23.65,6.94,8.15,0.76,16.08,5.69
95SS02S2,2054,605,460,381,126,165,26,189,102,29.45,22.40,18.55,6.13,8.03,1.27,9.20,4.97
95SS03S1,1580,94,658,297,35,219,13,191,73,5.95,41.65,18.80,2.22,13.86,0.82,12.09,4.62
95SS03S2,1792,182,714,303,46,234,11,234,68,10.16,39.84,16.91,2.57,13.06,0.61,13.06,3.79
95SS04S1,2325,302,418,654,182,178,11,431,149,12.99,17.98,28.13,7.83,7.66,0.47,18.54,6.41
95SS04S2,1885,238,448,548,96,163,9,278,105,12.63,23.77,29.07,5.09,8.65,0.48,14.75,5.57
95SS04S3,3362,664,690,813,179,318,22,529,147,19.75,20.52,24.18,5.32,9.46,0.65,15.73,4.37
95SS05S1,1572,173,421,326,65,162,24,261,140,11.01,26.78,20.74,4.13,10.31,1.53,16.60,8.91
95SS05S2,1803,292,546,370,81,180,15,245,74,16.20,30.28,20.52,4.49,9.98,0.83,13.59,4.10
95SS06S1,1565,1277,21,9,0,12,1,36,209,81.60,1.34,0.58,0,0.77,0.06,2.30,13.35
95SS06S2,2365,2001,7,13,2,13,7,41,281,84.61,0.30,0.55,0.08,0.55,0.30,1.73,11.88
95SS06S3,1969,1662,5,5,1,6,9,34,247,84.41,0.25,0.25,0.05,0.30,0.46,1.73,12.54
95SS07S1,3775,3179,17,20,7,38,8,119,387,84.21,0.45,0.53,0.19,1.01,0.21,3.15,10.25
95SS07S2,1697,1496,6,7,3,9,3,46,127,88.16,0.35,0.41,0.18,0.53,0.18,2.71,7.48
95SS07S3,3992,1472,549,728,131,193,48,510,361,36.87,13.75,18.24,3.28,4.83,1.20,12.78,9.04
95SS08S1,1974,140,630,422,50,310,9,302,111,7.09,31.91,21.38,2.53,15.70,0.46,15.30,5.62
95SS08S2,2724,342,1040,437,55,357,28,341,124,12.56,38.18,16.04,2.02,13.11,1.03,12.52,4.55
95SS09S1,1697,383,409,384,49,109,21,263,79,22.57,24.10,22.63,2.89,6.42,1.24,15.50,4.66
95SS09S2,1667,188,577,280,49,196,14,294,69,11.28,34.61,16.80,2.94,11.76,0.84,17.64,4.14
95SS10S1,2199,1365,160,149,23,70,22,291,119,62.07,7.28,6.78,1.05,3.18,1.00,13.23,5.41
95SS10S2,2180,1895,39,40,7,11,8,95,85,86.93,1.79,1.83,0.32,0.50,0.37,4.36,3.90
95SS11S1,2946,2094,140,241,62,74,9,188,138,71.08,4.75,8.18,2.10,2.51,0.31,6.38,4.68
95SS11S2,2751,1087,520,433,74,196,16,269,156,39.51,18.90,15.74,2.69,7.12,0.58,9.78,5.67
95SS12W1,3054,788,648,627,153,246,26,416,150,25.80,21.22,20.53,5.01,8.06,0.85,13.62,4.91
95SS13S1,1528,354,258,371,90,89,15,218,133,23.17,16.88,24.28,5.89,5.82,0.98,14.27,8.70
95SS13S2,1376,264,270,324,112,108,21,206,71,19.19,19.62,23.55,8.14,7.85,1.53,14.97,5.16
95SS14S1,1420,100,407,312,83,137,12,239,130,7.04,28.66,21.97,5.85,9.65,0.85,16.83,9.15
95SS14S2,1485,140,552,261,90,129,15,201,97,9.43,37.17,17.58,6.06,8.69,1.01,13.54,6.53
95SS15S1,1793,152,600,529,74,147,15,218,58,8.48,33.46,29.50,4.13,8.20,0.84,12.16,3.23
95SS15S2,1965,203,607,507,61,238,16,228,105,10.33,30.89,25.80,3.10,12.11,0.81,11.60,5.34
95SS16S1,1476,1288,7,5,4,12,7,73,80,87.26,0.47,0.34,0.27,0.81,0.47,4.95,5.42
95SS16S2,1688,1407,20,5,0,8,4,52,192,83.35,1.18,0.30,0,0.47,0.24,3.08,11.37
95SS17S1,2749,695,498,600,138,216,14,407,181,25.28,18.12,21.83,5.02,7.86,0.51,14.81,6.58
95SS17S2,1549,184,355,348,120,157,14,255,116,11.88,22.92,22.47,7.75,10.14,0.90,16.46,7.49
95SS18S1,1415,211,329,328,67,98,6,257,119,14.91,23.25,23.18,4.73,6.93,0.42,18.16,8.41
95SS18S2,1638,299,344,394,67,131,36,188,179,18.25,21.00,24.05,4.09,8.00,2.20,11.48,10.93
95SS19S1,1305,138,311,327,61,87,19,281,81,10.57,23.83,25.06,4.67,6.67,1.46,21.53,6.21
95SS19S2,1432,60,402,397,85,130,22,219,117,4.19,28.07,27.72,5.94,9.08,1.54,15.29,8.17
95SS20W1,2605,346,609,685,169,281,24,357,134,13.28,23.38,26.30,6.49,10.79,0.92,13.70,5.14
95SS21S1,2332,137,496,765,183,266,22,367,96,5.87,21.27,32.80,7.85,11.41,0.94,15.74,4.12
95SS21S2,2384,330,524,708,166,284,11,257,104,13.84,21.98,29.70,6.96,11.91,0.46,10.78,4.36
95SS22S1,1603,262,280,271,59,227,16,410,78,16.34,17.47,16.91,3.68,14.16,1.00,25.58,4.87
95SS22S2,1687,590,305,320,85,88,18,210,71,34.97,18.08,18.97,5.04,5.22,1.07,12.45,4.21
95SS23S1,2158,183,672,579,118,142,28,339,97,8.48,31.14,26.83,5.47,6.58,1.30,15.71,4.49
95SS23S2,1658,99,477,522,127,150,10,199,74,5.97,28.77,31.48,7.66,9.05,0.60,12.00,4.46
95SS24S1,2822,471,559,866,98,250,37,403,138,16.69,19.81,30.69,3.47,8.86,1.31,14.28,4.89
95SS24S2,2317,418,412,677,98,236,14,361,101,18.04,17.78,29.22,4.23,10.19,0.60,15.58,4.36
95SS25W1,2589,582,506,607,87,118,22,419,248,22.48,19.54,23.45,3.36,4.56,0.85,16.18,9.58
95SS26S1,1986,1710,20,6,1,21,0,45,183,86.10,1.01,0.30,0.05,1.06,0,2.27,9.21
95SS26S2,1795,1627,11,8,1,3,1,42,102,90.64,0.61,0.45,0.06,0.17,0.06,2.34,5.68
95SS27W1,2502,221,696,591,187,211,49,392,155,8.83,27.82,23.62,7.47,8.43,1.96,15.67,6.20
95SS28W1,2594,959,365,583,61,120,15,317,174,36.97,14.07,22.47,2.35,4.63,0.58,12.22,6.71
95SS29S1,1261,1014,17,7,0,12,0,59,152,80.41,1.35,0.56,0,0.95,0,4.68,12.05
95SS29S2,1386,1187,9,8,1,4,3,41,133,85.64,0.65,0.58,0.07,0.29,0.22,2.96,9.60
95SS30S1,1095,204,215,163,17,239,3,208,46,18.63,19.63,14.89,1.55,21.83,0.27,19.00,4.20
95SS30S2,2283,414,492,435,122,282,28,390,120,18.13,21.55,19.05,5.34,12.35,1.23,17.08,5.26
95TT01W1,2748,2005,226,193,10,109,8,90,107,72.96,8.22,7.02,0.36,3.97,0.29,3.28,3.89
95TT02W1,2685,2122,208,118,11,54,0,41,131,79.03,7.75,4.39,0.41,2.01,0,1.53,4.88
95TT03S1,1586,672,315,264,15,109,12,91,108,42.37,19.86,16.65,0.95,6.87,0.76,5.74,6.81
95TT03S2,1743,991,222,253,13,105,9,79,71,56.86,12.74,14.52,0.75,6.02,0.52,4.53,4.07
95TT04W1,2984,2584,51,35,1,32,5,65,211,86.60,1.71,1.17,0.03,1.07,0.17,2.18,7.07
95TT05S1,1799,1098,181,152,17,102,26,95,128,61.03,10.06,8.45,0.94,5.67,1.45,5.28,7.12
95TT05S2,1280,788,78,194,3,88,1,54,74,61.56,6.09,15.16,0.23,6.88,0.08,4.22,5.78
95TT06W1,2723,1799,434,238,4,61,4,86,97,66.07,15.94,8.74,0.15,2.24,0.15,3.16,3.56
95TT07W1,2747,1284,581,377,36,191,14,145,119,46.74,21.15,13.72,1.31,6.95,0.51,5.28,4.33
95TT08W1,2724,1235,536,402,14,302,12,125,98,45.34,19.68,14.76,0.51,11.09,0.44,4.59,3.60
95TT09S1,1438,1284,26,12,1,19,2,15,79,89.29,1.81,0.83,0.07,1.32,0.14,1.04,5.49
95TT09S2,1479,1323,44,12,3,31,2,20,44,89.45,2.97,0.81,0.20,2.10,0.14,1.35,2.97
95TT10W1,2852,2102,218,205,3,40,4,137,143,73.70,7.64,7.19,0.11,1.40,0.14,4.80,5.01
95TT11S1,1699,1410,127,25,7,39,0,24,67,82.99,7.47,1.47,0.41,2.30,0,1.41,3.94
95TT11S2,1592,1376,54,36,0,45,2,18,61,86.43,3.39,2.26,0,2.83,0.13,1.13,3.83
95TT12W1,2641,919,498,637,29,344,20,106,88,34.80,18.86,24.12,1.10,13.03,0.76,4.01,3.33
95TT13S1,1520,697,205,255,16,135,13,110,89,45.86,13.49,16.78,1.05,8.88,0.86,7.24,5.86
95TT13S2,1398,752,114,224,8,105,10,93,92,53.79,8.15,16.02,0.57,7.51,0.72,6.65,6.58
95TT14W1,2211,1089,279,330,10,183,27,148,145,49.25,12.62,14.93,0.45,8.28,1.22,6.69,6.56
95TT15W1,2498,753,787,470,12,187,8,140,141,30.14,31.51,18.82,0.48,7.49,0.32,5.60,5.64
95TT16W1,2691,1805,342,230,5,80,0,99,130,67.08,12.71,8.55,0.19,2.97,0,3.68,4.83
95UU06W1,1452,1091,66,70,4,19,7,109,86,75.14,4.55,4.82,0.28,1.31,0.48,7.51,5.92
95UU09W1,1690,1478,30,31,2,6,7,48,88,87.46,1.78,1.83,0.12,0.36,0.41,2.84,5.21
95UU14W1,1732,1189,118,148,0,22,7,109,139,68.65,6.81,8.55,0,1.27,0.40,6.29,8.03
95UU99C1,2045,576,622,479,8,70,3,198,89,28.17,30.42,23.42,0.39,3.42,0.15,9.68,4.35
95UU99C2,1781,45,657,736,8,74,7,134,120,2.53,36.89,41.33,0.45,4.15,0.39,7.52,6.74
95UU99C3,1872,1356,109,127,2,24,13,103,138,72.44,5.82,6.78,0.11,1.28,0.69,5.50,7.37
95UU99C4,1806,90,779,463,10,183,16,151,114,4.98,43.13,25.64,0.55,10.13,0.89,8.36,6.31
95UU99C5,2421,2092,20,32,0,16,7,53,201,86.41,0.83,1.32,0,0.66,0.29,2.19,8.30
95UU99C6,2251,1350,232,307,2,38,6,161,155,59.97,10.31,13.64,0.09,1.69,0.27,7.15,6.89
95VV01S1,1656,844,376,157,5,89,9,75,101,50.97,22.71,9.48,0.30,5.37,0.54,4.53,6.10
95VV01S2,1555,456,439,367,18,91,12,98,74,29.32,28.23,23.60,1.16,5.85,0.77,6.30,4.76
95VV02W1,2192,1770,31,12,5,17,33,98,226,80.75,1.41,0.55,0.23,0.78,1.51,4.47,10.31
95VV03W1,2579,1532,320,265,60,51,11,97,243,59.40,12.41,10.28,2.33,1.98,0.43,3.76,9.42
95VV04W1,3138,1294,904,249,1,345,15,158,172,41.24,28.81,7.93,0.03,10.99,0.48,5.04,5.48
95VV05S1,1964,1640,43,29,3,19,4,65,161,83.50,2.19,1.48,0.15,0.97,0.20,3.31,8.20
95VV05S2,2542,2238,28,14,3,30,10,63,156,88.04,1.10,0.55,0.12,1.18,0.39,2.48,6.14
95VV06W1,3482,3054,26,13,5,18,5,82,279,87.71,0.75,0.37,0.14,0.52,0.14,2.35,8.01
95VV07S1,2052,1591,55,35,11,43,7,128,182,77.53,2.68,1.71,0.54,2.10,0.34,6.24,8.87
95VV07S2,2341,1920,36,58,3,83,4,77,160,82.02,1.54,2.48,0.13,3.55,0.17,3.29,6.83
95VV08W1,3088,2587,35,34,1,6,1,54,370,83.78,1.13,1.10,0.03,0.19,0.03,1.75,11.98
95VV09W1,2665,2127,2,12,1,8,1,23,491,79.81,0.08,0.45,0.04,0.30,0.04,0.86,18.42
95VV10S1,1580,1314,17,6,0,6,7,63,167,83.16,1.08,0.38,0,0.38,0.44,3.99,10.57
95VV10S2,1575,1227,15,5,2,14,17,68,227,77.90,0.95,0.32,0.13,0.89,1.08,4.32,14.41
95VV11S1,2046,1722,51,32,6,22,2,65,146,84.16,2.49,1.56,0.29,1.08,0.10,3.18,7.14
95VV11S2,2412,1876,115,62,15,73,18,94,159,77.78,4.77,2.57,0.62,3.03,0.75,3.90,6.59
95VV12S1,1652,1363,18,29,1,21,9,64,147,82.51,1.09,1.76,0.06,1.27,0.54,3.87,8.90
95VV12S2,1543,1204,45,55,8,21,2,40,168,78.03,2.92,3.56,0.52,1.36,0.13,2.59,10.89
95VV13S1,2057,1086,539,81,35,121,14,53,128,52.80,26.20,3.94,1.70,5.88,0.68,2.58,6.22
95VV13S2,1416,1014,233,55,6,14,1,31,62,71.61,16.45,3.88,0.42,0.99,0.07,2.19,4.38
95VV14S1,1966,1563,28,2,0,42,9,92,230,79.50,1.42,0.10,0,2.14,0.46,4.68,11.70
95VV14S2,1386,1167,7,8,0,4,8,69,123,84.20,0.51,0.58,0,0.29,0.58,4.98,8.87
95VV15S1,1419,1119,22,23,6,23,3,66,157,78.86,1.55,1.62,0.42,1.62,0.21,4.65,11.06
95VV15S2,1679,1376,46,41,18,29,18,54,97,81.95,2.74,2.44,1.07,1.73,1.07,3.22,5.78
95VV16W1,3110,2667,10,16,1,25,4,64,323,85.76,0.32,0.51,0.03,0.80,0.13,2.06,10.39
95VV17S1,2205,1810,11,11,2,16,1,72,282,82.09,0.50,0.50,0.09,0.73,0.05,3.27,12.79
95VV17S2,2151,1835,13,11,1,10,3,39,239,85.31,0.60,0.51,0.05,0.46,0.14,1.81,11.11
95VV18S1,1862,202,920,313,14,170,14,142,87,10.85,49.41,16.81,0.75,9.13,0.75,7.63,4.67
95VV18S2,1825,575,624,210,9,70,10,147,180,31.51,34.19,11.51,0.49,3.84,0.55,8.05,9.86
95VV19S1,1302,347,550,207,7,48,2,56,85,26.65,42.24,15.90,0.54,3.69,0.15,4.30,6.53
95VV19S2,1681,1199,165,55,5,45,5,82,125,71.33,9.82,3.27,0.30,2.68,0.30,4.88,7.44
95VV20W1,2990,1767,642,97,3,123,10,136,212,59.10,21.47,3.24,0.10,4.11,0.33,4.55,7.09
95VV21S1,2302,1829,186,40,8,45,4,81,109,79.45,8.08,1.74,0.35,1.95,0.17,3.52,4.74
95VV21S2,1735,1402,157,23,1,62,3,30,57,80.81,9.05,1.33,0.06,3.57,0.17,1.73,3.29
95VV22W1,2836,1521,418,272,3,161,16,86,359,53.63,14.74,9.59,0.11,5.68,0.56,3.03,12.66
95VV23W1,2893,2207,76,71,6,42,15,212,264,76.29,2.63,2.45,0.21,1.45,0.52,7.33,9.13
95VV24S1,1532,1141,36,70,3,43,4,87,148,74.48,2.35,4.57,0.20,2.81,0.26,5.68,9.66
95VV24S2,1535,1228,20,35,2,19,5,88,138,80.00,1.30,2.28,0.13,1.24,0.33,5.73,8.99
95VV25S1,1845,1585,8,5,2,3,9,60,173,85.91,0.43,0.27,0.11,0.16,0.49,3.25,9.38
95VV25S2,1925,1680,9,5,3,2,5,45,176,87.27,0.47,0.26,0.16,0.10,0.26,2.34,9.14
95VV26W1,3583,2864,305,63,2,45,2,85,217,79.93,8.51,1.76,0.06,1.26,0.06,2.37,6.06
95VV27W1,2284,1934,22,28,3,23,7,103,164,84.68,0.96,1.23,0.13,1.01,0.31,4.51,7.18
95VV28S1,2210,1746,41,38,10,44,11,107,213,79.00,1.86,1.72,0.45,1.99,0.50,4.84,9.64
95VV28S2,1320,1118,21,8,2,14,2,47,108,84.70,1.59,0.61,0.15,1.06,0.15,3.56,8.18
95VV29W1,3366,1908,737,298,36,151,10,83,143,56.68,21.90,8.85,1.07,4.49,0.30,2.47,4.25
95VV30S1,1614,1290,50,48,6,32,10,76,102,79.93,3.10,2.97,0.37,1.98,0.62,4.71,6.32
95VV30S2,1389,747,214,143,23,26,33,123,80,53.78,15.41,10.30,1.66,1.87,2.38,8.86,5.76
95WW01S1,1441,332,273,203,81,155,25,272,100,23.04,18.95,14.09,5.62,10.76,1.73,18.88,6.94
95WW01S2,1373,177,326,174,108,157,31,274,126,12.89,23.74,12.67,7.87,11.43,2.26,19.96,9.18
95WW02S1,1786,73,732,334,127,155,12,244,109,4.09,40.99,18.70,7.11,8.68,0.67,13.66,6.10
95WW02S2,2065,59,821,362,177,223,8,313,102,2.86,39.76,17.53,8.57,10.80,0.39,15.16,4.94
95WW03S1,1627,85,618,295,153,100,6,293,77,5.22,37.98,18.13,9.40,6.15,0.37,18.01,4.73
95WW03S2,2011,100,741,333,167,208,12,352,98,4.97,36.85,16.56,8.30,10.34,0.60,17.50,4.87
95WW04S1,1611,101,568,279,148,104,7,306,98,6.27,35.26,17.32,9.19,6.46,0.43,18.99,6.08
95WW04S2,1255,165,408,225,91,90,6,212,58,13.15,32.51,17.93,7.25,7.17,0.48,16.89,4.62
95WW05S1,1517,421,372,180,99,84,30,249,82,27.75,24.52,11.87,6.53,5.54,1.98,16.41,5.41
95WW05S2,1255,294,320,181,113,82,15,183,67,23.43,25.50,14.42,9.00,6.53,1.20,14.58,5.34
95WW06S1,1525,50,606,181,88,283,3,211,103,3.28,39.74,11.87,5.77,18.56,0.20,13.84,6.75
95WW06S2,1622,47,781,213,143,168,20,207,43,2.90,48.15,13.13,8.82,10.36,1.23,12.76,2.65
95WW07S1,1809,79,849,208,87,243,9,253,81,4.37,46.93,11.50,4.81,13.43,0.50,13.99,4.48
95WW07S2,2446,82,1035,399,194,299,14,355,68,3.35,42.31,16.31,7.93,12.22,0.57,14.51,2.78
95WW08S1,1219,232,384,155,100,93,8,182,65,19.03,31.50,12.72,8.20,7.63,0.66,14.93,5.33
95WW08S2,1340,186,481,156,128,109,7,221,52,13.88,35.90,11.64,9.55,8.13,0.52,16.49,3.88
95WW09S1,1276,72,492,203,93,84,13,229,90,5.64,38.56,15.91,7.29,6.58,1.02,17.95,7.05
95WW09S2,1258,237,468,151,130,88,13,125,46,18.84,37.20,12.00,10.33,7.00,1.03,9.94,3.66
95WW10S1,1718,157,505,305,127,195,20,323,86,9.14,29.39,17.75,7.39,11.35,1.16,18.80,5.01
95WW10S2,1228,31,429,271,102,116,8,208,63,2.52,34.93,22.07,8.31,9.45,0.65,16.94,5.13
95WW11S1,1697,1233,99,57,14,28,18,143,105,72.66,5.83,3.36,0.82,1.65,1.06,8.43,6.19
95WW11S2,1381,990,116,51,22,28,4,102,68,71.69,8.40,3.69,1.59,2.03,0.29,7.39,4.92
95WW12W1,2409,57,688,559,295,174,17,402,217,2.37,28.56,23.20,12.25,7.22,0.71,16.69,9.01
95WW13S1,1840,26,848,335,159,108,9,283,72,1.41,46.09,18.21,8.64,5.87,0.49,15.38,3.91
95WW13S2,1834,36,930,314,79,142,7,256,70,1.96,50.71,17.12,4.31,7.74,0.38,13.96,3.82
95WW14W1,2262,35,696,494,269,177,13,394,184,1.55,30.77,21.84,11.89,7.82,0.57,17.42,8.13
95WW15S1,1661,1199,111,54,34,35,20,132,76,72.19,6.68,3.25,2.05,2.11,1.20,7.95,4.58
95WW15S2,1655,776,291,117,101,66,26,214,64,46.89,17.58,7.07,6.10,3.99,1.57,12.93,3.87
95WW16S1,1668,999,162,127,40,32,5,169,134,59.89,9.71,7.61,2.40,1.92,0.30,10.13,8.03
95WW16S2,1297,174,332,207,148,66,12,250,108,13.42,25.60,15.96,11.41,5.09,0.93,19.28,8.33
95WW17W1,2266,137,788,390,202,229,12,315,193,6.05,34.77,17.21,8.91,10.11,0.53,13.90,8.52
95WW18W1,2237,639,443,305,175,167,32,317,159,28.57,19.80,13.63,7.82,7.47,1.43,14.17,7.11
95WW19S1,1872,46,645,363,200,246,10,274,88,2.46,34.46,19.39,10.68,13.14,0.53,14.64,4.70
95WW19S2,2047,271,596,379,97,170,32,387,115,13.24,29.12,18.51,4.74,8.30,1.56,18.91,5.62
95WW19S3,2306,415,526,513,99,182,34,433,104,18.00,22.81,22.25,4.29,7.89,1.47,18.78,4.51
95WW20S1,1827,235,700,207,106,191,18,256,114,12.86,38.31,11.33,5.80,10.45,0.99,14.01,6.24
95WW20S2,4574,2671,494,233,101,210,40,552,273,58.40,10.80,5.09,2.21,4.59,0.87,12.07,5.97
95WW20S3,1937,525,429,252,116,188,44,290,93,27.10,22.15,13.01,5.99,9.71,2.27,14.97,4.80
95WW21S1,1517,27,485,343,148,128,13,242,131,1.78,31.97,22.61,9.76,8.44,0.86,15.95,8.64
95WW21S2,2026,237,463,380,154,234,35,400,123,11.70,22.85,18.76,7.60,11.55,1.73,19.74,6.07
95WW22S1,1414,134,452,236,129,147,9,227,80,9.48,31.97,16.69,9.12,10.40,0.64,16.05,5.66
95WW22S2,1571,55,550,277,162,137,22,292,76,3.50,35.01,17.63,10.31,8.72,1.40,18.59,4.84
95WW23S1,2250,673,422,264,82,148,61,396,204,29.91,18.76,11.73,3.64,6.58,2.71,17.60,9.07
95WW23S2,2644,719,603,372,105,146,118,493,88,27.19,22.81,14.07,3.97,5.52,4.46,18.65,3.33
95WW24S1,1568,866,179,105,45,52,7,177,137,55.23,11.42,6.70,2.87,3.32,0.45,11.29,8.74
95WW24S2,1926,748,347,243,101,68,13,237,169,38.84,18.02,12.62,5.24,3.53,0.67,12.31,8.77
95WW25W1,2071,65,482,438,339,189,23,341,194,3.14,23.27,21.15,16.37,9.13,1.11,16.47,9.37
95XX01S1,1730,143,613,331,78,171,21,315,58,8.27,35.43,19.13,4.51,9.88,1.21,18.21,3.35
95XX01S2,1930,155,718,329,126,160,27,342,73,8.03,37.20,17.05,6.53,8.29,1.40,17.72,3.78
95XX01S3,1634,112,495,243,144,160,4,361,115,6.85,30.29,14.87,8.81,9.79,0.24,22.09,7.04
95XX02W1,2652,237,686,590,129,216,14,642,138,8.94,25.87,22.25,4.86,8.14,0.53,24.21,5.20
95XX03S1,1246,81,435,223,67,105,15,236,84,6.50,34.91,17.90,5.38,8.43,1.20,18.94,6.74
95XX03S2,1475,113,446,261,109,163,18,297,68,7.66,30.24,17.69,7.39,11.05,1.22,20.14,4.61
95XX04S1,1748,162,550,305,120,197,16,321,77,9.27,31.46,17.45,6.86,11.27,0.92,18.36,4.41
95XX04S2,1934,181,590,327,112,218,14,398,94,9.36,30.51,16.91,5.79,11.27,0.72,20.58,4.86
95XX05W1,2627,213,816,458,145,236,29,569,161,8.11,31.06,17.43,5.52,8.98,1.10,21.66,6.13
95XX06S1,1724,113,559,277,125,111,13,399,127,6.55,32.42,16.07,7.25,6.44,0.75,23.14,7.37
95XX06S2,2054,139,617,389,122,146,16,483,142,6.77,30.04,18.94,5.94,7.11,0.78,23.52,6.91
95XX07S1,1420,111,431,288,108,102,9,303,68,7.82,30.35,20.28,7.61,7.18,0.63,21.34,4.79
95XX07S2,1425,127,452,255,83,94,9,334,71,8.91,31.72,17.89,5.82,6.60,0.63,23.44,4.98
95XX08S1,1323,449,238,187,52,85,11,238,63,33.94,17.99,14.13,3.93,6.42,0.83,17.99,4.76
95XX08S2,1267,236,379,187,65,96,10,226,68,18.63,29.91,14.76,5.13,7.58,0.79,17.84,5.37
95XX09S1,1369,108,474,221,79,127,11,218,131,7.89,34.62,16.14,5.77,9.28,0.80,15.92,9.57
95XX09S2,1448,113,454,278,73,123,3,332,72,7.80,31.35,19.20,5.04,8.49,0.21,22.93,4.97
95XX10S1,1777,118,575,306,76,160,10,387,145,6.64,32.36,17.22,4.28,9.00,0.56,21.78,8.16
95XX10S2,1862,165,518,314,98,215,23,419,110,8.86,27.82,16.86,5.26,11.55,1.24,22.50,5.91
95XX10S3,1255,68,424,238,41,120,11,268,85,5.42,33.78,18.96,3.27,9.56,0.88,21.35,6.77
95XX11S1,2449,147,939,351,147,217,26,457,165,6.00,38.34,14.33,6.00,8.86,1.06,18.66,6.74
95XX11S2,2269,176,754,342,104,243,15,528,107,7.76,33.23,15.07,4.58,10.71,0.66,23.27,4.72
95XX11S3,1545,91,415,218,93,124,10,429,165,5.89,26.86,14.11,6.02,8.03,0.65,27.77,10.68
95XX12W1,2540,291,701,500,78,215,21,585,149,11.46,27.60,19.69,3.07,8.46,0.83,23.03,5.87
95XX13W1,2770,250,864,594,134,157,30,592,149,9.03,31.19,21.44,4.84,5.67,1.08,21.37,5.38
95XX14W1,2477,468,583,552,103,118,44,484,125,18.89,23.54,22.29,4.16,4.76,1.78,19.54,5.05
95XX15W1,2449,160,885,425,173,142,18,475,171,6.53,36.14,17.35,7.06,5.80,0.73,19.40,6.98
95XX16W1,3005,177,1019,644,169,249,32,558,157,5.89,33.91,21.43,5.62,8.29,1.06,18.57,5.22
95XX17S1,1495,309,234,170,47,101,36,425,173,20.67,15.65,11.37,3.14,6.76,2.41,28.43,11.57
95XX17S2,1527,196,321,222,50,120,18,485,115,12.84,21.02,14.54,3.27,7.86,1.18,31.76,7.53
95XX18W1,3012,697,504,532,105,228,33,738,175,23.14,16.73,17.66,3.49,7.57,1.10,24.50,5.81
95XX19W1,2675,538,633,552,126,132,16,525,153,20.11,23.66,20.64,4.71,4.93,0.60,19.63,5.72
95XX20S1,1981,367,417,492,88,148,28,324,117,18.53,21.05,24.84,4.44,7.47,1.41,16.36,5.91
95XX20S2,1453,187,132,123,49,396,48,453,65,12.87,9.08,8.47,3.37,27.25,3.30,31.18,4.47
95XX21W1,2846,439,866,468,131,171,37,537,197,15.43,30.43,16.44,4.60,6.01,1.30,18.87,6.92
95XX22W1,2215,237,712,371,96,206,20,433,140,10.70,32.14,16.75,4.33,9.30,0.90,19.55,6.32
95XX23W1,3155,414,955,484,140,209,47,693,213,13.12,30.27,15.34,4.44,6.62,1.49,21.97,6.75
95XX24S1,1336,127,479,230,129,115,11,201,44,9.51,35.85,17.22,9.66,8.61,0.82,15.04,3.29
95XX24S2,1369,180,454,221,105,85,25,221,78,13.15,33.16,16.14,7.67,6.21,1.83,16.14,5.70
95XX25W1,2469,219,781,361,84,176,25,601,222,8.87,31.63,14.62,3.40,7.13,1.01,24.34,8.99
95YY01W1,2508,1025,620,458,31,146,14,97,117,40.87,24.72,18.26,1.24,5.82,0.56,3.87,4.67
95YY02W1,2283,1172,332,380,49,93,25,139,93,51.34,14.54,16.64,2.15,4.07,1.10,6.09,4.07
95YY03W1,3177,1986,385,357,54,137,17,122,119,62.51,12.12,11.24,1.70,4.31,0.54,3.84,3.75
95YY04W1,3489,2692,138,197,15,34,15,190,208,77.16,3.96,5.65,0.43,0.97,0.43,5.45,5.96
95YY05W1,1675,957,248,166,24,26,16,96,142,57.13,14.81,9.91,1.43,1.55,0.96,5.73,8.48
95YY06W1,2394,1825,68,244,22,36,10,69,120,76.23,2.84,10.19,0.92,1.50,0.42,2.88,5.01
95YY07W1,2916,2221,128,240,56,41,2,74,154,76.17,4.39,8.23,1.92,1.41,0.07,2.54,5.28
95YY08W1,2231,1457,177,299,73,64,7,51,103,65.31,7.93,13.40,3.27,2.87,0.31,2.29,4.62
95YY09W1,2315,455,653,698,90,120,33,136,130,19.65,28.21,30.15,3.89,5.18,1.43,5.87,5.62
95YY10W1,2142,917,623,351,25,89,3,68,66,42.81,29.08,16.39,1.17,4.15,0.14,3.17,3.08
95YY11W1,2046,1360,187,183,39,83,5,51,138,66.47,9.14,8.94,1.91,4.06,0.24,2.49,6.74
95YY12W1,2836,1418,483,448,11,120,11,107,238,50.00,17.03,15.80,0.39,4.23,0.39,3.77,8.39
95YY13S1,1488,1294,23,28,1,14,2,34,92,86.96,1.55,1.88,0.07,0.94,0.13,2.28,6.18
95YY13S2,1345,1065,54,51,9,11,1,49,105,79.18,4.01,3.79,0.67,0.82,0.07,3.64,7.81
95YY14S1,1532,1214,41,77,2,30,11,44,113,79.24,2.68,5.03,0.13,1.96,0.72,2.87,7.38
95YY14S2,1564,1326,26,35,2,7,10,64,94,84.78,1.66,2.24,0.13,0.45,0.64,4.09,6.01
95YY15S1,364,181,45,57,8,16,0,27,30,49.73,12.36,15.66,2.20,4.40,0,7.42,8.24
95YY15S2,1669,1154,76,84,9,31,5,67,243,69.14,4.55,5.03,0.54,1.86,0.30,4.01,14.56
95YY16W1,2392,1463,413,268,14,104,5,33,92,61.16,17.27,11.20,0.59,4.35,0.21,1.38,3.85
95YY17W1,2350,1987,27,117,0,7,2,42,168,84.55,1.15,4.98,0,0.30,0.09,1.79,7.15
95YY18W1,2374,1731,174,217,0,65,2,37,148,72.91,7.33,9.14,0,2.74,0.08,1.56,6.23
95YY19W1,1496,978,118,127,10,29,4,65,165,65.37,7.89,8.49,0.67,1.94,0.27,4.34,11.03
95YY20W1,2330,2132,16,46,1,7,3,19,106,91.50,0.69,1.97,0.04,0.30,0.13,0.82,4.55
95YY21W1,2440,1559,65,435,89,107,17,52,116,63.89,2.66,17.83,3.65,4.39,0.70,2.13,4.75
95ZZ01W1,2760,1210,742,522,12,72,16,79,107,43.84,26.88,18.91,0.43,2.61,0.58,2.86,3.88
95ZZ02W1,1827,1585,14,10,5,8,2,20,183,86.75,0.77,0.55,0.27,0.44,0.11,1.09,10.02
95ZZ03W1,2109,1229,262,323,48,68,1,39,139,58.27,12.42,15.32,2.28,3.22,0.05,1.85,6.59
95ZZ04W1,2670,620,889,683,224,92,12,43,107,23.22,33.30,25.58,8.39,3.45,0.45,1.61,4.01
95ZZ05W1,2187,977,591,419,3,37,3,56,101,44.67,27.02,19.16,0.14,1.69,0.14,2.56,4.62
95ZZ06W1,1714,1466,6,19,1,4,7,31,180,85.53,0.35,1.11,0.06,0.23,0.41,1.81,10.50
95ZZ07W1,2807,1910,320,254,50,36,1,57,179,68.04,11.40,9.05,1.78,1.28,0.04,2.03,6.38
95ZZ08W1,2593,1661,348,308,54,36,5,43,138,64.06,13.42,11.88,2.08,1.39,0.19,1.66,5.32
95ZZ09W1,2269,963,539,494,15,36,2,64,156,42.44,23.75,21.77,0.66,1.59,0.09,2.82,6.88
95ZZ10W1,3179,2559,112,97,9,32,14,82,274,80.50,3.52,3.05,0.28,1.01,0.44,2.58,8.62
95ZZ11W1,2223,1457,374,183,2,41,3,46,117,65.54,16.82,8.23,0.09,1.84,0.13,2.07,5.26
95ZZ12W1,2190,1215,339,361,9,47,2,64,153,55.48,15.48,16.48,0.41,2.15,0.09,2.92,6.99
95ZZ13W1,2533,455,982,583,19,202,12,140,140,17.96,38.77,23.02,0.75,7.97,0.47,5.53,5.53
95ZZ14S1,1876,1624,42,31,3,7,3,46,120,86.57,2.24,1.65,0.16,0.37,0.16,2.45,6.40
95ZZ14S2,1356,1190,10,18,2,13,3,20,100,87.76,0.74,1.33,0.15,0.96,0.22,1.47,7.37
95ZZ15W1,2288,1081,645,252,53,74,9,50,124,47.25,28.19,11.01,2.32,3.23,0.39,2.19,5.42
95ZZ16S1,1911,1558,36,52,7,9,7,61,181,81.53,1.88,2.72,0.37,0.47,0.37,3.19,9.47
95ZZ16S2,1351,1184,26,31,1,3,5,20,81,87.64,1.92,2.29,0.07,0.22,0.37,1.48,6.00
