nameA,personA,yearsA,nameB,personB,yearsB,tokenOverlap,signal
J. J. O'Kane,106825,1973-1973,J. O'Kane,104018,1969-1969,1.0,"near-identical strings split across persons (formatting alias, not a name change)"
Dr Michael ffrench O'Carroll,109102,1951-1951,Michael ffrench-O'Carroll,103512,1954-1957,0.8,"near-identical strings split across persons (formatting alias, not a name change)"
Ulster Christian Democratic Party list,108579,1996-1996,Ulster Democratic Party list,100130,1996-1996,0.8,"near-identical strings split across persons (formatting alias, not a name change)"
Conor Cruise O'Brien,3541,1969-1973,Conor O'Brien,108914,2020-2020,0.75,"near-identical strings split across persons (formatting alias, not a name change)"
Denis J. O'Driscoll,109030,1943-1943,Denis O'Driscoll,109039,1948-1948,0.75,"near-identical strings split across persons (formatting alias, not a name change)"
Dr John O'Connell,109100,1973-1992,John O'Connell,101951,1954-1969,0.75,"near-identical strings split across persons (formatting alias, not a name change)"
John Joe O'Leary,109683,1951-1951,John O'Leary,100024,1943-2024,0.75,"near-identical strings split across persons (formatting alias, not a name change)"
John O'Shea,109730,1918-1918,John Paul O'Shea,101954,2016-2024,0.75,"near-identical strings split across persons (formatting alias, not a name change)"
Patrick J. O'Shea,110358,1948-1948,Patrick O'Shea,102066,1927-1937,0.75,"near-identical strings split across persons (formatting alias, not a name change)"
Professor Robert James Johnstone,105568,1921-1921,Robert James Johnstone,104186,1929-1938,0.75,"near-identical strings split across persons (formatting alias, not a name change)"
Patrick J. O'Brien,110357,1948-1948,Patrick O'Brien,100761,1933-1969,0.75,"near-identical strings split across persons (formatting alias, not a name change)"
John L O'Sullivan,101163,1937-1973,John O'Sullivan,100093,1923-1969,0.75,"near-identical strings split across persons (formatting alias, not a name change)"
John L. O'Sullivan,101163,1961-1961,John O'Sullivan,100093,1923-1969,0.75,"near-identical strings split across persons (formatting alias, not a name change)"
Seán A O'Leary,103675,1965-1973,Seán O'Leary,100031,1927-2024,0.75,"near-identical strings split across persons (formatting alias, not a name change)"
Seán Gearóid Ó Buachalla,110633,2013-2013,Seán O Buachalla,102110,2007-2016,0.75,"near-identical strings split across persons (formatting alias, not a name change)"
Dr Tom O'Higgins,100194,1932-1951,Tom O'Higgins,100105,1943-1973,0.75,"near-identical strings split across persons (formatting alias, not a name change)"
Tom G O'Donnell,100795,1961-1984,Tom O'Donnell,102144,1921-1923,0.75,"near-identical strings split across persons (formatting alias, not a name change)"
Thomas J O'Connell,100792,1922-1932,Thomas O'Connell,110815,1937-1937,0.75,"near-identical strings split across persons (formatting alias, not a name change)"
Thomas J. O'Reilly,110794,1927-1927,Thomas O'Reilly,100340,1927-2023,0.75,"near-identical strings split across persons (formatting alias, not a name change)"
Thomas O'Reilly,100340,1927-2023,Thomas P O'Reilly,103738,1944-1948,0.75,"near-identical strings split across persons (formatting alias, not a name change)"
James Chichester-Clark,103868,1962-1969,James Dawson Chichester-Clark,104017,1960-1960,0.75,"near-identical strings split across persons (formatting alias, not a name change)"
Julie-Anne Corr,104837,2014-2014,Julie-Anne Corr-Johnston,26382,2017-2023,0.75,"near-identical strings split across persons (formatting alias, not a name change)"
Kevin O'Shiel,103441,1918-1918,Kevin Roantree O'Shiel,103872,1921-1921,0.75,"near-identical strings split across persons (formatting alias, not a name change)"
Pol Bainin O Foighil,112424,1997-1997,Pol O Foighil,110473,1992-1992,0.75,"near-identical strings split across persons (formatting alias, not a name change)"
Pol Bainin O Foighil,112424,1997-1997,Pol O'Foighil,112573,1984-1984,0.75,"near-identical strings split across persons (formatting alias, not a name change)"
Timothy Joseph O'Sullivan,104098,1953-1953,Timothy O'Sullivan,110845,1923-1973,0.75,"near-identical strings split across persons (formatting alias, not a name change)"
(Sir) Norman Stronge,103942,1945-1962,Norman Stronge,103948,1938-1938,0.67,"near-identical strings split across persons (formatting alias, not a name change)"
Norman Stronge,103948,1938-1938,Sir Norman Stronge,103942,1965-1965,0.67,"near-identical strings split across persons (formatting alias, not a name change)"
Capt Herbert Dixon,108801,1918-1918,Herbert Dixon,103939,1921-1938,0.67,"near-identical strings split across persons (formatting alias, not a name change)"
A. J. Gillespie,105913,1945-1945,J. Gillespie,107364,1973-1973,0.67,"near-identical strings split across persons (formatting alias, not a name change)"
Hugh J Simpson,105950,1977-1977,Hugh Simpson,102560,1973-1981,0.67,"near-identical strings split across persons (formatting alias, not a name change)"
Francis Stewart,107078,1973-1973,Joseph Francis Stewart,103894,1929-1962,0.67,"near-identical strings split across persons (formatting alias, not a name change)"
Joseph Francis Stewart,103894,1929-1962,Joseph Stewart,105588,1934-1934,0.67,"near-identical strings split across persons (formatting alias, not a name change)"
W. Clarke,102808,1938-1973,W. J. Clarke,107814,1973-1973,0.67,"near-identical strings split across persons (formatting alias, not a name change)"
Dr Vincent White,101863,1918-1923,Vincent White,100797,1922-1933,0.67,"near-identical strings split across persons (formatting alias, not a name change)"
Mary M White,110012,2016-2016,Mary White,63279,1997-2011,0.67,"near-identical strings split across persons (formatting alias, not a name change)"
Ada English,108589,1922-1922,Dr Ada English,109094,1921-1921,0.67,"near-identical strings split across persons (formatting alias, not a name change)"
Dr James McKee,109097,1918-1918,James McKee,104687,1924-1924,0.67,"near-identical strings split across persons (formatting alias, not a name change)"
Frank Millar,40304,1973-1989,Frank Millar Jr,89297,1984-1984,0.67,"near-identical strings split across persons (formatting alias, not a name change)"
I. Wilson,107901,1973-1973,W. I. Wilson,104140,1929-1938,0.67,"near-identical strings split across persons (formatting alias, not a name change)"
John Charles Wilson,104980,1933-1933,John Wilson,100976,1973-2019,0.67,"near-identical strings split across persons (formatting alias, not a name change)"
Robert Nichol Wilson,104104,1945-1949,Robert Wilson,100056,1981-2005,0.67,"near-identical strings split across persons (formatting alias, not a name change)"
Sir Wilson Hungerford,103906,1933-1945,Wilson Hungerford,106135,1929-1929,0.67,"near-identical strings split across persons (formatting alias, not a name change)"
Adrian James Kennedy,105928,1969-1969,James Kennedy,103954,1945-2002,0.67,"near-identical strings split across persons (formatting alias, not a name change)"
James J Kennedy,109489,1965-1965,James Kennedy,103954,1945-2002,0.67,"near-identical strings split across persons (formatting alias, not a name change)"
Aidan O'Connor,112504,1997-1997,O'Connor,106700,1973-1973,0.67,"near-identical strings split across persons (formatting alias, not a name change)"
Aisling O'Neill,108606,2016-2016,O'Neill,108201,1973-1973,0.67,"near-identical strings split across persons (formatting alias, not a name change)"
Alasdair O'Hara,106508,2011-2011,O'Hara,106770,1973-1973,0.67,"near-identical strings split across persons (formatting alias, not a name change)"
Anthony O'Connor,103094,2002-2004,O'Connor,106700,1973-1973,0.67,"near-identical strings split across persons (formatting alias, not a name change)"
Art O'Connor,101070,1918-1927,O'Connor,106700,1973-1973,0.67,"near-identical strings split across persons (formatting alias, not a name change)"
Arthur O'Connor,108705,1922-1922,O'Connor,106700,1973-1973,0.67,"near-identical strings split across persons (formatting alias, not a name change)"
Arthur O'Neill,106682,1973-1973,O'Neill,108201,1973-1973,0.67,"near-identical strings split across persons (formatting alias, not a name change)"
Batt O'Connor,100642,1923-1933,O'Connor,106700,1973-1973,0.67,"near-identical strings split across persons (formatting alias, not a name change)"
Bernard O'Neill,104331,1933-1933,O'Neill,108201,1973-1973,0.67,"near-identical strings split across persons (formatting alias, not a name change)"
Bernie O'Hara,103113,2016-2020,O'Hara,106770,1973-1973,0.67,"near-identical strings split across persons (formatting alias, not a name change)"
C. O'Neill,108054,1973-1973,O'Neill,108201,1973-1973,0.67,"near-identical strings split across persons (formatting alias, not a name change)"
Caoimhe O'Neill,104442,2014-2014,O'Neill,108201,1973-1973,0.67,"near-identical strings split across persons (formatting alias, not a name change)"
Catherine O'Hara,102541,2011-2014,O'Hara,106770,1973-1973,0.67,"near-identical strings split across persons (formatting alias, not a name change)"
Charlene O'Hara,101594,2011-2019,O'Hara,106770,1973-1973,0.67,"near-identical strings split across persons (formatting alias, not a name change)"
Charles O'Neill,108303,1918-1977,O'Neill,108201,1973-1973,0.67,"near-identical strings split across persons (formatting alias, not a name change)"
Charlie O'Connor,101082,1992-2020,O'Connor,106700,1973-1973,0.67,"near-identical strings split across persons (formatting alias, not a name change)"
Christopher O'Neill,107349,2011-2011,O'Neill,108201,1973-1973,0.67,"near-identical strings split across persons (formatting alias, not a name change)"
Colm O'Connor,104613,2014-2014,O'Connor,106700,1973-1973,0.67,"near-identical strings split across persons (formatting alias, not a name change)"
Damien O'Neill,108940,2016-2016,O'Neill,108201,1973-1973,0.67,"near-identical strings split across persons (formatting alias, not a name change)"
Danny O'Connor,1649,1997-2014,O'Connor,106700,1973-1973,0.67,"near-identical strings split across persons (formatting alias, not a name change)"
David O'Connor,109000,2007-2007,O'Connor,106700,1973-1973,0.67,"near-identical strings split across persons (formatting alias, not a name change)"
Denis O'Connor,109038,1961-1961,O'Connor,106700,1973-1973,0.67,"near-identical strings split across persons (formatting alias, not a name change)"
Dympna O'Hara,107784,1997-1997,O'Hara,106770,1973-1973,0.67,"near-identical strings split across persons (formatting alias, not a name change)"
Eamon O'Hara,101503,1997-2005,O'Hara,106770,1973-1973,0.67,"near-identical strings split across persons (formatting alias, not a name change)"
Eamon O'Neill,52237,1977-2011,O'Neill,108201,1973-1973,0.67,"near-identical strings split across persons (formatting alias, not a name change)"
Eamonn O'Connor,106441,2001-2001,O'Connor,106700,1973-1973,0.67,"near-identical strings split across persons (formatting alias, not a name change)"
Eamonn O'Neill,100195,1927-1948,O'Neill,108201,1973-1973,0.67,"near-identical strings split across persons (formatting alias, not a name change)"
Edmond O'Connor,109137,1933-1933,O'Connor,106700,1973-1973,0.67,"near-identical strings split across persons (formatting alias, not a name change)"
Elizabeth O'Connor,109184,1938-1938,O'Connor,106700,1973-1973,0.67,"near-identical strings split across persons (formatting alias, not a name change)"
Gary O'Neill,109299,2024-2024,O'Neill,108201,1973-1973,0.67,"near-identical strings split across persons (formatting alias, not a name change)"
George O'Connor,107953,1977-1977,O'Connor,106700,1973-1973,0.67,"near-identical strings split across persons (formatting alias, not a name change)"
Geraldine O'Neill,108176,1997-1997,O'Neill,108201,1973-1973,0.67,"near-identical strings split across persons (formatting alias, not a name change)"
Gerard O'Neill,101421,2001-2011,O'Neill,108201,1973-1973,0.67,"near-identical strings split across persons (formatting alias, not a name change)"
Gerry O'Neill,109360,1992-2024,O'Neill,108201,1973-1973,0.67,"near-identical strings split across persons (formatting alias, not a name change)"
Gráinne O'Neill,104102,2023-2023,O'Neill,108201,1973-1973,0.67,"near-identical strings split across persons (formatting alias, not a name change)"
Henry O'Hanrahan,109405,1923-1923,O. Henry,107738,1973-1973,0.67,"near-identical strings split across persons (formatting alias, not a name change)"
Hugh O'Neill,104165,1918-1985,O'Neill,108201,1973-1973,0.67,"near-identical strings split across persons (formatting alias, not a name change)"
James O'Connor,100458,1943-2024,O'Connor,106700,1973-1973,0.67,"near-identical strings split across persons (formatting alias, not a name change)"
James O'Neill,102712,2001-2005,O'Neill,108201,1973-1973,0.67,"near-identical strings split across persons (formatting alias, not a name change)"
Jason O'Neill,62103,2015-2015,O'Neill,108201,1973-1973,0.67,"near-identical strings split across persons (formatting alias, not a name change)"
Joe O'Connor,112220,1973-1973,O'Connor,106700,1973-1973,0.67,"near-identical strings split across persons (formatting alias, not a name change)"
Joe O'Neill,43193,2007-2019,O'Neill,108201,1973-1973,0.67,"near-identical strings split across persons (formatting alias, not a name change)"
John O'Connor,101167,1918-1944,O'Connor,106700,1973-1973,0.67,"near-identical strings split across persons (formatting alias, not a name change)"
John O'Hara,109726,2011-2011,O'Hara,106770,1973-1973,0.67,"near-identical strings split across persons (formatting alias, not a name change)"
John O'Neill,101953,1923-2007,O'Neill,108201,1973-1973,0.67,"near-identical strings split across persons (formatting alias, not a name change)"
Joseph O'Hara,102837,1973-1977,O'Hara,106770,1973-1973,0.67,"near-identical strings split across persons (formatting alias, not a name change)"
Joseph O'Neill,109786,1927-1927,O'Neill,108201,1973-1973,0.67,"near-identical strings split across persons (formatting alias, not a name change)"
Kevin O'Connor,109839,2020-2020,O'Connor,106700,1973-1973,0.67,"near-identical strings split across persons (formatting alias, not a name change)"
Laura O'Neill,109854,2024-2024,O'Neill,108201,1973-1973,0.67,"near-identical strings split across persons (formatting alias, not a name change)"
Laurence O'Connor,109860,1948-1948,O'Connor,106700,1973-1973,0.67,"near-identical strings split across persons (formatting alias, not a name change)"
Laurence O'Neill,103446,1922-2005,O'Neill,108201,1973-1973,0.67,"near-identical strings split across persons (formatting alias, not a name change)"
Leanne O'Neill,109868,2024-2024,O'Neill,108201,1973-1973,0.67,"near-identical strings split across persons (formatting alias, not a name change)"
Lorraine O'Neill,109910,2020-2020,O'Neill,108201,1973-1973,0.67,"near-identical strings split across persons (formatting alias, not a name change)"
Louis O'Hara,103459,2020-2024,O'Hara,106770,1973-1973,0.67,"near-identical strings split across persons (formatting alias, not a name change)"
Lucia O'Neill,112299,1992-1992,O'Neill,108201,1973-1973,0.67,"near-identical strings split across persons (formatting alias, not a name change)"
Luke O'Connor,109921,2024-2024,O'Connor,106700,1973-1973,0.67,"near-identical strings split across persons (formatting alias, not a name change)"
Maeve O'Neill,102309,2019-2023,O'Neill,108201,1973-1973,0.67,"near-identical strings split across persons (formatting alias, not a name change)"
Mal O'Hara,87178,2016-2024,O'Hara,106770,1973-1973,0.67,"near-identical strings split across persons (formatting alias, not a name change)"
Margaret O'Neill,107825,1985-1985,O'Neill,108201,1973-1973,0.67,"near-identical strings split across persons (formatting alias, not a name change)"
Maria O'Hara,107126,2005-2005,O'Hara,106770,1973-1973,0.67,"near-identical strings split across persons (formatting alias, not a name change)"
Maria O'Neill,108203,2005-2005,O'Neill,108201,1973-1973,0.67,"near-identical strings split across persons (formatting alias, not a name change)"
Marie O'Neill,107567,1997-1997,O'Neill,108201,1973-1973,0.67,"near-identical strings split across persons (formatting alias, not a name change)"
Mark O'Neill,109969,2024-2024,O'Neill,108201,1973-1973,0.67,"near-identical strings split across persons (formatting alias, not a name change)"
Martin O'Neill,106606,1997-1997,O'Neill,108201,1973-1973,0.67,"near-identical strings split across persons (formatting alias, not a name change)"
Martina O'Connor,109996,2024-2024,O'Connor,106700,1973-1973,0.67,"near-identical strings split across persons (formatting alias, not a name change)"
Matthew O'Connor,110031,1965-1965,O'Connor,106700,1973-1973,0.67,"near-identical strings split across persons (formatting alias, not a name change)"
Melissa O'Neill,110050,2020-2020,O'Neill,108201,1973-1973,0.67,"near-identical strings split across persons (formatting alias, not a name change)"
Michael O'Connor,100745,1923-2007,O'Connor,106700,1973-1973,0.67,"near-identical strings split across persons (formatting alias, not a name change)"
Michael O'Hara,110138,1937-1937,O'Hara,106770,1973-1973,0.67,"near-identical strings split across persons (formatting alias, not a name change)"
Michael O'Neill,100938,1951-1989,O'Neill,108201,1973-1973,0.67,"near-identical strings split across persons (formatting alias, not a name change)"
Michelle O'Neill,20278,2005-2024,O'Neill,108201,1973-1973,0.67,"near-identical strings split across persons (formatting alias, not a name change)"
Nancy O'Neill,110192,1965-1965,O'Neill,108201,1973-1973,0.67,"near-identical strings split across persons (formatting alias, not a name change)"
James Larkin,101141,1927-1944,James Larkin Jnr,101140,1927-1954,0.67,"near-identical strings split across persons (formatting alias, not a name change)"
Colonel Jeremiah Ryan,103161,1927-1951,Jeremiah Ryan,101146,1933-1943,0.67,"near-identical strings split across persons (formatting alias, not a name change)"
Dr James Ryan,100018,1918-1961,James Ryan,109529,1948-1948,0.67,"near-identical strings split across persons (formatting alias, not a name change)"
John J Ryan,109682,1969-1992,John Ryan,109743,1992-2011,0.67,"near-identical strings split across persons (formatting alias, not a name change)"
Michael O'Ryan,110143,1927-1927,Michael Ryan,101218,1969-2024,0.67,"near-identical strings split across persons (formatting alias, not a name change)"
J. Walsh,104737,1921-1921,L J Walsh,109850,1918-1918,0.67,"near-identical strings split across persons (formatting alias, not a name change)"
Noel G. Walsh,110235,2015-2015,Noel Walsh,102037,2011-2024,0.67,"near-identical strings split across persons (formatting alias, not a name change)"
Beverley Cooper Flynn,108751,2002-2002,Beverley Flynn,108752,2007-2007,0.67,"near-identical strings split across persons (formatting alias, not a name change)"
"Kevin ""Boxer"" Moran",103439,2016-2016,Kevin Moran,101971,2011-2024,0.67,"near-identical strings split across persons (formatting alias, not a name change)"
Kevin Boxer Moran,103439,2014-2014,Kevin Moran,101971,2011-2024,0.67,"near-identical strings split across persons (formatting alias, not a name change)"
Dr James Reilly,101860,2011-2020,James Reilly,109526,2007-2007,0.67,"near-identical strings split across persons (formatting alias, not a name change)"
Henry O'Reilly,109406,1923-1923,Henry Reilly,86150,1989-2023,0.67,"near-identical strings split across persons (formatting alias, not a name change)"
Hugh O'Reilly,103011,1997-2023,Hugh Reilly,107445,1973-1973,0.67,"near-identical strings split across persons (formatting alias, not a name change)"
James O'Reilly,26372,1943-1973,James Reilly,109526,2007-2007,0.67,"near-identical strings split across persons (formatting alias, not a name change)"
Joe O'Reilly,101154,1992-2016,Joe Reilly,101926,1992-2007,0.67,"near-identical strings split across persons (formatting alias, not a name change)"
John O'Reilly,100716,1927-1937,John Reilly,107127,1961-1997,0.67,"near-identical strings split across persons (formatting alias, not a name change)"
Michael O'Reilly,110142,1923-1923,Michael Reilly,110145,1969-1969,0.67,"near-identical strings split across persons (formatting alias, not a name change)"
Patrick O'Reilly,100070,1943-1985,Patrick Reilly,106529,1985-1985,0.67,"near-identical strings split across persons (formatting alias, not a name change)"
Elizabeth Byrne McCullough,106699,2001-2001,Elizabeth McCullough,81185,2003-2003,0.67,"near-identical strings split across persons (formatting alias, not a name change)"
James Mulholland,100997,1981-1997,Kieran James Mulholland,105259,2019-2019,0.67,"near-identical strings split across persons (formatting alias, not a name change)"
Kieran James Mulholland,105259,2019-2019,Kieran Mulholland,102542,2011-2014,0.67,"near-identical strings split across persons (formatting alias, not a name change)"
Captain John Johnston,108803,1918-1918,John Johnston,101702,1929-1981,0.67,"near-identical strings split across persons (formatting alias, not a name change)"
Alice Mary Higgins,108630,2019-2019,Mary Higgins,104902,2014-2014,0.67,"near-identical strings split across persons (formatting alias, not a name change)"
Mary Campbell,89751,2001-2005,Mary Ellen Campbell,101434,2011-2019,0.67,"near-identical strings split across persons (formatting alias, not a name change)"
Mary Quinn,104789,2014-2014,Mary-Kate Quinn,86883,2011-2011,0.67,"near-identical strings split across persons (formatting alias, not a name change)"
G. McKeown,106454,1973-1973,J. G. McKeown,106382,1973-1973,0.67,"near-identical strings split across persons (formatting alias, not a name change)"
James Johnston McKeown,105939,1989-1989,James McKeown,98924,1973-2023,0.67,"near-identical strings split across persons (formatting alias, not a name change)"
Joseph Mary Mooney,109778,1954-1954,Joseph Mooney,107990,1943-1977,0.67,"near-identical strings split across persons (formatting alias, not a name change)"
Joseph Mary Mooney,109778,1954-1954,Mary Mooney,112194,1992-1992,0.67,"near-identical strings split across persons (formatting alias, not a name change)"
James Hanna McCormick,104366,1929-1933,James McCormick,102759,1973-1977,0.67,"near-identical strings split across persons (formatting alias, not a name change)"
John D. Murphy,105656,1969-1969,John Murphy,108386,1948-1992,0.67,"near-identical strings split across persons (formatting alias, not a name change)"
Oliver Flanagan,107727,1985-1985,Oliver J Flanagan,100150,1943-1973,0.67,"near-identical strings split across persons (formatting alias, not a name change)"
Robert S. Thompson,105746,1949-1949,Robert Thompson,103016,1973-1993,0.67,"near-identical strings split across persons (formatting alias, not a name change)"
Samuel Hall-Thompson,103809,1929-1953,Samuel Thompson,105035,1964-1964,0.67,"near-identical strings split across persons (formatting alias, not a name change)"
John Paul Phelan,100718,2007-2020,John Phelan,109734,1948-1948,0.67,"near-identical strings split across persons (formatting alias, not a name change)"
Anne Kelly McCormack,108670,1997-2002,Anne McCormack,112401,1992-1992,0.67,"near-identical strings split across persons (formatting alias, not a name change)"
John Frank Kidd,109665,2011-2011,John Kidd,109688,2014-2014,0.67,"near-identical strings split across persons (formatting alias, not a name change)"
Eddie Collins Hughes,109128,2002-2002,Eddie Hughes,104472,2014-2014,0.67,"near-identical strings split across persons (formatting alias, not a name change)"
James B Lynch,100295,1932-1944,James Lynch,107710,1981-1981,0.67,"near-identical strings split across persons (formatting alias, not a name change)"
James B. Lynch,100295,1948-1951,James Lynch,107710,1981-1981,0.67,"near-identical strings split across persons (formatting alias, not a name change)"
John Joe Rice,103395,1957-1961,John Rice,104810,2019-2019,0.67,"near-identical strings split across persons (formatting alias, not a name change)"
John Maynard Sinclair,104153,1933-1933,Maynard Sinclair,104088,1938-1949,0.67,"near-identical strings split across persons (formatting alias, not a name change)"
Robert Anderson,102885,1977-1981,Robert Newton Anderson,104382,1921-1925,0.67,"near-identical strings split across persons (formatting alias, not a name change)"
Robert Boyd,103999,1929-1929,Robert Nathaniel Boyd,106167,1929-1938,0.67,"near-identical strings split across persons (formatting alias, not a name change)"
Robert Burke,103651,1933-1948,Robert Malachy Burke,102094,1937-1943,0.67,"near-identical strings split across persons (formatting alias, not a name change)"
Robert Dick Megaw,104295,1921-1925,Robert Megaw,107559,1989-1989,0.67,"near-identical strings split across persons (formatting alias, not a name change)"
Robert Harrison-Rice,104997,2014-2014,Robert Rice,108461,1973-2005,0.67,"near-identical strings split across persons (formatting alias, not a name change)"
Robert James Johnstone,104186,1929-1938,Robert Johnstone,93376,1997-1998,0.67,"near-identical strings split across persons (formatting alias, not a name change)"
Robert James Mitchell,9619,1969-1973,Robert Mitchell,52824,1977-1993,0.67,"near-identical strings split across persons (formatting alias, not a name change)"
Robert John Lynn,104261,1921-1925,Robert Lynn,104129,1918-1945,0.67,"near-identical strings split across persons (formatting alias, not a name change)"
Robert McFarland,100621,1977-2005,Robert McFarland Bingham,105741,1961-1962,0.67,"near-identical strings split across persons (formatting alias, not a name change)"
Captain Patrick Giles,101078,1948-1957,Patrick Giles,101237,1937-1944,0.67,"near-identical strings split across persons (formatting alias, not a name change)"
Patrick Burke,101585,1927-1981,Patrick J Burke,100211,1944-1969,0.67,"near-identical strings split across persons (formatting alias, not a name change)"
Patrick Byrne,101232,1923-1965,Patrick J. Byrne,105963,1969-1969,0.67,"near-identical strings split across persons (formatting alias, not a name change)"
Patrick Byrne,101232,1923-1965,Patrick O'Byrne,110387,1922-1922,0.67,"near-identical strings split across persons (formatting alias, not a name change)"
Patrick Cahill,110322,1948-1948,Patrick J Cahill,101238,1921-1943,0.67,"near-identical strings split across persons (formatting alias, not a name change)"
Patrick Connor,102054,1961-1969,Patrick O'Connor,20119,1993-2001,0.67,"near-identical strings split across persons (formatting alias, not a name change)"
Patrick Cummins,103580,1961-1965,Patrick J Cummins,110355,1969-1973,0.67,"near-identical strings split across persons (formatting alias, not a name change)"
Patrick Doherty,26409,1923-1992,Patrick O'Doherty,110388,2011-2011,0.67,"near-identical strings split across persons (formatting alias, not a name change)"
Patrick Finnegan,112301,1997-1997,Patrick J Finnegan,112365,1992-1992,0.67,"near-identical strings split across persons (formatting alias, not a name change)"
Patrick Flanagan,100556,1973-1993,Patrick O'Flanagan,108163,1973-1973,0.67,"near-identical strings split across persons (formatting alias, not a name change)"
Patrick Hogan,100015,1921-1969,Patrick J Hogan,102060,1922-1933,0.67,"near-identical strings split across persons (formatting alias, not a name change)"
Patrick Hogan,100015,1921-1969,Patrick K Hogan,110360,1923-1923,0.67,"near-identical strings split across persons (formatting alias, not a name change)"
Patrick M. Moore,106180,1921-1921,Patrick Moore,110379,2007-2007,0.67,"near-identical strings split across persons (formatting alias, not a name change)"
James Woods,106585,1985-1985,James Woods Gyle,104263,1925-1929,0.67,"near-identical strings split across persons (formatting alias, not a name change)"
James Woods,106585,1985-1985,Philip James Woods,103855,1923-1929,0.67,"near-identical strings split across persons (formatting alias, not a name change)"
Philip James Woods,103855,1923-1929,Philip Woods,106001,1929-1929,0.67,"near-identical strings split across persons (formatting alias, not a name change)"
Captain John Brooke,103830,1968-1969,John Brooke,45642,1973-1975,0.67,"near-identical strings split across persons (formatting alias, not a name change)"
Dr John Crowley,101107,1918-1923,John Crowley,107041,2005-2005,0.67,"near-identical strings split across persons (formatting alias, not a name change)"
John Barry,67956,1927-2014,John Harold Barry,112529,1997-1997,0.67,"near-identical strings split across persons (formatting alias, not a name change)"
John Blakiston-Houston,105938,1935-1945,John Houston,35117,1975-1975,0.67,"near-identical strings split across persons (formatting alias, not a name change)"
John Campbell,101056,1921-2011,John Dermot Campbell,104244,1943-1943,0.67,"near-identical strings split across persons (formatting alias, not a name change)"
John Clarke,103374,1948-1969,John Clarke Davison,104119,1925-1938,0.67,"near-identical strings split across persons (formatting alias, not a name change)"
John Collins,11317,1945-1998,John Henry Collins,103838,1925-1929,0.67,"near-identical strings split across persons (formatting alias, not a name change)"
John Donnellan,109652,1965-1965,John F Donnellan,109657,1969-1973,0.67,"near-identical strings split across persons (formatting alias, not a name change)"
John Fawcett Gordon,104189,1921-1938,John Gordon,25318,2022-2023,0.67,"near-identical strings split across persons (formatting alias, not a name change)"
John Hassett,109674,1932-1932,John J Hassett,103391,1927-1927,0.67,"near-identical strings split across persons (formatting alias, not a name change)"
John Henry,102977,1977-1981,John Henry Collins,103838,1925-1929,0.67,"near-identical strings split across persons (formatting alias, not a name change)"
Captain William Redmond,103138,1918-1923,William Redmond,102156,1927-1932,0.67,"near-identical strings split across persons (formatting alias, not a name change)"
John William Dickson,106125,1938-1938,William Dickson,72126,1977-2016,0.67,"near-identical strings split across persons (formatting alias, not a name change)"
John William Kennedy,102778,1973-1977,William Kennedy,103841,1945-1969,0.67,"near-identical strings split across persons (formatting alias, not a name change)"
John William McDowell,103980,1962-1965,William McDowell,108153,1985-1985,0.67,"near-identical strings split across persons (formatting alias, not a name change)"
Joseph William Morgan,105921,1958-1958,William Morgan,10816,1973-1975,0.67,"near-identical strings split across persons (formatting alias, not a name change)"
Prof William Magennis,103633,1923-1927,William Magennis,110971,1922-1922,0.67,"near-identical strings split across persons (formatting alias, not a name change)"
Prof William Stockley,103634,1921-1923,William Stockley,110992,1922-1922,0.67,"near-identical strings split across persons (formatting alias, not a name change)"
Sir William Whitla,110712,1918-1918,William Whitla,105822,1922-1922,0.67,"near-identical strings split across persons (formatting alias, not a name change)"
William Allen,31194,1922-1997,William J. Allen,103915,1922-1945,0.67,"near-identical strings split across persons (formatting alias, not a name change)"
William Croly,110944,1954-1954,William James Croly,110964,1948-1948,0.67,"near-identical strings split across persons (formatting alias, not a name change)"
William Donaldson,108452,1993-1993,William John Donaldson,105630,1933-1933,0.67,"near-identical strings split across persons (formatting alias, not a name change)"
William Frederick McCoy,104181,1945-1962,William McCoy,102772,1981-1985,0.67,"near-identical strings split across persons (formatting alias, not a name change)"
William Gregg,108272,1973-1973,William John Gregg,104138,1949-1949,0.67,"near-identical strings split across persons (formatting alias, not a name change)"
William Henry,106478,1973-1973,William Henry Cushley,104093,1962-1962,0.67,"near-identical strings split across persons (formatting alias, not a name change)"
William James Morgan,103810,1949-1969,William Morgan,10816,1973-1975,0.67,"near-identical strings split across persons (formatting alias, not a name change)"
William John Larmour,107882,1997-1997,William Larmour,49528,1993-1993,0.67,"near-identical strings split across persons (formatting alias, not a name change)"
William John Stewart,105659,1938-1938,William Stewart,104811,1918-1981,0.67,"near-identical strings split across persons (formatting alias, not a name change)"
William Joseph Larmour,108206,1997-1997,William Larmour,49528,1993-1993,0.67,"near-identical strings split across persons (formatting alias, not a name change)"
William Kennedy,103841,1945-1969,William Kennedy Gibson,105389,1929-1929,0.67,"near-identical strings split across persons (formatting alias, not a name change)"
William Miller,110974,1918-1918,William Thomas Miller,104175,1921-1929,0.67,"near-identical strings split across persons (formatting alias, not a name change)"
William Robert Todd,103926,1929-1929,William Todd,104359,1929-1929,0.67,"near-identical strings split across persons (formatting alias, not a name change)"
James F. Morris,109471,1927-1927,James Morris,109509,2024-2024,0.67,"near-identical strings split across persons (formatting alias, not a name change)"
William McConnell Wilton,104471,1933-1938,William Wilton,104235,1943-1943,0.67,"near-identical strings split across persons (formatting alias, not a name change)"
Eric Doyle Higgins,109207,2011-2011,Eric Higgins,108068,1993-1993,0.67,"near-identical strings split across persons (formatting alias, not a name change)"
David A Thornley,112198,1973-1973,David Thornley,109002,1969-1969,0.67,"near-identical strings split across persons (formatting alias, not a name change)"
David Graham Shillington,104226,1921-1925,David Shillington,103931,1929-1938,0.67,"near-identical strings split across persons (formatting alias, not a name change)"
David John Little,105025,1959-1962,David Little,108359,1973-1973,0.67,"near-identical strings split across persons (formatting alias, not a name change)"
Mark Durkan,16260,1993-2022,Mark H. Durkan,98114,2005-2005,0.67,"near-identical strings split across persons (formatting alias, not a name change)"
Michael Collins,50272,1918-2024,Michael J Collins,110104,1997-2002,0.67,"near-identical strings split across persons (formatting alias, not a name change)"
Michael F Kitt,100316,1948-1973,Michael Kitt,102015,1992-2011,0.67,"near-identical strings split across persons (formatting alias, not a name change)"
Michael F. Kitt,100316,1961-1965,Michael Kitt,102015,1992-2011,0.67,"near-identical strings split across persons (formatting alias, not a name change)"
Michael McDonagh,102018,1957-2016,Michael McDonagh Jnr,103521,1948-1951,0.67,"near-identical strings split across persons (formatting alias, not a name change)"
Michael Pat Murphy,102024,1961-1969,Pat Murphy,105229,2023-2023,0.67,"near-identical strings split across persons (formatting alias, not a name change)"
General Richard Mulcahy,100044,1918-1957,Richard Mulcahy,101256,1922-1944,0.67,"near-identical strings split across persons (formatting alias, not a name change)"
Sean B. Dolan,105643,1921-1921,Seán Dolan,110625,1918-1918,0.67,"near-identical strings split across persons (formatting alias, not a name change)"
Seán Connolly Farrell,110624,2011-2011,Seán Farrell,103684,1923-1927,0.67,"near-identical strings split across persons (formatting alias, not a name change)"
Seán F. Lynch,110630,1948-1948,Seán Lynch,73893,1937-2017,0.67,"near-identical strings split across persons (formatting alias, not a name change)"
Seán Farrell,103684,1923-1927,Seán O'Farrell,110651,1923-1923,0.67,"near-identical strings split across persons (formatting alias, not a name change)"
Seán Keane,113223,1943-1951,"Seán Keane, Jnr",110637,1954-1954,0.67,"near-identical strings split across persons (formatting alias, not a name change)"
Seán Kelly,100782,1923-2024,Seán O'Kelly,110656,1943-1943,0.67,"near-identical strings split across persons (formatting alias, not a name change)"
Seán Kennedy,103690,1951-1954,Seán O'Kennedy,110657,1927-1927,0.67,"near-identical strings split across persons (formatting alias, not a name change)"
Seán Moore,101271,1957-1973,Seán O'Moore,110660,1948-1948,0.67,"near-identical strings split across persons (formatting alias, not a name change)"
Tom Fitzpatrick,110856,1969-1969,Tom J Fitzpatrick,103751,1965-1973,0.67,"near-identical strings split across persons (formatting alias, not a name change)"
Tom Higgins,110861,2011-2011,Tom O'Higgins,100105,1943-1973,0.67,"near-identical strings split across persons (formatting alias, not a name change)"
Tom King,110866,1954-1954,Tom R King,103758,2002-2009,0.67,"near-identical strings split across persons (formatting alias, not a name change)"
Ian Paisley,48601,1969-2007,Ian Paisley Jr,58794,1998-2024,0.67,"near-identical strings split across persons (formatting alias, not a name change)"
James O'Regan,109517,1923-1923,James Regan,109525,1957-1957,0.67,"near-identical strings split across persons (formatting alias, not a name change)"
Paul Thomas Hughes,105845,2019-2019,Thomas Hughes,106845,1977-1977,0.67,"near-identical strings split across persons (formatting alias, not a name change)"
Sir Thomas Robinson,110710,1918-1918,Thomas Robinson,21285,1977-2007,0.67,"near-identical strings split across persons (formatting alias, not a name change)"
Thomas Burn,110771,1918-1918,Thomas Henry Burn,105520,1921-1925,0.67,"near-identical strings split across persons (formatting alias, not a name change)"
Thomas Campbell,102371,1918-1981,Thomas Joseph Campbell,104694,1921-1945,0.67,"near-identical strings split across persons (formatting alias, not a name change)"
Thomas Cole,104074,1945-1945,Thomas Loftus Cole,103851,1933-1953,0.67,"near-identical strings split across persons (formatting alias, not a name change)"
Thomas Dalzell-Sheridan,68800,1998-1998,Thomas Sheridan,102950,1997-2005,0.67,"near-identical strings split across persons (formatting alias, not a name change)"
Thomas Dillon,110781,1923-1923,Thomas Dillon Leetch,112259,1973-1973,0.67,"near-identical strings split across persons (formatting alias, not a name change)"
Thomas Donoghue,110782,1969-1969,Thomas O'Donoghue,101288,1918-1923,0.67,"near-identical strings split across persons (formatting alias, not a name change)"
Thomas Henry,107278,1981-1981,Thomas Henry Burn,105520,1921-1925,0.67,"near-identical strings split across persons (formatting alias, not a name change)"
Thomas J Mullins,112356,1992-1992,Thomas Mullins,3930,1927-1998,0.67,"near-identical strings split across persons (formatting alias, not a name change)"
Thomas J Smyth,106201,1977-1977,Thomas Smyth,78082,1973-1981,0.67,"near-identical strings split across persons (formatting alias, not a name change)"
Thomas P Powell,110821,1933-1933,Thomas Powell,101289,1927-1961,0.67,"near-identical strings split across persons (formatting alias, not a name change)"
Ian James Parsley,33661,2009-2010,Ian Parsley,106667,2005-2005,0.67,"near-identical strings split across persons (formatting alias, not a name change)"
J. Toal,106912,1973-1973,M. J. Toal,106917,1973-1973,0.67,"near-identical strings split across persons (formatting alias, not a name change)"
James A. Donnelly,105622,1949-1949,James Donnelly,100219,1966-1993,0.67,"near-identical strings split across persons (formatting alias, not a name change)"
James Alexander,100111,1977-2011,James Alexander Gaston,103967,1929-1929,0.67,"near-identical strings split across persons (formatting alias, not a name change)"
James Burke,109453,1933-1933,James J Burke,101913,1954-1961,0.67,"near-identical strings split across persons (formatting alias, not a name change)"
James Chichester-Clark,103868,1962-1969,James Clark,109458,1923-1923,0.67,"near-identical strings split across persons (formatting alias, not a name change)"
James Collins,104428,1938-2020,James J Collins,100457,1948-1965,0.67,"near-identical strings split across persons (formatting alias, not a name change)"
James Fulton Gamble,104986,1938-1938,James Gamble,104156,1930-1933,0.67,"near-identical strings split across persons (formatting alias, not a name change)"
James Godfrey MacManaway,104115,1947-1949,James MacManaway,104526,1950-1950,0.67,"near-identical strings split across persons (formatting alias, not a name change)"
James Myles,101142,1927-1933,Major James Myles,100728,1923-1944,0.67,"near-identical strings split across persons (formatting alias, not a name change)"
Michael J Noonan,110107,1969-1992,Michael Noonan,101212,1992-2016,0.67,"near-identical strings split across persons (formatting alias, not a name change)"
Michael K. Noonan,110110,1927-1927,Michael Noonan,101212,1992-2016,0.67,"near-identical strings split across persons (formatting alias, not a name change)"
John Dillon Nugent,103937,1921-1925,John Nugent,103407,1918-1965,0.67,"near-identical strings split across persons (formatting alias, not a name change)"
John J Nugent,103392,1951-1954,John Nugent,103407,1918-1965,0.67,"near-identical strings split across persons (formatting alias, not a name change)"
John Dominic Keigher,109650,2021-2021,John Keigher,101162,2011-2024,0.67,"near-identical strings split across persons (formatting alias, not a name change)"
John Joseph Brennan,104169,1962-1969,Joseph Brennan,100063,1948-1973,0.67,"near-identical strings split across persons (formatting alias, not a name change)"
John Paul Murphy,109733,2024-2024,Paul Murphy,100765,2014-2024,0.67,"near-identical strings split across persons (formatting alias, not a name change)"
Samuel J. Martin,105934,1977-1977,Samuel Martin,100597,1985-1993,0.67,"near-identical strings split across persons (formatting alias, not a name change)"
Margaret Anne McKillop,105130,2011-2023,Margaret McKillop,93037,2015-2024,0.67,"near-identical strings split across persons (formatting alias, not a name change)"
Vincent Martin,107543,1989-1989,Vincent P Martin,101297,2002-2024,0.67,"near-identical strings split across persons (formatting alias, not a name change)"
Matthew Feehan,103494,1948-1954,Matthew M. Feehan,110028,1951-1951,0.67,"near-identical strings split across persons (formatting alias, not a name change)"
Maurice Dockrell,103500,1943-1973,Maurice E. Dockrell,100312,1948-1969,0.67,"near-identical strings split across persons (formatting alias, not a name change)"
Peter James Nugent,110444,2024-2024,Peter Nugent,110453,1937-1937,0.67,"near-identical strings split across persons (formatting alias, not a name change)"
Peter Johnston,100803,2014-2023,Peter Keith Johnston,104914,2018-2018,0.67,"near-identical strings split across persons (formatting alias, not a name change)"
Peter Kelly,100395,1937-2011,Peter O'Kelly,110454,1922-1922,0.67,"near-identical strings split across persons (formatting alias, not a name change)"
Philip A Brady,112187,1973-1973,Philip Brady,100503,1951-1969,0.67,"near-identical strings split across persons (formatting alias, not a name change)"
Reginald Hanson Press,104535,1938-1938,Reginald Press,105256,1943-1943,0.67,"near-identical strings split across persons (formatting alias, not a name change)"
Roy Beggs,68301,1977-2016,Roy Beggs Jr,21374,2001-2023,0.67,"near-identical strings split across persons (formatting alias, not a name change)"
Sandra Murphy,110584,2020-2020,Sandra Murphy Kelleher,110583,2024-2024,0.67,"near-identical strings split across persons (formatting alias, not a name change)"
Sarah O'Reilly,103669,2020-2024,Sarah Reilly,110595,2020-2020,0.67,"near-identical strings split across persons (formatting alias, not a name change)"
Wilfred Corfield-McClung,108028,1989-1989,Wilfred McClung,101732,1977-1985,0.67,"near-identical strings split across persons (formatting alias, not a name change)"
Dr Peter O'Sullivan,109105,2007-2007,James Peter O'Sullivan,109520,2024-2024,0.6,"near-identical strings split across persons (formatting alias, not a name change)"
John L O'Sullivan,101163,1937-1973,Richard L O'Sullivan,110506,1918-1918,0.6,"near-identical strings split across persons (formatting alias, not a name change)"
John L. O'Sullivan,101163,1961-1961,Richard L O'Sullivan,110506,1918-1918,0.6,"near-identical strings split across persons (formatting alias, not a name change)"
Caoimhín Mac Giolla Mhín,102686,2005-2011,Caoimhín Mhic Giolla Mhin,105288,2014-2014,0.6,"near-identical strings split across persons (formatting alias, not a name change)"
Caoimhín Mac Giolla Mhín,102686,2005-2011,Christine Mac Giolla Mhín,108435,2005-2005,0.6,"near-identical strings split across persons (formatting alias, not a name change)"
T J O'Reilly,103714,1927-1932,T P O'Reilly,103715,2020-2024,0.6,"near-identical strings split across persons (formatting alias, not a name change)"
Independent (Thomas O'Brien) list,102157,1996-1996,Thomas O'Brien,80386,1969-1989,0.6,"near-identical strings split across persons (formatting alias, not a name change)"
Thomas J O'Connell,100792,1922-1932,Thomas J. O'Reilly,110794,1927-1927,0.6,"near-identical strings split across persons (formatting alias, not a name change)"
Thomas J. O'Reilly,110794,1927-1927,Thomas P O'Reilly,103738,1944-1948,0.6,"near-identical strings split across persons (formatting alias, not a name change)"
