class,keep,drop,name,keep_years,drop_years
SAME-SEAT-SEQUENCE,100106,126674,William O'Brien,1922-1922,1923-1938
SAME-SEAT-SEQUENCE,100023,126701,Thomas McEllistrim,1923-1965,1969-1997
STRAY-INTO-CURATED,6976,126907,Martin McGuinness,1982-2016,2011-2011
SAME-SEAT-SEQUENCE,100040,126834,William Davin,1923-1954,1922-1922
SAME-SEAT-SEQUENCE,100025,126748,Sean Brady,1932-1965,1927-1927
STRAY-INTO-CURATED,78445,126824,Michael Kennedy,1927-1961,1927-1927
STRAY-INTO-CURATED,78445,126891,Michael Kennedy,1927-1961,1927-1927
SAME-SEAT-SEQUENCE,100042,126872,Donnchadh O Briain,1933-1965,1932-1932
FORUM-DUPLICATE,100074,126687,Alliance list,1996-1996,1996-1996
FORUM-DUPLICATE,100074,126708,Alliance list,1996-1996,1996-1996
FORUM-DUPLICATE,100074,126774,Alliance list,1996-1996,1996-1996
FORUM-DUPLICATE,100074,126775,Alliance list,1996-1996,1996-1996
FORUM-DUPLICATE,100084,126718,UUP list,1996-1996,1996-1996
FORUM-DUPLICATE,100084,126719,UUP list,1996-1996,1996-1996
FORUM-DUPLICATE,100084,126741,UUP list,1996-1996,1996-1996
FORUM-DUPLICATE,100084,126805,UUP list,1996-1996,1996-1996
SAME-SEAT-SEQUENCE,100059,126670,Gerald Bartley,1932-1932,1933-1961
SAME-SEAT-SEQUENCE,100149,126825,Neil T Blaney,1951-1989,1992-1992
FORUM-DUPLICATE,100108,126692,Green list,1996-1996,1996-1996
FORUM-DUPLICATE,100108,126693,Green list,1996-1996,1996-1996
FORUM-DUPLICATE,100108,126783,Green list,1996-1996,1996-1996
FORUM-DUPLICATE,100108,126784,Green list,1996-1996,1996-1996
FORUM-DUPLICATE,100109,126732,Independent (Alan Chambers) list,1996-1996,1996-1996
FORUM-DUPLICATE,126694,126732,Independent (Alan Chambers) list,1996-1996,1996-1996
FORUM-DUPLICATE,126713,126732,Independent (Alan Chambers) list,1996-1996,1996-1996
FORUM-DUPLICATE,126732,126785,Independent (Alan Chambers) list,1996-1996,1996-1996
FORUM-DUPLICATE,100130,126699,Ulster Democratic Party list,1996-1996,1996-1996
FORUM-DUPLICATE,126699,126720,Ulster Democratic Party list,1996-1996,1996-1996
FORUM-DUPLICATE,126699,126807,Ulster Democratic Party list,1996-1996,1996-1996
FORUM-DUPLICATE,126699,126808,Ulster Democratic Party list,1996-1996,1996-1996
FORUM-DUPLICATE,126699,126809,Ulster Democratic Party list,1996-1996,1996-1996
SAME-SEAT-SEQUENCE,100095,126671,Patrick Beegan,1932-1932,1933-1957
FORUM-DUPLICATE,100157,126677,NI Women's Coalition list,1996-1996,1996-1996
FORUM-DUPLICATE,100157,126685,NI Women's Coalition list,1996-1996,1996-1996
FORUM-DUPLICATE,100157,126768,NI Women's Coalition list,1996-1996,1996-1996
FORUM-DUPLICATE,100157,126769,NI Women's Coalition list,1996-1996,1996-1996
FORUM-DUPLICATE,100187,126717,UKUP list,1996-1996,1996-1996
FORUM-DUPLICATE,100187,126740,UKUP list,1996-1996,1996-1996
FORUM-DUPLICATE,100187,126801,UKUP list,1996-1996,1996-1996
FORUM-DUPLICATE,100187,126802,UKUP list,1996-1996,1996-1996
FORUM-DUPLICATE,100187,126803,UKUP list,1996-1996,1996-1996
FORUM-DUPLICATE,100187,126804,UKUP list,1996-1996,1996-1996
STRAY-INTO-CURATED,46823,126902,Michael Murphy,1951-1973,1969-1969
SAME-SEAT-SEQUENCE,100316,126821,Michael F. Kitt,1948-1969,1973-1973
SAME-SEAT-SEQUENCE,103760,126753,Tom Welby,2004-2024,1991-1999
FORUM-DUPLICATE,100344,126679,DUP list,1996-1996,1996-1996
FORUM-DUPLICATE,126678,126679,DUP list,1996-1996,1996-1996
FORUM-DUPLICATE,126679,126710,DUP list,1996-1996,1996-1996
FORUM-DUPLICATE,100345,126690,Democratic Left list,1996-1996,1996-1996
FORUM-DUPLICATE,100345,126711,Democratic Left list,1996-1996,1996-1996
FORUM-DUPLICATE,100345,126712,Democratic Left list,1996-1996,1996-1996
FORUM-DUPLICATE,100345,126731,Democratic Left list,1996-1996,1996-1996
FORUM-DUPLICATE,100345,126780,Democratic Left list,1996-1996,1996-1996
FORUM-DUPLICATE,100346,126680,Natural Law list,1996-1996,1996-1996
FORUM-DUPLICATE,126672,126680,Natural Law list,1996-1996,1996-1996
FORUM-DUPLICATE,126680,126792,Natural Law list,1996-1996,1996-1996
FORUM-DUPLICATE,126680,126793,Natural Law list,1996-1996,1996-1996
STRAY-INTO-CURATED,12211,126817,John Norris,1989-2005,1998-1998
FORUM-DUPLICATE,100421,126743,Ulster Independence Movement list,1996-1996,1996-1996
FORUM-DUPLICATE,126673,126743,Ulster Independence Movement list,1996-1996,1996-1996
FORUM-DUPLICATE,126742,126743,Ulster Independence Movement list,1996-1996,1996-1996
FORUM-DUPLICATE,126743,126744,Ulster Independence Movement list,1996-1996,1996-1996
FORUM-DUPLICATE,126743,126810,Ulster Independence Movement list,1996-1996,1996-1996
SAME-SEAT-SEQUENCE,100198,126815,James Craig,1921-1932,1933-1933
SAME-SEAT-SEQUENCE,100201,126675,Joseph Mongan,1927-1932,1933-1948
SAME-SEAT-SEQUENCE,100475,126818,Liam Cunningham,1951-1969,1973-1973
SAME-SEAT-SEQUENCE,111071,126812,Brian Lenihan,1997-2011,1992-1992
SAME-SEAT-SEQUENCE,101249,126729,Paul Connaughton,1991-2007,2009-2016
SAME-SEAT-SEQUENCE,100315,126820,Michael Doyle,1923-1933,1922-1922
STRAY-INTO-CURATED,3572,126854,John Kelly,1997-2024,2019-2019
STRAY-INTO-CURATED,3572,126906,John Kelly,1997-2024,2002-2002
STRAY-INTO-CURATED,86960,126856,Anne McCloskey,2016-2024,2020-2020
FORUM-DUPLICATE,100535,126681,PUP list,1996-1996,1996-1996
FORUM-DUPLICATE,100535,126714,PUP list,1996-1996,1996-1996
FORUM-DUPLICATE,100535,126736,PUP list,1996-1996,1996-1996
FORUM-DUPLICATE,100535,126737,PUP list,1996-1996,1996-1996
FORUM-DUPLICATE,100535,126794,PUP list,1996-1996,1996-1996
FORUM-DUPLICATE,100535,126795,PUP list,1996-1996,1996-1996
FORUM-DUPLICATE,100537,126682,SDLP list,1996-1996,1996-1996
FORUM-DUPLICATE,126682,126697,SDLP list,1996-1996,1996-1996
FORUM-DUPLICATE,126682,126715,SDLP list,1996-1996,1996-1996
FORUM-DUPLICATE,126682,126796,SDLP list,1996-1996,1996-1996
FORUM-DUPLICATE,126682,126797,SDLP list,1996-1996,1996-1996
FORUM-DUPLICATE,100539,126698,Sinn Féin list,1996-1996,1996-1996
FORUM-DUPLICATE,126698,126716,Sinn Féin list,1996-1996,1996-1996
FORUM-DUPLICATE,126698,126738,Sinn Féin list,1996-1996,1996-1996
FORUM-DUPLICATE,126698,126739,Sinn Féin list,1996-1996,1996-1996
FORUM-DUPLICATE,126698,126798,Sinn Féin list,1996-1996,1996-1996
FORUM-DUPLICATE,126698,126799,Sinn Féin list,1996-1996,1996-1996
FORUM-DUPLICATE,126698,126800,Sinn Féin list,1996-1996,1996-1996
SAME-SEAT-SEQUENCE,100689,126745,Henry Kenny,1954-1969,1973-1999
SAME-SEAT-SEQUENCE,126728,126745,Henry Kenny,2004-2014,1973-1999
SAME-SEAT-SEQUENCE,112285,126832,Tom Berkery,1997-2014,1991-1991
SAME-SEAT-SEQUENCE,119402,126835,Michael O'Sullivan,2014-2014,2019-2019
STRAY-INTO-CURATED,50272,126841,Michael Collins,2014-2024,2014-2014
SAME-SEAT-SEQUENCE,100423,126684,A. P. Byrne,1951-1951,1937-1948
FORUM-DUPLICATE,100799,126686,Workers' Party list,1996-1996,1996-1996
FORUM-DUPLICATE,100799,126705,Workers' Party list,1996-1996,1996-1996
FORUM-DUPLICATE,100799,126706,Workers' Party list,1996-1996,1996-1996
FORUM-DUPLICATE,100799,126707,Workers' Party list,1996-1996,1996-1996
FORUM-DUPLICATE,100799,126771,Workers' Party list,1996-1996,1996-1996
FORUM-DUPLICATE,100799,126772,Workers' Party list,1996-1996,1996-1996
LGR-2014,68526,126747,Séamas De Faoite,2011-2024,2019-2023
FORUM-DUPLICATE,100809,126688,Conservative list,1996-1996,1996-1996
FORUM-DUPLICATE,100809,126689,Conservative list,1996-1996,1996-1996
FORUM-DUPLICATE,100809,126709,Conservative list,1996-1996,1996-1996
FORUM-DUPLICATE,100809,126778,Conservative list,1996-1996,1996-1996
FORUM-DUPLICATE,100809,126779,Conservative list,1996-1996,1996-1996
FORUM-DUPLICATE,100813,126782,Democratic Partnership list,1996-1996,1996-1996
FORUM-DUPLICATE,126691,126782,Democratic Partnership list,1996-1996,1996-1996
FORUM-DUPLICATE,126781,126782,Democratic Partnership list,1996-1996,1996-1996
FORUM-DUPLICATE,100818,126695,Labour Coalition list,1996-1996,1996-1996
FORUM-DUPLICATE,126695,126696,Labour Coalition list,1996-1996,1996-1996
FORUM-DUPLICATE,126695,126733,Labour Coalition list,1996-1996,1996-1996
FORUM-DUPLICATE,126695,126734,Labour Coalition list,1996-1996,1996-1996
FORUM-DUPLICATE,126695,126735,Labour Coalition list,1996-1996,1996-1996
FORUM-DUPLICATE,126695,126791,Labour Coalition list,1996-1996,1996-1996
SAME-SEAT-SEQUENCE,100994,126814,J. J. Magee,1977-2014,2019-2019
SAME-SEAT-SEQUENCE,100742,126823,Michael Jordan,1923-1932,1922-1922
SAME-SEAT-SEQUENCE,101227,126826,Noel Lemass,1957-1969,1973-1973
SAME-SEAT-SEQUENCE,110455,126829,Peter O'Neill,1999-2011,2014-2014
SAME-SEAT-SEQUENCE,117959,126819,Mattie Ryan (Coole),1999-2014,1991-1991
SAME-SEAT-SEQUENCE,117959,126847,Mattie Ryan (Coole),1999-2014,2019-2019
SAME-SEAT-SEQUENCE,103618,126827,Pauline Tully,2004-2024,1999-1999
SAME-SEAT-SEQUENCE,118057,126811,Al McDonnell,2004-2024,1999-1999
SAME-SEAT-SEQUENCE,109605,126760,Joe Cooney,2014-2024,2004-2009
STRAY-INTO-CURATED,11573,126866,Rosemary McGlone,2022-2024,2024-2024
STRAY-INTO-CURATED,99944,126773,Jack Beattie,1953-1953,1953-1953
SAME-SEAT-SEQUENCE,101192,126869,Martin McDonogh,1927-1932,1933-1933
SAME-SEAT-SEQUENCE,100513,126721,Seán Tubridy,1927-1932,1933-1938
SAME-SEAT-SEQUENCE,100517,126722,Stephen Jordan,1927-1932,1933-1943
SAME-SEAT-SEQUENCE,101289,126751,Thomas Powell,1927-1932,1933-1961
SAME-SEAT-SEQUENCE,101299,126833,William Browne,1932-1937,1927-1927
SAME-SEAT-SEQUENCE,101245,126723,Patrick Palmer,1957-1957,1948-1954
SAME-SEAT-SEQUENCE,109578,126816,Jim Kemmy,1991-1994,1997-1997
SAME-SEAT-SEQUENCE,110084,126822,Michael Ferris,1989-1992,1997-1997
SAME-SEAT-SEQUENCE,101266,126724,Seamus McDonagh,2020-2020,2011-2016
SAME-SEAT-SEQUENCE,118235,126860,Joe Kelly,2004-2014,2024-2024
SAME-SEAT-SEQUENCE,118330,126831,Seamus Fitzpatrick,1999-2014,1991-1991
SAME-SEAT-SEQUENCE,118380,126755,Martin Miley,2004-2014,1991-1999
FORUM-DUPLICATE,102157,126767,Independent (Thomas O'Brien) list,1996-1996,1996-1996
FORUM-DUPLICATE,126764,126767,Independent (Thomas O'Brien) list,1996-1996,1996-1996
FORUM-DUPLICATE,126765,126767,Independent (Thomas O'Brien) list,1996-1996,1996-1996
FORUM-DUPLICATE,126766,126767,Independent (Thomas O'Brien) list,1996-1996,1996-1996
FORUM-DUPLICATE,102158,126770,Ulster's Independent Voice list,1996-1996,1996-1996
FORUM-DUPLICATE,126730,126770,Ulster's Independent Voice list,1996-1996,1996-1996
STRAY-INTO-CURATED,16778,126857,James Hope,2019-2022,2020-2020
STRAY-INTO-CURATED,56681,126889,Simeon Gillan,1997-1998,1997-1997
STRAY-INTO-CURATED,83943,126890,Peter Doran,1990-2017,2004-2004
STRAY-INTO-CURATED,92106,126884,Jack Lyons,1997-1998,1997-1997
FORUM-DUPLICATE,102405,126788,Independent (Oliver McMuIlan) list,1996-1996,1996-1996
FORUM-DUPLICATE,126787,126788,Independent (Oliver McMuIlan) list,1996-1996,1996-1996
FORUM-DUPLICATE,126788,126789,Independent (Oliver McMuIlan) list,1996-1996,1996-1996
FORUM-DUPLICATE,126788,126790,Independent (Oliver McMuIlan) list,1996-1996,1996-1996
SAME-SEAT-SEQUENCE,101907,126867,James Cosgrave,1927-1927,1923-1923
WIKI-DISAMBIGUATED,103631,126746,(politician),2014-2014,2019-2019
SAME-SEAT-SEQUENCE,103715,126750,T P O'Reilly,2019-2020,2024-2024
SAME-SEAT-SEQUENCE,102099,126752,Séamus Keely,1927-1927,1933-1937
SAME-SEAT-SEQUENCE,111068,126830,Ray Burke,1973-1992,1997-1997
SAME-SEAT-SEQUENCE,111179,126754,Pat Upton,1997-1997,1991-1992
SAME-SEAT-SEQUENCE,118875,126813,Eddie Feeley,1999-2004,1991-1991
SAME-SEAT-SEQUENCE,118969,126828,Peadar Neary,1999-2009,1991-1991
FORUM-DUPLICATE,106321,126776,Communist Party of Ireland list,1996-1996,1996-1996
FORUM-DUPLICATE,106321,126777,Communist Party of Ireland list,1996-1996,1996-1996
FORUM-DUPLICATE,106332,126786,Independent (Arthur Templeton) list,1996-1996,1996-1996
FORUM-DUPLICATE,108579,126806,Ulster Christian Democratic Party list,1996-1996,1996-1996
SAME-SEAT-SEQUENCE,119355,126836,Daithi de Róiste,2014-2014,2019-2019
SAME-SEAT-SEQUENCE,103179,126868,Daniel O'Callaghan,1922-1922,1923-1923
SAME-SEAT-SEQUENCE,103183,126859,Darrell Figgis,1922-1922,1923-1923
SAME-SEAT-SEQUENCE,119360,126892,Eamon Dolan,1991-1991,1999-1999
SAME-SEAT-SEQUENCE,103246,126858,Emer Tóibín,2020-2020,2024-2024
SAME-SEAT-SEQUENCE,103284,126871,Fred McDonogh,1932-1932,1933-1933
SAME-SEAT-SEQUENCE,103285,126875,Fursa Walsh,1954-1954,1951-1951
SAME-SEAT-SEQUENCE,103287,126873,Gearóid Ó Cuinneagáin,1943-1943,1944-1944
SAME-SEAT-SEQUENCE,119369,126845,Gerry King,2019-2019,2024-2024
SAME-SEAT-SEQUENCE,119373,126900,Iarla Duffy,1999-1999,2004-2004
SAME-SEAT-SEQUENCE,119379,126894,John Devaney,1999-1999,2004-2004
SAME-SEAT-SEQUENCE,103395,126876,John Joe Rice,1957-1957,1961-1961
SAME-SEAT-SEQUENCE,119381,126879,Johnny Mee,1999-1999,2004-2004
SAME-SEAT-SEQUENCE,103421,126870,Joseph Murphy,1927-1927,1932-1932
SAME-SEAT-SEQUENCE,109875,126877,Liam Ahern,1973-1973,1969-1969
SAME-SEAT-SEQUENCE,119421,126911,Philip Nolan,2014-2014,2009-2009
SAME-SEAT-SEQUENCE,119425,126901,Seán Bourke,1999-1999,2004-2004
SAME-SEAT-SEQUENCE,111180,126880,Theresa Ahearn,1997-1997,1992-1992
SAME-SEAT-SEQUENCE,119763,126855,Daniel Butler,2014-2014,2019-2019
SAME-SEAT-SEQUENCE,120192,126861,Padraig Mac an Iomaire,2019-2019,2024-2024
SAME-SEAT-SEQUENCE,103404,126874,John Meighan,1943-1943,1944-1944
SAME-SEAT-SEQUENCE,120875,126893,Tim Rabbitt,2004-2004,1999-1999
