keep,drop,name,keep_years,drop_years,verdict,article,evidence_keep,evidence_drop,keep_keys,drop_keys
59262,117308,Alan Robinson,2005-2019,2022-2022,CONFIRMED,Alan Robinson (Northern Irish politician),infobox: 2019 causeway coast and glens borough council,infobox: 2022 londonderry east,3062095250 ; T3062095250,59262
104199,114362,Albert McElroy,1964-1964,1965-1965,CONFIRMED,Albert McElroy,text: 1964 north down,text: 1965 enniskillen,13502329,8114285
124000,124262,Andrew Carew O'Dwyer,1835-1835,1832-1832,CONFIRMED,Andrew O'Dwyer,infobox: 1835 drogheda,infobox: 1832 drogheda,Andrew Carew O'Dwyer|Repeal ( Whig ),Andrew Carew O'Dwyer|Repeal
8169,105148,Anne Dickson,1973-1979,1969-1969,CONFIRMED,Anne Dickson,text: 1979 belfast north,infobox: 1969 carrick,8169,3246561
104069,104527,Anthony Babington,1925-1925,1929-1933,CONFIRMED,"Anthony Babington (politician, born 1877)",infobox: 1925 south belfast,infobox: 1933 belfast cromac,1241435,1614394 ; 7516747
104597,104792,Anthony Mulvey,1950-1950,1935-1945,CONFIRMED,Anthony Mulvey,infobox: 1950 ulster mid,infobox: 1945 fermanagh and tyrone,16747172,2248460 ; 4537855
104412,117436,Arthur Black,1929-1938,1925-1925,CONFIRMED,Arthur Black (Unionist politician),infobox: 1938 belfast willowfield,infobox: 1925 south belfast,15228183 ; 15406577 ; 4531714,7858388
108706,124372,Arthur Samuels,1918-1918,1903-1917,CONFIRMED,Arthur Samuels,infobox: 1918 dublin university,infobox: 1917 dublin university,name:arthur samuels,Arthur Samuels|Irish Unionist ; wikipedia:Arthur Samuels
57332,105911,Austin Ardill,1973-1975,1965-1965,CONFIRMED,Austin Ardill,infobox: 1975 south antrim,infobox: 1965 carrick,57332,6933729
17997,112688,Austin Currie,1973-1986,1990-2002,CONFIRMED,Austin Currie,infobox: 1986 fermanagh and south tyrone,infobox: 1997 dublin west,17997,ei:3804
17997,112863,Austin Currie,1973-1986,1964-1969,CONFIRMED,Austin Currie,infobox: 1986 fermanagh and south tyrone,infobox: 1969 tyrone east,17997,4345943 ; 4551116 ; 5457706
103101,113166,Barney Mellows,1927-1927,1923-1923,CONFIRMED,Barney Mellows,infobox: 1927 galway,infobox: 1923 galway,name:barney mellows,ei:1280
43879,105556,Basil McIvor,1969-1969,1973-1973,CONFIRMED,Basil McIvor,infobox: 1969 larkfield,infobox: 1973 south belfast,16492798,43879
122912,123164,Bernard Charles Molloy,1892-1895,1900-1900,CONFIRMED,Bernard Charles Molloy,infobox: 1895 birr,infobox: 1900 birr,Bernard Charles Molloy|Irish National Federation,Bernard Charles Molloy|Healyite Nationalist
122912,122913,Bernard Charles Molloy,1892-1895,1885-1886,CONFIRMED,Bernard Charles Molloy,infobox: 1895 birr,infobox: 1886 birr,Bernard Charles Molloy|Irish National Federation,Bernard Charles Molloy|Irish Parliamentary
122913,124382,Bernard Charles Molloy,1885-1886,1874-1880,CONFIRMED,Bernard Charles Molloy,infobox: 1886 birr,infobox: 1880 king s county,Bernard Charles Molloy|Irish Parliamentary,Bernard Charles Molloy|Home Rule ; wikipedia:Bernard Charles Molloy
50631,104508,Bertie McConnell,1973-1975,1969-1969,CONFIRMED,Bertie McConnell,infobox: 1975 north down,infobox: 1969 bangor,50631,15977490
54656,104113,Brian Faulkner,1973-1975,1949-1969,CONFIRMED,Brian Faulkner,infobox: 1975 south down,infobox: 1969 east down,54656,12758059 ; 13486284 ; 14025884 ; 14546601 ; 4626876 ; 7752003
104045,104111,Cahir Healy,1925-1925,1929-1962,CONFIRMED,Cahir Healy,infobox: 1925 fermanagh and tyrone,infobox: 1962 south fermanagh,12288103,12750868 ; 13093614 ; 15659689 ; 5395125 ; 6241977 ; 7457592 ; 8424809 ; 9433451
101817,112942,Cathal Brugha,1918-1921,1922-1922,CONFIRMED,Cathal Brugha,infobox: 1921 waterford tipperary east,infobox: 1922 waterford tipperary east,ei:1089,name:cathal brugha
101818,112943,Cathal O'Shannon,1923-1927,1922-1922,CONFIRMED,Cathal O'Shannon,text: 1923 louth,text: 1922 louth meath,ei:1378,name:cathal o shannon
124029,124388,Charles Arthur Walker,1835-1837,1832-1832,CONFIRMED,Charles Arthur Walker,infobox: 1837 wexford,infobox: 1832 wexford,Charles Arthur Walker|Repeal ( Whig ),Charles Arthur Walker|Repeal
124388,126003,Charles Arthur Walker,1832-1832,1831-1831,CONFIRMED,Charles Arthur Walker,infobox: 1832 wexford,infobox: 1831 wexford,Charles Arthur Walker|Repeal,Charles Arthur Walker| ; wikipedia:Charles Arthur Walker
103871,117720,Charles Craig,1922-1924,1918-1918,CONFIRMED,Charles Craig (British politician),infobox: 1924 antrim,infobox: 1918 south antrim,10584782 ; 15255553 ; 5914011,ei:906
100027,112668,Dan Breen,1922-1922,1923-1961,CONFIRMED,Dan Breen,text: 1922 waterford tipperary east,infobox: 1961 tipperary south,name:dan breen,ei:1430
122926,123189,Daniel Desmond Sheehan,1910-1910,1906-1906,CONFIRMED,D. D. Sheehan,infobox: 1910 mid cork,infobox: 1906 mid cork,Daniel Desmond Sheehan|All-for-Ireland,Daniel Desmond Sheehan|Irish Parliamentary
100035,112671,Daniel Morrissey,1922-1922,1923-1954,CONFIRMED,Daniel Morrissey,infobox: 1922 tipperary mid,infobox: 1954 tipperary north,name:daniel morrissey,ei:1431
100441,112957,Daniel Vaughan,1923-1933,1922-1922,CONFIRMED,Daniel Vaughan,infobox: 1933 north cork,infobox: 1922 cork mid,ei:1193,name:daniel vaughan
100862,104485,Danny O'Connor,1997-2011,2014-2014,CONFIRMED,Danny O'Connor (Northern Irish politician),infobox: 2011 larne borough council,text: 2014 mid and east antrim district council,T1578599541,1578599541
99683,104022,David Bleakley,1970-1998,1949-1965,CONFIRMED,David Bleakley,infobox: 1975 east belfast,infobox: 1965 belfast victoria,99683,12045298 ; 16670178 ; 33905 ; 4182279 ; 5031490
70802,105933,David Brooks,2019-2019,2022-2022,CONFIRMED,David Brooks (Northern Irish politician),text: 2019 belfast city council,text: 2022 belfast east,1921296387,70802
29132,105020,David Honeyford,2014-2019,2022-2022,CONFIRMED,David Honeyford,text: 2019 lisburn and castlereagh city council,text: 2022 lagan valley,2312122566,29132
104274,117716,David Reid,1922-1935,1918-1918,CONFIRMED,"Sir David Reid, 1st Baronet",infobox: 1935 down,infobox: 1918 east down,14078080 ; 14388358 ; 1448775 ; 2686913 ; 8072962 ; 9621378,ei:8387
18846,104665,Deirdre Hargey,2011-2019,2022-2022,CONFIRMED,Deirdre Hargey,infobox: 2019 belfast city council,infobox: 2022 south belfast,1272408873 ; T1272408873,18846
124463,124464,Dominick Ronayne,1835-1835,1832-1832,CONFIRMED,Dominick Ronayne,infobox: 1835 clonmel,infobox: 1832 clonmel,Dominick Ronayne|Repeal ( Whig ),Dominick Ronayne|Repeal
58769,105154,Doug Beattie,2016-2022,2014-2014,CONFIRMED,Doug Beattie,infobox: 2022 upper bann,text: 2014 armagh banbridge and craigavon district council,58769,3258064918
103798,104173,Douglas Savory,1950-1951,1940-1945,CONFIRMED,Douglas Savory,infobox: 1951 south antrim,infobox: 1945 queen s university of belfast,1000156 ; 16386475,13300658 ; 4730335
36759,105489,Dáire Hughes,2024-2024,2014-2014,CONFIRMED,Dáire Hughes,infobox: 2024 newry and armagh,text: 2014 newry mourne and down district council,36759,4186429705
103228,113337,Eamon Dee,1922-1922,1921-1921,CONFIRMED,Eamon Dee,infobox: 1922 waterford tipperary east,infobox: 1921 waterford tipperary east,name:eamon dee,ei:6811
103920,112804,Eamonn Donnelly,1927-1933,1925-1925,CONFIRMED,Eamon Donnelly,infobox: 1933 leix offaly,infobox: 1925 armagh,ei:1729,11027055
103920,112855,Eamonn Donnelly,1927-1933,1942-1942,CONFIRMED,Eamon Donnelly,infobox: 1933 leix offaly,infobox: 1942 belfast falls,ei:1729,3703395
83992,106186,Eamonn McCann,1970-2017,2019-2019,CONFIRMED,Eamonn McCann,infobox: 2017 foyle,infobox: 2019 derry city and strabane district council,83992 ; T904303577,904303577
104288,117692,Edward Archdale,1921-1925,1918-1918,CONFIRMED,"Sir Edward Archdale, 1st Baronet",infobox: 1925 fermanagh and tyrone,infobox: 1918 north fermanagh,14200038 ; 604352,ei:1007
104361,109206,Eoin MacNeill,1921-1921,1922-1922,CONFIRMED,Eoin MacNeill,infobox: 1921 londonderry,infobox: 1922 national university,14774072,name:eoin macneill
100446,112085,Eoin O Broin,2007-2020,2001-2001,CONFIRMED,Eoin Ó Broin,text: 2020 dublin mid west,text: 2001 belfast city council,ei:8728,T848688631
103251,113334,Eoin O'Duffy,1922-1922,1921-1921,CONFIRMED,Eoin O'Duffy,infobox: 1922 monaghan,infobox: 1921 monaghan,name:eoin o duffy,ei:6803
100292,112975,Erskine H. Childers,1938-1973,1973-1973,CONFIRMED,Erskine Hamilton Childers,infobox: 1957 longford westmeath,infobox: 1973 monaghan,ei:1103,name:erskine childers
103270,113173,Francis McGuinness,1922-1922,1923-1923,CONFIRMED,Francis McGuinness,infobox: 1922 longford westmeath,infobox: 1923 longford westmeath,name:francis mcguinness,ei:1362
39902,101361,Fred Cobain,1992-2011,2014-2023,CONFIRMED,Fred Cobain,infobox: 2011 north belfast,text: 2014 mid and east antrim borough council,39902,3194732145
103869,117075,George Boyle Hanna,1921-1925,1929-1933,CONFIRMED,George Hanna (MP for East Antrim),infobox: 1925 antrim,infobox: 1933 larne,10574713 ; 1554443,326719 ; 9643982
103869,124549,George Boyle Hanna,1921-1925,1919-1919,CONFIRMED,George Hanna (MP for East Antrim),infobox: 1925 antrim,infobox: 1919 east antrim,10574713 ; 1554443,George Boyle Hanna|Ind. Unionist ; wikipedia:George Hanna (MP for East Antrim)
104313,112815,George Henderson,1929-1929,1929-1929,CONFIRMED,George Henderson (Northern Ireland politician),text: 1929 bannside,infobox: 1929 antrim,14366289,14634613
103934,104228,George Leeke,1921-1925,1929-1938,CONFIRMED,George Leeke,text: 1921 londonderry,infobox: 1938 mid londonderry,11137439 ; 8644889,13693365 ; 15319354 ; 8872948
124568,127031,George Morris,1874-1874,1867-1867,CONFIRMED,George Morris (Irish politician),infobox: 1874 galway borough,infobox: 1867 galway borough,George Morris|Home Rule ; wikipedia:George Morris (Irish politician),George Morris|Liberal
101885,112984,George Nicolls,1922-1923,1921-1921,CONFIRMED,George Nicolls,infobox: 1923 galway,infobox: 1921 galway,ei:1283,name:george nicolls
101886,112985,George Wolfe,1923-1927,1927-1927,CONFIRMED,George Wolfe (Irish politician),infobox: 1927 kildare,infobox: 1927 kildare,ei:1315,name:george wolfe
27771,112796,Gerry Adams,1982-2010,2011-2016,CONFIRMED,Gerry Adams,infobox: 2010 west belfast,infobox: 2016 louth,27771,ei:7934
62512,104564,Gerry Fitt,1965-1983,1958-1962,CONFIRMED,Gerry Fitt,infobox: 1975 north belfast,infobox: 1962 belfast dock,4047309 ; 62512 ; 797658,16474108 ; 9866797
101772,117286,Gerry Fitt,1973-1981,1966-1966,CONFIRMED,Gerry Fitt,text: 1981 belfast city council,infobox: 1966 west belfast,T803047374,5688803
103966,114077,Harry Midgley,1924-1924,1923-1923,CONFIRMED,Harry Midgley,text: 1924 belfast west,text: 1923 belfast west,11456930,15288423
103966,111753,Harry Midgley,1924-1924,1933-1938,CONFIRMED,Harry Midgley,text: 1924 belfast west,text: 1933 belfast dock,11456930,14867443 ; 8566672
111753,115175,Harry Midgley,1933-1938,1941-1941,CONFIRMED,Harry Midgley,text: 1933 belfast dock,text: 1941 belfast willowfield,14867443 ; 8566672,2823972
26641,103870,Harry West,1973-1981,1954-1969,CONFIRMED,Harry West,text: 1981 fermanagh and south tyrone,infobox: 1969 enniskillen,26641,10582678 ; 16626791 ; 2967687 ; 4298828 ; 6032035
100452,112717,Henry Broderick,1927-1927,1927-1943,CONFIRMED,Henry Broderick,infobox: 1927 longford westmeath,infobox: 1933 longford westmeath,name:henry broderick,ei:1619
104376,117217,Herbert Dixon,1922-1935,1938-1938,CONFIRMED,"Herbert Dixon, 1st Baron Glentoran",infobox: 1935 east belfast,infobox: 1938 belfast bloomfield,14905607 ; 16356851 ; 16417198 ; 2020231 ; 5851724 ; 9683217,4657083
37912,105398,Herbert Whitten,1973-1981,1969-1969,CONFIRMED,Herbert Whitten,infobox: 1981 craigavon borough council,infobox: 1969 central armagh,T361860675,3944374
101133,112990,Hugh Colohan,1923-1927,1922-1922,CONFIRMED,Hugh Colohan,infobox: 1927 kildare,infobox: 1922 kildare wicklow,ei:1312,name:hugh colohan
101896,113174,Hugh Garahan,1927-1927,1923-1927,CONFIRMED,Hugh Garahan,infobox: 1927 longford westmeath,infobox: 1927 longford westmeath,name:hugh garahan,ei:1365
104165,117715,Hugh O'Neill,1921-1925,1918-1918,CONFIRMED,"Hugh O'Neill, 1st Baron Rathcavan",infobox: 1925 antrim,infobox: 1918 mid antrim,13212723 ; 261201,ei:8345
48601,104615,Ian Paisley,1970-2007,1969-1970,CONFIRMED,Ian Paisley,infobox: 2007 north antrim,infobox: 1970 bannside,48601,1733087 ; 6713522
9350,104404,Ivan Cooper,1973-1975,1969-1969,CONFIRMED,Ivan Cooper,infobox: 1975 ulster mid,infobox: 1969 mid londonderry,9350,15139174
103912,116890,J. M. Andrews,1929-1949,1921-1925,CONFIRMED,J. M. Andrews,infobox: 1949 mid down,infobox: 1925 down,10950416 ; 14861958 ; 16010448 ; 344468 ; 7382265,15279091 ; 7367933
104354,104430,Jack Beattie,1938-1949,1929-1933,CONFIRMED,Jack Beattie,infobox: 1949 belfast pottinger,infobox: 1933 belfast pottinger,14734423 ; 1616521 ; 7242579,15306716 ; 3805459
104430,116978,Jack Beattie,1929-1933,1925-1925,CONFIRMED,Jack Beattie,infobox: 1933 belfast pottinger,infobox: 1925 east belfast,15306716 ; 3805459,1975106
101907,124664,James Cosgrave,1923-1927,1914-1914,CONFIRMED,James Cosgrave,infobox: 1927 galway,infobox: 1914 galway east,name:james cosgrave,James Cosgrave|Irish Parliamentary ; wikipedia:James Cosgrave
100021,112744,James Everett,1923-1965,1922-1922,CONFIRMED,James Everett (politician),infobox: 1965 wicklow,infobox: 1922 kildare wicklow,ei:1463,name:james everett
97535,104061,James Kilfedder,1970-1992,1964-1966,CONFIRMED,James Kilfedder,infobox: 1992 north down,infobox: 1966 west belfast,97535,12387835 ; 7704097
26372,112805,James O'Reilly,1969-1969,1958-1965,CONFIRMED,James O'Reilly (Irish politician),infobox: 1969 mourne,infobox: 1965 mourne,10911536,11109547 ; 13168834 ; 9036619
26372,115544,James O'Reilly,1969-1969,1973-1973,CONFIRMED,James O'Reilly (Irish politician),infobox: 1969 mourne,body: 1973 northern-ireland-assembly,10911536,26372
112805,116629,James O'Reilly,1958-1965,1948-1948,CONFIRMED,James O'Reilly (Irish politician),infobox: 1965 mourne,text: 1948 armagh,11109547 ; 13168834 ; 9036619,7284710
1199,104786,James Stronge,1973-1973,1969-1969,CONFIRMED,James Stronge (Mid-Armagh MP),infobox: 1973 armagh,infobox: 1969 mid armagh,1199,2209354
104263,105763,James Woods Gyle,1925-1925,1929-1929,CONFIRMED,James Woods Gyle,infobox: 1925 east belfast,text: 1929 belfast dock,14020446,5785792
125582,126026,John Bagwell,1807-1812,1802-1802,CONFIRMED,John Bagwell (died 1816),text: 1807 county tipperary,text: 1802 county tipperary,John Bagwell|,John Bagwell| ; wikipedia:John Bagwell (died 1816)
100465,113180,John Butler,1922-1922,1923-1943,CONFIRMED,John Butler (Irish politician),infobox: 1922 waterford tipperary east,text: 1943 waterford,name:john butler,ei:1447
104119,105274,John Clarke Davison,1925-1925,1929-1938,CONFIRMED,John Clarke Davison,infobox: 1925 armagh,infobox: 1938 mid armagh,12816763,3607958 ; 520937 ; 5796896
101932,113007,John Conlan,1923-1927,1927-1931,CONFIRMED,John Conlan (Kildare politician),infobox: 1927 kildare,infobox: 1927 kildare,ei:1313,name:john conlan
34716,112725,John Cushnahan,1977-1987,1989-1999,CONFIRMED,John Cushnahan,infobox: 1981 belfast city council,body: 1989 ireland-european,34716 ; T541412711,ei:4189
104244,105907,John Dermot Campbell,1943-1943,1943-1943,CONFIRMED,John Dermot Campbell,text: 1943 carrick,text: 1943 carrick,13861516,6899216
103937,124732,John Dillon Nugent,1921-1925,1915-1915,CONFIRMED,John Dillon Nugent,infobox: 1925 armagh,infobox: 1915 dublin college green,11180764 ; 3423818,John Dillon Nugent|Irish Parliamentary ; wikipedia:John Dillon Nugent
104189,116931,John Fawcett Gordon,1929-1938,1921-1925,CONFIRMED,John Fawcett Gordon,infobox: 1938 carrick,infobox: 1925 antrim,1342044 ; 14801843 ; 4250865,16171941 ; 6644975
103838,104092,John Henry Collins,1925-1925,1929-1929,CONFIRMED,John Henry Collins,infobox: 1925 armagh,infobox: 1929 south down,10302597,12586309
125585,125659,John Henry North,1827-1830,1830-1831,CONFIRMED,John Henry North,text: 1830 dublin university,infobox: 1831 drogheda,John Henry North|,John Henry North| ; wikipedia:John Henry North
58368,105494,John Hume,1973-2001,1969-1969,CONFIRMED,John Hume,infobox: 1982 londonderry,infobox: 1969 foyle,58368,4194266
103393,113190,John Jinks,1927-1927,1927-1927,CONFIRMED,John Jinks (politician),infobox: 1927 leitrim sligo,infobox: 1927 leitrim sligo,name:john jinks,ei:1593
104169,105653,John Joseph Brennan,1965-1969,1962-1962,CONFIRMED,John Joseph Brennan,infobox: 1969 central belfast,text: 1962 belfast falls,13236466 ; 6015413,5068187
96043,106217,John Laird,1973-1975,1970-1970,CONFIRMED,"John Laird, Baron Laird",infobox: 1975 west belfast,body: 1970 parliament-of-northern-ireland,96043,9213428
103895,104518,John Martin Mark,1921-1925,1929-1933,CONFIRMED,John Martin Mark,infobox: 1925 londonderry,infobox: 1933 north londonderry,10828401 ; 9122007,16051003 ; 5500628
123352,123354,John McKean,1910-1910,1902-1910,CONFIRMED,John McKean (politician),infobox: 1910 south monaghan,infobox: 1910 south monaghan,John McKean|Ind. Nationalist,John McKean|Independent Nationalist ; John McKean|Irish Parliamentary ; wikipedia:John McKean (politician)
72539,104170,John McQuade,1973-1979,1965-1969,CONFIRMED,John McQuade,infobox: 1973 north belfast,infobox: 1969 belfast woodvale,72539,1324953 ; 14447508
80677,104040,John Taylor,1973-2003,1965-1969,CONFIRMED,"John Taylor, Baron Kilclooney",infobox: 1973 fermanagh and south tyrone,infobox: 1969 tyrone south,80677,12229787 ; 5955906
103819,103992,John William Nixon,1925-1925,1929-1949,CONFIRMED,John William Nixon,text: 1925 belfast north,infobox: 1949 belfast woodvale,10170067,11687267 ; 12216355 ; 14743791 ; 5319854 ; 8312677
112819,117722,Joseph Devlin,1921-1925,1918-1918,CONFIRMED,Joseph Devlin,infobox: 1925 west belfast,infobox: 1918 belfast falls,14959200 ; 5432234,ei:920
123005,123006,Joseph Francis Fox,1892-1895,1885-1886,CONFIRMED,Joseph Francis Fox,infobox: 1895 tullamore,infobox: 1886 tullamore,Joseph Francis Fox|Irish National Federation,Joseph Francis Fox|Irish Parliamentary
101963,113018,Joseph MacDonagh,1918-1921,1922-1922,CONFIRMED,Joseph MacDonagh,infobox: 1918 tipperary north,infobox: 1922 tipperary mid,ei:8655,name:joseph macdonagh
103426,113332,Joseph Whelehan,1921-1921,1922-1922,CONFIRMED,Joseph Whelehan,infobox: 1921 galway,infobox: 1922 galway,name:joseph whelehan,ei:6797
103429,113333,Justin McKenna,1922-1922,1921-1921,CONFIRMED,Justin McKenna,infobox: 1922 louth meath,infobox: 1921 louth meath,name:justin mckenna,ei:6802
89147,105500,Keith Buchanan,2016-2024,2014-2014,CONFIRMED,Keith Buchanan,infobox: 2024 ulster mid,text: 2014 mid ulster district council,89147,4200291738
101974,113025,Laurence Ginnell,1918-1921,1922-1922,CONFIRMED,Laurence Ginnell,infobox: 1921 longford westmeath,infobox: 1922 longford westmeath,ei:1091,name:laurence ginnell
101974,123382,Laurence Ginnell,1918-1921,1910-1910,CONFIRMED,Laurence Ginnell,infobox: 1921 longford westmeath,infobox: 1910 westmeath north,ei:1091,Laurence Ginnell|Ind. Nationalist
123015,123382,Laurence Ginnell,1900-1910,1910-1910,CONFIRMED,Laurence Ginnell,infobox: 1910 westmeath north,infobox: 1910 westmeath north,Laurence Ginnell|Independent Nationalist ; Laurence Ginnell|Irish Parliamentary ; wikipedia:Laurence Ginnell,Laurence Ginnell|Ind. Nationalist
1961,104174,Lawrence Orr,1970-1974,1950-1966,CONFIRMED,Lawrence Orr,infobox: 1974 south down,infobox: 1966 south down,1961,13301806 ; 14025898 ; 14749990 ; 15658732 ; 2348101 ; 6908078
57456,104967,Linda Dillon,2016-2022,2014-2014,CONFIRMED,Linda Dillon,infobox: 2022 ulster mid,infobox: 2014 mid ulster district council,57456,2735279120
30698,105712,Lloyd Hall-Thompson,1973-1975,1969-1969,CONFIRMED,Lloyd Hall-Thompson,infobox: 1975 north belfast,infobox: 1969 belfast clifton,30698,5455758
15924,104501,Maolíosa McHugh,2011-2019,2022-2022,CONFIRMED,Maolíosa McHugh,infobox: 2019 derry city and strabane district council,infobox: 2022 west tyrone,1628270158 ; T1628270158,15924
112115,112177,Margaret Pearse,1922-1922,1921-1921,CONFIRMED,Margaret Pearse,infobox: 1922 dublin county,infobox: 1921 dublin county,name:margaret pearse,ei:1838
16260,112730,Mark Durkan,1998-2017,1993-1997,CONFIRMED,Mark Durkan,infobox: 2017 foyle,infobox: 1997 derry city council,16260,T617903801
123019,123388,Mark MacDonnell,1892-1895,1900-1900,CONFIRMED,Mark MacDonnell,infobox: 1895 leix,infobox: 1900 leix,Mark MacDonnell|Irish National Federation,Mark MacDonnell|Irish Parliamentary
103510,122183,Michael Connolly,1927-1927,1927-1927,CONFIRMED,Michael Connolly (Irish politician),infobox: 1927 longford westmeath,infobox: 1927 longford westmeath,name:michael connolly,ei:9057
126541,126576,Michael Dunne,1852-1857,1859-1859,CONFIRMED,Michael Dunne (MP),infobox: 1857 queen s county,infobox: 1859 queen s county,Michael Dunne|Independent Irish ; Michael Dunne|Whig ; wikipedia:Michael Dunne (MP),Michael Dunne|Liberal
48923,105125,Michaela Boyle,2011-2017,2019-2019,CONFIRMED,Michaela Boyle,infobox: 2017 west tyrone,infobox: 2019 derry city and strabane district council,48923,3199958524
18136,113349,Michelle Gildernew,1997-2019,2024-2024,CONFIRMED,Michelle Gildernew,infobox: 2019 fermanagh and south tyrone,body: 2024 ireland-european,18136 ; T4256808729,ei:7949
56227,105862,Nat Minford,1951-1951,1953-1969,CONFIRMED,Nat Minford,infobox: 1951 antrim borough,infobox: 1969 antrim borough,2833040,6538314 ; 6759978 ; 83209 ; 9664305
105736,105862,Nat Minford,1973-1973,1953-1969,CONFIRMED,Nat Minford,infobox: 1973 south antrim,infobox: 1969 antrim borough,56227,6538314 ; 6759978 ; 83209 ; 9664305
95524,104664,Nichola Mallon,2016-2022,2011-2014,CONFIRMED,Nichola Mallon,infobox: 2022 north belfast,infobox: 2014 belfast city council,95524,1879052829 ; T1879052829
126512,127060,Nicholas Fitzsimon,1835-1837,1832-1832,CONFIRMED,Nicholas Fitzsimon,infobox: 1837 king s county,infobox: 1832 king s county,Nicholas Fitzsimon|Repeal ( Whig ),Nicholas Fitzsimon|Repeal
24471,105920,Paddy Devlin,1973-1985,1969-1969,CONFIRMED,Paddy Devlin,text: 1985 belfast city council,infobox: 1969 belfast falls,T1251314643,702233
84155,104955,Paddy O'Hanlon,1973-1975,1969-1969,CONFIRMED,Paddy O'Hanlon,infobox: 1975 armagh,infobox: 1969 south armagh,84155,2708807
88833,112724,Pat Doherty,1997-2015,1989-1997,CONFIRMED,Pat Doherty (Northern Ireland politician),infobox: 2015 west tyrone,text: 1997 donegal north east,88833,ei:4178
123041,123415,Patrick James Foley,1885-1886,1892-1892,CONFIRMED,Patrick James Foley,infobox: 1886 connemara,infobox: 1892 connemara,Patrick James Foley|Irish Parliamentary,Patrick James Foley|Irish National Federation
101240,113063,Patrick MacCarvill,1923-1948,1922-1922,CONFIRMED,Patrick MacCarvill,infobox: 1927 monaghan,infobox: 1922 monaghan,ei:1406,name:patrick maccarvill
100325,112165,Patrick McKenna,1927-1927,1923-1927,CONFIRMED,Patrick McKenna (Irish politician),infobox: 1927 longford westmeath,infobox: 1927 longford westmeath,name:patrick mckenna,ei:1363
100098,112597,Patrick O'Donnell,1951-1965,1969-1969,CONFIRMED,Patrick O'Donnell (Irish politician),infobox: 1965 donegal south west,infobox: 1969 donegal leitrim,ei:8567,name:patrick o donnell
23907,104840,Peter McReynolds,2014-2019,2022-2022,CONFIRMED,Peter McReynolds,text: 2019 belfast city council,text: 2022 belfast east,2978221762,23907
100770,112140,Peter Ward,1918-1922,1923-1923,CONFIRMED,Peter J. Ward,infobox: 1918 south donegal,infobox: 1923 donegal,ei:961,name:peter ward
27185,104275,Phelim O'Neill,1969-1969,1958-1965,CONFIRMED,"Phelim O'Neill, 2nd Baron Rathcavan",infobox: 1969 north antrim,infobox: 1965 north antrim,11845333,14086840 ; 1826072 ; 3041687
104034,104275,Phelim O'Neill,1952-1955,1958-1965,CONFIRMED,"Phelim O'Neill, 2nd Baron Rathcavan",infobox: 1955 north antrim,infobox: 1965 north antrim,12144714 ; 6581126,14086840 ; 1826072 ; 3041687
103994,104083,Philip James Woods,1925-1925,1923-1925,CONFIRMED,Philip James Woods,infobox: 1925 south belfast,infobox: 1925 west belfast,11760165,12512539 ; 12887811
102081,113074,Philip Shanahan,1918-1921,1922-1922,CONFIRMED,Philip Shanahan,infobox: 1918 dublin harbour,infobox: 1922 dublin mid,ei:980,name:philip shanahan
99812,102402,Phillip Brett,2014-2019,2022-2024,CONFIRMED,Phillip Brett,text: 2019 antrim and newtownabbey borough council,text: 2024 north belfast,182306166,99812
94073,103944,Rafton Pounder,1970-1974,1963-1966,CONFIRMED,Rafton Pounder,infobox: 1974 south belfast,infobox: 1966 south belfast,94073,11233074 ; 13463730 ; 1370252
104080,104931,Richard Byrne,1921-1921,1929-1938,CONFIRMED,Richard Byrne (politician),text: 1921 belfast west,infobox: 1938 belfast falls,12492056,2636501 ; 5953918 ; 8862739
123048,126669,Richard Lalor,1885-1886,1880-1880,CONFIRMED,Richard Lalor,infobox: 1886 leix,infobox: 1880 queen s county,Richard Lalor|Irish Parliamentary,Richard Lalor|Parnellite Home Rule League ; wikipedia:Richard Lalor
101259,113080,Richard Wilson,1923-1927,1922-1922,CONFIRMED,Richard Wilson (Irish politician),infobox: 1927 wicklow,infobox: 1922 kildare wicklow,ei:1464,name:richard wilson
4639,105191,Richie McPhillips,2016-2017,2014-2014,CONFIRMED,Richie McPhillips,infobox: 2017 fermanagh and south tyrone,infobox: 2014 fermanagh and omagh district council,4639,3337902806
11892,105096,Robbie Butler,2016-2024,2014-2014,CONFIRMED,Robbie Butler,infobox: 2024 lagan valley,infobox: 2014 lisburn and castlereagh council,11892,3113488210
103652,113364,Robert Childers,1922-1922,1921-1921,CONFIRMED,Erskine Childers (author),infobox: 1922 kildare wicklow,infobox: 1921 kildare wicklow,name:robert childers,ei:8760
103976,116942,Robert Crawford,1921-1925,1929-1933,CONFIRMED,Robert Crawford (Antrim politician),text: 1921 antrim,infobox: 1933 mid antrim,11541683 ; 15553757,16656544 ; 9974681
104063,104502,Robert Getgood,1943-1943,1945-1949,CONFIRMED,Robert Getgood,text: 1943 antrim,infobox: 1949 belfast oldpark,12394690,15924540 ; 6639168
104434,117414,Robert Harcourt,1950-1953,1949-1949,CONFIRMED,Robert Harcourt (unionist politician),infobox: 1953 belfast woodvale,text: 1949 south down,15354974 ; 4710146,7570056
9619,106260,Robert James Mitchell,1969-1969,1973-1973,CONFIRMED,Robert James Mitchell,infobox: 1969 north armagh,infobox: 1973 armagh,14317041,9619
104129,112808,Robert Lynn,1922-1924,1929-1945,CONFIRMED,Robert Lynn (Northern Ireland politician),infobox: 1924 west belfast,infobox: 1945 north antrim,1212466 ; 3954959 ; 6697452,12951654 ; 166348 ; 3634391 ; 7178058
104129,117726,Robert Lynn,1922-1924,1918-1918,CONFIRMED,Robert Lynn (Northern Ireland politician),infobox: 1924 west belfast,infobox: 1918 belfast woodvale,1212466 ; 3954959 ; 6697452,ei:938
103933,105241,Robert McBride,1929-1929,1921-1925,CONFIRMED,Robert McBride (politician),infobox: 1929 west down,infobox: 1925 down,11120928,3521026 ; 7346720
104917,105613,Robert Porter,1966-1966,1969-1969,CONFIRMED,Robert Porter (Northern Ireland politician),infobox: 1966 queen s university of belfast,infobox: 1969 lagan valley,2602849,4746906
110541,127172,Robert Woods,1918-1918,1917-1917,CONFIRMED,Robert Woods (surgeon),infobox: 1918 dublin university,infobox: 1917 dublin university,name:robert woods,Robert Woods|Irish Unionist ; wikipedia:Robert Woods (surgeon)
15892,104105,Robin Chichester-Clark,1955-1955,1959-1970,CONFIRMED,Robin Chichester-Clark,infobox: 1955 londonderry,infobox: 1970 londonderry,10129368,12710340 ; 15892 ; 2581572 ; 8095630
104348,105055,Rowley Elliott,1925-1925,1929-1938,CONFIRMED,Rowley Elliott,infobox: 1925 fermanagh and tyrone,infobox: 1938 tyrone south,14642528,3014994 ; 6332411 ; 9241232
56314,103961,Roy Bradford,1973-1975,1965-1969,CONFIRMED,Roy Bradford,infobox: 1975 east belfast,infobox: 1969 belfast victoria,56314,11403758 ; 7749097
74137,105537,Sammy Douglas,2011-2016,2023-2023,CONFIRMED,Sammy Douglas,infobox: 2016 east belfast,infobox: 2023 belfast city council,74137,4292697551
104305,112821,Samuel McGuffin,1929-1929,1921-1921,CONFIRMED,Samuel McGuffin,infobox: 1929 belfast shankill,infobox: 1921 north belfast,14308542,15555505
112821,113381,Samuel McGuffin,1921-1921,1918-1918,CONFIRMED,Samuel McGuffin,infobox: 1921 north belfast,infobox: 1918 belfast shankill,15555505,ei:932
113086,113339,Seamus Doyle,1922-1922,1921-1921,CONFIRMED,Séamus Doyle,infobox: 1922 wexford,infobox: 1921 wexford,name:seamus doyle,ei:6814
103688,113331,Sean Hales,1922-1922,1921-1921,CONFIRMED,Seán Hales,infobox: 1922 cork mid,infobox: 1921 cork mid,name:sean hales,ei:6794
102104,113089,Seán Etchingham,1918-1921,1922-1922,CONFIRMED,Seán Etchingham,infobox: 1918 east wicklow,infobox: 1922 wexford,ei:6815,name:sean etchingham
100343,111144,Seán Hayes,1922-1922,1918-1921,CONFIRMED,Seán Hayes (Cork politician),infobox: 1922 cork mid,infobox: 1918 west cork,name:sean hayes,ei:1660
103694,113359,Seán MacSwiney,1922-1922,1921-1921,CONFIRMED,Seán MacSwiney,infobox: 1922 cork mid,infobox: 1921 cork mid,name:sean macswiney,ei:8641
103697,113311,Seán Nolan,1922-1922,1921-1921,CONFIRMED,Seán Nolan,infobox: 1922 cork mid,infobox: 1921 cork mid,name:sean nolan,ei:529
104567,113115,Seán O'Mahony,1921-1921,1918-1918,CONFIRMED,Seán O'Mahony,infobox: 1921 fermanagh and tyrone,infobox: 1918 south fermanagh,16507898,ei:1008
34145,104099,Sinéad Ennis,2017-2022,2014-2014,CONFIRMED,Sinéad Ennis,infobox: 2022 south down,text: 2014 newry mourne and down district council,34145,1263018517
40156,105418,Sinéad McLaughlin,2019-2019,2022-2022,CONFIRMED,Sinéad McLaughlin,text: 2019 derry city and strabane district council,infobox: 2022 foyle,2931931841,40156
124208,125019,Sir Richard Nagle,1835-1837,1832-1832,CONFIRMED,"Sir Richard Nagle, 2nd Baronet",infobox: 1837 westmeath,infobox: 1832 westmeath,Sir Richard Nagle|Repeal ( Whig ),Sir Richard Nagle|Repeal
47592,104015,Stanley McMaster,1970-1974,1959-1966,CONFIRMED,Stanley McMaster,infobox: 1974 east belfast,infobox: 1966 east belfast,47592,11940301 ; 16540977 ; 9353663 ; 9537713
110722,123060,Stephen Gwynn,1918-1918,1906-1910,CONFIRMED,Stephen Gwynn,text: 1918 dublin university,infobox: 1906 galway borough,name:stephen gwynn,Stephen Gwynn|Irish Parliamentary ; wikipedia:Stephen Gwynn
116636,125048,Thomas Harbison,1921-1925,1918-1918,CONFIRMED,Thomas Harbison,infobox: 1925 fermanagh and tyrone,infobox: 1918 tyrone east,16270185 ; 2674499,Thomas Harbison|Irish Parliamentary ; wikipedia:Thomas Harbison
104372,125058,Thomas McConnell,1922-1924,1921-1921,CONFIRMED,Thomas McConnell,infobox: 1924 north belfast,infobox: 1921 belfast duncairn,14882991 ; 5487364 ; 7501402,Thomas McConnell|UUP
103890,112809,Thomas Moles,1922-1924,1929-1933,CONFIRMED,Thomas Moles,infobox: 1924 south belfast,infobox: 1933 belfast ballynafeigh,10792955 ; 3129969 ; 6961462,1305900 ; 2762207
112806,117723,Thomas Moles,1921-1925,1918-1918,CONFIRMED,Thomas Moles,infobox: 1925 south belfast,infobox: 1918 belfast ormeau,12307517 ; 2780551,ei:922
104383,117725,Thompson Donald,1921-1925,1918-1918,CONFIRMED,Thompson Donald,infobox: 1925 east belfast,infobox: 1918 belfast victoria,149305 ; 1855699,ei:935
103882,104438,Tom Boyd,1953-1965,1949-1949,CONFIRMED,Tom Boyd (Northern Ireland politician),text: 1953 belfast pottinger,text: 1949 belfast bloomfield,10708585 ; 163060 ; 16718612 ; 3067387,15362777
65292,104770,Tom Gormley,1969-1969,1962-1965,CONFIRMED,Tom Gormley (politician),infobox: 1969 tyrone mid,infobox: 1965 tyrone mid,12892574,2159471 ; 6608724
65292,105861,Tom Gormley,1969-1969,1973-1973,CONFIRMED,Tom Gormley (politician),infobox: 1969 tyrone mid,body: 1973 northern-ireland-assembly,12892574,65292
105861,117630,Tom Gormley,1973-1973,1973-1973,CONFIRMED,Tom Gormley (politician),body: 1973 northern-ireland-assembly,text: 1973 strabane district council,65292,T1645483392
110870,113296,Tom Moffatt,2002-2002,1992-1992,CONFIRMED,Tom Moffatt,infobox: 2002 mayo,infobox: 1992 mayo east,name:tom moffatt,ei:4071
103824,103848,Tommy Henderson,1938-1938,1929-1933,CONFIRMED,Tommy Henderson,infobox: 1938 belfast shankill,infobox: 1933 belfast shankill,10233388,10411782 ; 16314135
103848,117331,Tommy Henderson,1929-1933,1925-1925,CONFIRMED,Tommy Henderson,infobox: 1933 belfast shankill,infobox: 1925 north belfast,10411782 ; 16314135,6224939
100797,125090,Vincent White,1922-1922,1918-1918,CONFIRMED,Vincent White (politician),infobox: 1922 waterford tipperary east,text: 1918 waterford city,name:vincent white,Vincent White|Sinn Féin ; wikipedia:Vincent White (politician)
104001,117439,Vivian Simpson,1958-1969,1973-1973,CONFIRMED,Vivian Simpson (politician),infobox: 1969 belfast oldpark,text: 1973 belfast north,11825342 ; 2353743 ; 2826799 ; 8334900,79112
125096,126085,Walter Blackney,1832-1832,1831-1831,CONFIRMED,Walter Blackney,text: 1832 county carlow,text: 1831 county carlow,Walter Blackney|Repeal,Walter Blackney| ; wikipedia:Walter Blackney
75337,106022,Walter Scott,1969-1969,1961-1965,CONFIRMED,Walter Scott (Northern Ireland politician),infobox: 1969 belfast bloomfield,infobox: 1965 belfast bloomfield,12177164,7773151 ; 7914094 ; 9063542
75337,105988,Walter Scott,1969-1969,1973-1973,CONFIRMED,Walter Scott (Northern Ireland politician),infobox: 1969 belfast bloomfield,body: 1973 northern-ireland-assembly,12177164,75337
105669,117520,Walter Smiles,1950-1951,1945-1945,CONFIRMED,Walter Smiles,infobox: 1951 north down,infobox: 1945 down,5169290 ; 7911783,9030301
123519,123520,William Archibald Macdonald,1895-1895,1886-1886,CONFIRMED,William Archibald Macdonald,text: 1895 ossory,text: 1886 ossory,William Archibald Macdonald|Independent Nationalist,William Archibald Macdonald|Irish Parliamentary
100531,104128,William Beattie,1970-1983,1969-1970,CONFIRMED,William Beattie (politician),infobox: 1982 south antrim,infobox: 1970 south antrim,96686,12941585 ; 4740958
95853,103924,William Craig,1974-1982,1960-1969,CONFIRMED,William Craig (Northern Ireland politician),infobox: 1982 east belfast,infobox: 1969 larne,95853,11064416 ; 13952222 ; 157665 ; 6702552
103782,113117,William Duffy,1927-1927,1918-1918,CONFIRMED,William Duffy (politician),infobox: 1927 galway,infobox: 1918 south galway,name:william duffy,ei:1017
103907,103982,William Grant,1921-1925,1929-1949,CONFIRMED,William Grant (Northern Ireland politician),infobox: 1925 north belfast,infobox: 1949 belfast duncairn,10921626 ; 4403064,11586643 ; 12158936 ; 15245957 ; 4094799 ; 657679
103810,104120,William James Morgan,1959-1969,1949-1958,CONFIRMED,William James Morgan,infobox: 1969 belfast clifton,infobox: 1958 belfast oldpark,10062239 ; 3576997 ; 3628392 ; 7540061,12816775 ; 14287880 ; 5775896
110965,125139,William Jellett,1918-1918,1919-1919,CONFIRMED,William Jellett,infobox: 1918 dublin university,infobox: 1919 dublin university,name:william jellett,William Jellett|Irish Unionist ; wikipedia:William Jellett
104471,104570,William McConnell Wilton,1933-1933,1938-1938,CONFIRMED,William McConnell Wilton,text: 1933 belfast oldpark,text: 1938 belfast clifton,15635653,16524922
110981,122762,William O'Malley,1918-1918,1900-1910,CONFIRMED,William O'Malley (politician),infobox: 1918 galway connemara,infobox: 1910 connemara,ei:1012,William O'Malley|Irish Parliamentary
122762,123138,William O'Malley,1900-1910,1895-1895,CONFIRMED,William O'Malley (politician),infobox: 1910 connemara,infobox: 1895 connemara,William O'Malley|Irish Parliamentary,William O'Malley|Irish National Federation
104175,104523,William Thomas Miller,1929-1929,1921-1925,CONFIRMED,William Thomas Miller,infobox: 1929 tyrone north,infobox: 1925 fermanagh and tyrone,13311503,16124431 ; 6132697
103816,106024,William Wellwood,1951-1951,1951-1951,CONFIRMED,William Wellwood,text: 1951 londonderry,text: 1951 londonderry,10122471,7780602
112853,112875,Éamon de Valera,1921-1921,1925-1925,CONFIRMED,Éamon de Valera,infobox: 1921 down,infobox: 1925 down,3556008,5706574
112875,112902,Éamon de Valera,1925-1925,1933-1933,CONFIRMED,Éamon de Valera,infobox: 1925 down,infobox: 1933 south down,5706574,9933115
100343,111213,Seán Hayes,1922-1922,1927-1943,DISTINCT,Seán Hayes (Cork politician) / Seán Hayes (Tipperary politician),,,name:sean hayes,ei:8550
100106,122761,William O'Brien,1922-1938,1883-1914,DISTINCT,William O'Brien (Irish nationalist politician) / William O'Brien (trade unionist),,,name:william o brien,William O'Brien|All-for-Ireland ; William O'Brien|Irish National Federation ; William O'Brien|Irish Parliamentary ; wikipedia:William O'Brien (Irish nationalist politician)
126999,127045,James Stronge,1865-1868,1864-1864,NO-CANDIDACIES,,,,"James Stronge|Conservative ; wikipedia:Sir James Stronge, 3rd Baronet",James Stronge|Conservative
123947,124853,Luke White,1832-1837,1841-1841,NO-CANDIDACIES,,,,Luke White|Repeal ; Luke White|Repeal ( Whig ) ; wikipedia:Luke White (of Rathcline),Luke White|Repeal
122859,125293,Patrick Guiney,1910-1910,1910-1910,NO-CANDIDACIES,,,,Patrick Guiney|All-for-Ireland ; wikipedia:Patrick Guiney,Patrick Guiney|All-for-Ireland
59262,121009,Alan Robinson,2005-2019,1999-1999,ONE-SIDE,Alan Robinson (Northern Irish politician),covered,,3062095250 ; T3062095250,ei:4551
103900,104199,Albert McElroy,1962-1962,1964-1964,ONE-SIDE,Albert McElroy,,covered,1084494,13502329
103978,115460,Albert McElroy,1950-1951,1945-1945,ONE-SIDE,Albert McElroy,covered,,11559578 ; 4614531,8997035
103978,116540,Albert McElroy,1950-1951,1958-1958,ONE-SIDE,Albert McElroy,covered,,11559578 ; 4614531,9680341
114362,117626,Albert McElroy,1965-1965,1973-1973,ONE-SIDE,Albert McElroy,covered,,8114285,T1510992131
8169,107229,Anne Dickson,1973-1979,1981-1981,ONE-SIDE,Anne Dickson,covered,,8169,T2512479543
101355,122268,Billy Hutchinson,1997-2023,1991-1991,ONE-SIDE,Billy Hutchinson,covered,,2974469339 ; T2974469339,ei:9260
101813,119344,Brendan Kenneally,1992-2011,1991-1991,ONE-SIDE,Brendan Kenneally,covered,,ei:3841,name:brendan kenneally
58286,105771,Brian McRoberts,1962-1962,1970-1970,ONE-SIDE,Brian McRoberts,,covered,14160294,58286
101816,119349,Caroline Conroy,2016-2024,2014-2014,ONE-SIDE,Caroline Conroy,covered,,ei:10293,name:caroline conroy
69340,104328,Charles Poots,1973-1993,1969-1969,ONE-SIDE,Charles Poots,covered,,T4158011558,14467206
101095,112632,Daniel McCarthy,1922-1922,1923-1923,ONE-SIDE,Daniel McCarthy (politician),covered,,name:daniel mccarthy,ei:8875
58835,117305,David Campbell,1973-1989,1998-1998,ONE-SIDE,"David Campbell (Northern Ireland politician, born 1965)",,covered,T2966745542,58835
124464,125733,Dominick Ronayne,1832-1832,1830-1830,ONE-SIDE,Dominick Ronayne,covered,,Dominick Ronayne|Repeal,Dominick Ronayne|
83992,105792,Eamonn McCann,1970-2017,1969-1969,ONE-SIDE,Eamonn McCann,covered,,83992 ; T904303577,5951598
8355,117098,Eddie McAteer,1953-1973,1945-1949,ONE-SIDE,Eddie McAteer,covered,,125309 ; 12844946 ; 2901916 ; 5789722 ; 8355 ; 8772381,3445707 ; 3630967
17395,105948,Eddie McGrady,1973-2005,1969-1969,ONE-SIDE,Eddie McGrady,covered,,17395,7196055
122746,123206,Edmund Haviland-Burke,1900-1910,1892-1900,ONE-SIDE,Edmund Haviland-Burke,,covered,Edmund Haviland-Burke|Irish Parliamentary,Edmund Haviland-Burke|Irish National League ; Edmund Haviland-Burke|Irish Parliamentary ; Edmund Haviland-Burke|Parnellite Nationalist ; wikipedia:Edmund Haviland-Burke
123209,124479,Edward Charles Thompson,1900-1900,1900-1900,ONE-SIDE,Edward Charles Thompson,,covered,Edward Charles Thompson|Independent Nationalist,Edward Charles Thompson|Irish Parliamentary ; wikipedia:Edward Charles Thompson
104155,104510,Edward George Richardson,1962-1969,1958-1958,ONE-SIDE,Edward George Richardson,,covered,13113552 ; 2407650 ; 9140395,15995403
123906,124482,Edward Gibson,1875-1880,1874-1874,ONE-SIDE,"Edward Gibson, 1st Baron Ashbourne",covered,,"Edward Gibson|Irish Conservative ; wikipedia:Edward Gibson, 1st Baron Ashbourne",Edward Gibson|Conservative
124062,124497,Edward Ruthven,1835-1837,1832-1832,ONE-SIDE,Edward Ruthven,,covered,Edward Ruthven|Repeal ( Whig ),Edward Ruthven|Repeal
22454,106238,Elisha McCallion,2017-2019,2014-2014,ONE-SIDE,Elisha McCallion,covered,,22454,939849714
122945,122946,Eugene Crean,1900-1910,1892-1895,ONE-SIDE,Eugene Crean,,covered,Eugene Crean|All-for-Ireland ; Eugene Crean|Irish Parliamentary ; wikipedia:Eugene Crean,Eugene Crean|Irish National Federation
105416,112860,Frank Aiken,1923-1969,1921-1921,ONE-SIDE,Frank Aiken,covered,,ei:1374,4009572
116416,117502,Frank Hanna,1949-1953,1946-1946,ONE-SIDE,Frank Hanna (politician),,covered,3360265 ; 8029070,8764901
123836,125574,George Alexander Hamilton,1832-1857,1826-1830,ONE-SIDE,George Alexander Hamilton,covered,,George Alexander Hamilton|Conservative ; George Alexander Hamilton|Irish Conservative ; George Hamilton|Irish Conservative ; wikipedia:George Alexander Hamilton,George Alexander Hamilton|
103991,117065,George Forrest,1959-1966,1958-1958,ONE-SIDE,George Forrest (Northern Ireland politician),covered,,11680102 ; 14340792 ; 14567224,3183143
117065,117487,George Forrest,1958-1958,1956-1956,ONE-SIDE,George Forrest (Northern Ireland politician),,covered,3183143,8566548
104313,113189,George Henderson,1929-1929,1927-1927,ONE-SIDE,George Henderson (Northern Ireland politician),covered,,14366289,ei:1590
112889,113189,George Henderson,1925-1925,1927-1927,ONE-SIDE,George Henderson (Northern Ireland politician),covered,,8027700,ei:1590
112100,120865,Gerry O'Sullivan,1992-1992,1991-1991,ONE-SIDE,Gerry O'Sullivan,covered,,name:gerry o sullivan,ei:3588
112100,122187,Gerry O'Sullivan,1992-1992,1999-1999,ONE-SIDE,Gerry O'Sullivan,covered,,name:gerry o sullivan,ei:9088
105847,115175,Harry Midgley,1945-1945,1941-1941,ONE-SIDE,Harry Midgley,,covered,14219199,2823972
114077,117341,Harry Midgley,1923-1923,1921-1921,ONE-SIDE,Harry Midgley,covered,,15288423,6389502
52703,104025,Henry Clark,1959-1959,1964-1970,ONE-SIDE,Henry Clark (Northern Irish politician),covered,,10785508,12067940 ; 52703 ; 775710
104221,104413,Henry Holmes,1953-1958,1945-1945,ONE-SIDE,Henry Holmes (Northern Ireland politician),,covered,13639984 ; 3075597,1523188
102957,103814,Hugh Wilson,1973-1981,1969-1969,ONE-SIDE,Hugh Wilson (Northern Ireland politician),covered,,T4250765782,10102313
103807,103950,Isaac Hawthorne,1955-1965,1949-1949,ONE-SIDE,Isaac George Hawthorne,covered,,10043334 ; 14329390 ; 8348233 ; 8821289,11298309
9350,108487,Ivan Cooper,1973-1975,1977-1977,ONE-SIDE,Ivan Cooper,covered,,9350,T834342795
99944,104354,Jack Beattie,1953-1953,1938-1949,ONE-SIDE,Jack Beattie,,covered,12305370 ; 5466601,14734423 ; 1616521 ; 7242579
104230,106000,James Augustine Duff,1929-1929,1921-1925,ONE-SIDE,James Augustine Duff,,covered,1371276,7632201 ; 9045787
116621,117702,James Baird,1921-1921,1923-1923,ONE-SIDE,James Baird (trade unionist),,covered,2305573,ei:1445
102205,104512,James Brown,1945-1946,1938-1938,ONE-SIDE,James Brown (Northern Ireland politician),covered,,16446479,16010384
122966,124108,James Campbell,1895-1895,1898-1916,ONE-SIDE,"James Campbell, 1st Baron Glenavy",,covered,James Campbell|Irish Unionist Alliance,"James Campbell|Irish Unionist ; James Campbell|Irish Unionist Alliance ; James Henry Mussen Campbell|Irish Unionist Alliance ; wikipedia:James Campbell, 1st Baron Glenavy"
112868,117693,James Cooper,1921-1925,1918-1918,ONE-SIDE,James Cooper (Northern Ireland politician),covered,,5017717 ; 6431303,ei:1009
101909,103043,James Gallagher,1961-1969,1973-1977,ONE-SIDE,James Gallagher (Irish politician),covered,,ei:2720,T884250712
45975,103850,James Hamilton,1973-1977,1964-1970,ONE-SIDE,"James Hamilton, 5th Duke of Abercorn",,covered,T1303374921,104373 ; 16689159 ; 45975
105923,117578,James Morrow,1945-1949,1951-1951,ONE-SIDE,James Morrow (trade unionist),,covered,7036278 ; 7221538,9863973
116629,120950,James O'Reilly,1948-1948,1943-1943,ONE-SIDE,James O'Reilly (Irish politician),covered,,7284710,ei:438
104682,117250,James Pringle,1922-1924,1929-1929,ONE-SIDE,James Pringle (Northern Ireland politician),,covered,1936258 ; 4243613 ; 6550968,5172519
124699,125786,James Roe,1832-1832,1826-1826,ONE-SIDE,James Roe (Irish politician),covered,,James Roe|Repeal,James Roe|
124116,125788,James Talbot,1832-1835,1830-1831,ONE-SIDE,"James Talbot, 4th Baron Talbot of Malahide",covered,,"James Talbot|Whig ; wikipedia:James Talbot, 4th Baron Talbot of Malahide",James Talbot|
9951,118642,Joe Byrne,1993-2011,2014-2019,ONE-SIDE,Joe Byrne (Northern Ireland politician),covered,,9951 ; T1730752042,ei:10737
112884,122060,John Barry,2003-2003,2004-2004,ONE-SIDE,John Barry (Green Party politician),covered,,67956,ei:8709
96241,117707,John Blair,1989-2024,1979-1979,ONE-SIDE,John Blair (Northern Ireland politician),covered,,558993494 ; 96241 ; T558993494,ei:3251
106570,112906,John Connor,1991-2004,1989-1989,ONE-SIDE,John Connor (Irish politician),covered,,ei:780,T1381653507
8133,106248,John Ferguson,1973-1975,1965-1965,ONE-SIDE,John Ferguson (Northern Ireland politician),covered,,8133 ; T2922136301,9487069
100300,111863,John Lynch,1951-1957,1959-1959,ONE-SIDE,John Lynch (Kerry politician),covered,,ei:8626,810707
349,104503,John Maginnis,1970-1975,1959-1966,ONE-SIDE,John Maginnis,covered,,349,15928689 ; 466059 ; 9807601
103984,104538,John Milne Barbour,1929-1949,1921-1925,ONE-SIDE,Milne Barbour,covered,,1161348 ; 2345254 ; 3883460 ; 598687 ; 9514384,16261672 ; 8504726
112113,120933,Johnny Fox,1992-1992,1991-1991,ONE-SIDE,Johnny Fox,covered,,name:johnny fox,ei:4107
69762,105853,Jonathan Buckley,2017-2024,2014-2014,ONE-SIDE,Jonathan Buckley,covered,,69762,645766274
108422,113286,Joseph Farrell,1973-1973,1973-1973,ONE-SIDE,Joseph Farrell (politician),,covered,T718240291,ei:3056
41302,106293,Joshua Cardwell,1973-1981,1969-1969,ONE-SIDE,Joss Cardwell,,covered,T678185933,9824963
103446,123764,Laurence O'Neill,1922-1922,1927-1927,ONE-SIDE,Laurence O'Neill,covered,,name:laurence o neill,ei:9087
100313,112754,Michael D. Higgins,1969-2011,2018-2018,ONE-SIDE,Michael D. Higgins,covered,,ei:3234,name:michael d higgins
124011,126188,Michael O'Loghlen,1835-1835,1831-1831,ONE-SIDE,Michael O'Loghlen,covered,,Michael O'Loghlen|Whig ; wikipedia:Michael O'Loghlen,Michael O'Loghlen|
47137,105608,Nick Mathison,2019-2019,2022-2022,ONE-SIDE,Nick Mathison,,covered,2843007082,47137
20432,112903,Paddy Kennedy,1973-1973,1969-1969,ONE-SIDE,Paddy Kennedy (politician),,covered,20432,9955552
102056,113057,Patrick Curran,1932-1933,1927-1927,ONE-SIDE,Patrick Curran (politician),covered,,ei:1544,name:patrick curran
103603,117701,Patrick O'Neill,1929-1933,1923-1923,ONE-SIDE,Patrick O'Neill (politician),covered,,11052896 ; 2424713,ei:1331
61770,117634,Paula Bradshaw,2010-2022,2005-2005,ONE-SIDE,Paula Bradshaw,covered,,1933361316 ; 61770,T1933361316
100228,101251,Peter Fitzpatrick,1985-2011,2011-2020,ONE-SIDE,Peter Fitzpatrick,,covered,T1686887649,ei:5608
27185,117029,Phelim O'Neill,1969-1969,1970-1970,ONE-SIDE,"Phelim O'Neill, 2nd Baron Rathcavan",covered,,11845333,27185
103855,103994,Philip James Woods,1929-1929,1925-1925,ONE-SIDE,Philip James Woods,,covered,10476447,11760165
124938,124939,Richard Handcock,1837-1837,1826-1832,ONE-SIDE,"Richard Handcock, 3rd Baron Castlemaine",,covered,Richard Handcock|Conservative,"Richard Handcock| ; Richard Handcock|Tory ; wikipedia:Richard Handcock, 3rd Baron Castlemaine"
104020,117617,Roderick O'Connor,1949-1969,1973-1973,ONE-SIDE,Roderick O'Connor (politician),covered,,12020911 ; 15964287 ; 3160863 ; 5399900 ; 6276598 ; 6815524,T1008409360
38454,102661,Russell Watton,2014-2023,2005-2011,ONE-SIDE,Russell Watton,covered,,2528179311,T2528179311
104618,105460,Sam Kyle,1929-1929,1925-1925,ONE-SIDE,Sam Kyle,,covered,1734619,4122319
104091,104577,Samuel Cunningham,1943-1945,1955-1966,ONE-SIDE,Knox Cunningham,,covered,12573171 ; 6482802,16617270 ; 1854092 ; 3145312 ; 7173388
107159,112913,Seán Flanagan,1951-1984,1989-1989,ONE-SIDE,Seán Flanagan,covered,,ei:2439,T2383610734
112766,112823,Seán MacEntee,1927-1927,1921-1921,ONE-SIDE,Seán MacEntee,covered,,name:sean macentee,16282952
79426,104924,Sheelagh Murnaghan,1959-1959,1961-1962,ONE-SIDE,Sheelagh Murnaghan,,covered,10735995,262009 ; 496239
103946,104924,Sheelagh Murnaghan,1966-1966,1961-1962,ONE-SIDE,Sheelagh Murnaghan,,covered,11255766,262009 ; 496239
104987,117444,Sheelagh Murnaghan,1969-1969,1973-1973,ONE-SIDE,Sheelagh Murnaghan,,covered,2805845,79426
56488,104778,Susan-Anne White,2015-2017,2014-2014,ONE-SIDE,Susan-Anne White,,covered,56488,2184910660
103866,103953,Thomas Bailie,1945-1949,1941-1941,ONE-SIDE,Thomas Bailie,,covered,10569978 ; 1135518,11316657
103866,117576,Thomas Bailie,1945-1949,1953-1953,ONE-SIDE,Thomas Bailie,,covered,10569978 ; 1135518,9841753
102131,114431,Thomas Falvey,1927-1927,1933-1933,ONE-SIDE,Thomas Falvey,covered,,ei:1487,name:thomas falvey
113101,123747,Thomas Kelly,1922-1922,1927-1927,ONE-SIDE,Thomas Kelly (Sinn Féin politician),covered,,name:thomas kelly,ei:4364
105604,117718,Thomas Teevan,1950-1951,1948-1948,ONE-SIDE,Thomas Teevan (Unionist politician),covered,,4693865 ; 862372,ei:8519
104770,105682,Tom Gormley,1962-1965,1958-1958,ONE-SIDE,Tom Gormley (politician),covered,,2159471 ; 6608724,5277583
70328,117375,Trevor Clarke,2007-2022,2022-2022,ONE-SIDE,Trevor Clarke (politician),covered,,70328,70329
79112,104001,Vivian Simpson,1953-1953,1958-1969,ONE-SIDE,Vivian Simpson (politician),,covered,1178480,11825342 ; 2353743 ; 2826799 ; 8334900
112814,125104,William Allen,1922-1922,1917-1917,ONE-SIDE,William Allen (Armagh MP),,covered,14595558,William Allen|Irish Unionist ; wikipedia:William Allen (Armagh MP)
103924,116901,William Craig,1960-1969,1958-1958,ONE-SIDE,William Craig (Northern Ireland politician),covered,,11064416 ; 13952222 ; 157665 ; 6702552,15462010
33340,102295,William Martin,1985-2005,1973-1982,ONE-SIDE,Martin Smyth,,covered,T2035506218,33340
123871,127090,William Monsell,1847-1871,1837-1837,ONE-SIDE,"William Monsell, 1st Baron Emly",covered,,"William Monsell|Liberal ; William Monsell|Peelite ; wikipedia:William Monsell, 1st Baron Emly",William Monsell|Conservative
125149,126437,William Morris Reade,1835-1841,1830-1830,ONE-SIDE,William Morris Reade,covered,,William Morris Reade|Conservative ; wikipedia:William Morris Reade,William Morris Reade|
125158,125159,William Roche,1835-1837,1832-1832,ONE-SIDE,William Roche (Irish politician),,covered,William Roche|Repeal ( Whig ),William Roche|Repeal
123991,125930,William Sharman Crawford,1832-1852,1831-1831,ONE-SIDE,William Sharman Crawford,covered,,William Sharman Crawford|Radical ; wikipedia:William Sharman Crawford,William Sharman Crawford|
123098,123993,William Wentworth Fitzwilliam Dick,1885-1886,1852-1880,ONE-SIDE,William Wentworth FitzWilliam Dick,,covered,William Wentworth Fitzwilliam Dick|Conservative,William Wentworth FitzWilliam Dick|Conservative ; William Wentworth FitzWilliam Hume|Conservative ; wikipedia:William Wentworth FitzWilliam Dick
104213,105781,A. Adams,1921-1921,1929-1929,UNRESOLVED,,,,13577255,5884351
103900,116540,Albert McElroy,1962-1962,1958-1958,UNRESOLVED,,,,1084494,9680341
108658,120947,Ann Crowley,2002-2002,1999-1999,UNRESOLVED,,,,name:ann crowley,ei:4359
104855,105187,Ann-Marie Fitzgerald,2019-2019,2014-2014,UNRESOLVED,,,,2418164784,3326464861
38623,112857,Anthony Flynn,2019-2023,2017-2017,UNRESOLVED,,,,984448544,38623
112733,112857,Anthony Flynn,2005-2011,2017-2017,UNRESOLVED,,,,T984448544,38623
105144,113373,Archibald Savage,1921-1921,1918-1918,UNRESOLVED,,,,3240552,ei:916
123160,123161,Arthur St George Patton,1885-1885,1892-1892,UNRESOLVED,,,,Arthur St George Patton|Irish Loyal and Patriotic Union,Arthur St George Patton|Liberal Unionist
124377,124378,Bartholomew McCorkell,1872-1872,1874-1874,UNRESOLVED,,,,Bartholomew McCorkell|Irish Conservative,Bartholomew McCorkell|Liberal
3525,116793,Billy Boyd,1973-2001,1969-1969,UNRESOLVED,,,,T3141425358,10976135
103805,116793,Billy Boyd,1953-1969,1969-1969,UNRESOLVED,,,,10038947 ; 10073461 ; 14555395 ; 15771010 ; 4629816 ; 7797440,10976135
103897,105838,Billy McMullen,1929-1929,1925-1925,UNRESOLVED,,,,10834599,6254424
39107,105383,Billy Walker,2014-2014,2011-2011,UNRESOLVED,,,,1494533676,39107
31939,102280,Billy Webb,2011-2023,2010-2011,UNRESOLVED,,,,3295834765 ; T3295834765,31939
25276,104332,Bob Kidd,1973-1982,1962-1965,UNRESOLVED,,,,25276,14491999 ; 6038642
102268,113344,Brian Collins,2014-2019,2007-2009,UNRESOLVED,,,,2980489199,ei:7258
46735,117219,Brian Hanvey,2001-2014,1998-1998,UNRESOLVED,,,,2071427429 ; T2071427429,46735
48332,105286,Brian Higginson,2015-2016,2023-2023,UNRESOLVED,,,,48332,3642915759
82202,117699,Carol Gallagher,2022-2023,2024-2024,UNRESOLVED,,,,1165454574 ; 82202,ei:12560
24954,104875,Caroline Wheeler,2019-2019,2019-2019,UNRESOLVED,,,,2302081327,24954
105896,108824,Cathal King,2023-2023,2004-2014,UNRESOLVED,,,,676227085,ei:861
60882,106115,Charlie Chittick,2017-2017,2014-2014,UNRESOLVED,,,,60882,850468942
119352,119811,Christian Hayden,2014-2014,2014-2014,UNRESOLVED,,,,name:christian hayden,ei:10717
103155,113139,Ciarán McCarthy,2024-2024,2019-2024,UNRESOLVED,,,,name:ciaran mccarthy,ei:11635
126444,126518,Col. Thomas Bernard,1802-1832,1841-1852,UNRESOLVED,,,,Col. Thomas Bernard| ; Thomas Bernard| ; Thomas Bernard|Tory ; wikipedia:Thomas Bernard (Irish politician),Thomas Bernard|Conservative
16033,107440,Colin Breen,2014-2023,2011-2011,UNRESOLVED,,,,2881912743,T2881912743
104516,107440,Colin Breen,2011-2011,2011-2011,UNRESOLVED,,,,16033,T2881912743
9668,106266,Colin McCusker,2014-2014,2011-2011,UNRESOLVED,,,,4233914177,9668
93611,104157,Conor Campbell,2016-2017,2019-2019,UNRESOLVED,,,,93611,1314532787
32904,105170,Conor Quinn,2014-2014,2011-2011,UNRESOLVED,,,,2472878761,32904
79633,106019,Corey French,2016-2017,2019-2019,UNRESOLVED,,,,79633,775243812
103170,119353,Cormac McKay,2016-2016,2014-2014,UNRESOLVED,,,,ei:10295,name:cormac mckay
25596,118047,David Collins,1997-2000,2004-2024,UNRESOLVED,,,,25596 ; T2704312965,ei:6232
112907,112960,David Hall,2005-2005,2014-2014,UNRESOLVED,,,,T1774008423,ei:10488
104379,106104,David Johnston,1929-1929,1929-1929,UNRESOLVED,,,,14916571,8463448
107320,118167,David Kennedy,2005-2005,2014-2024,UNRESOLVED,,,,T2638896163,ei:11690
57494,104919,David McMaster,2016-2017,2014-2014,UNRESOLVED,,,,57494,261007732
53893,113345,David Murphy,2011-2011,2011-2011,UNRESOLVED,,,,53893,ei:7491
100668,112778,Denis Healy,1927-1927,1927-1944,UNRESOLVED,,,,name:denis healy,ei:1489
124460,125732,Denis Maguire,1832-1832,1831-1831,UNRESOLVED,,,,Denis Maguire|Whig,Denis Maguire|
105751,113380,Dermot Barnes,1921-1921,1918-1918,UNRESOLVED,,,,5721581,ei:931
104871,112835,Donal Lyons,1991-2009,2019-2023,UNRESOLVED,,,,ei:388,2482792222 ; 3706620718
100001,107911,Donal O'Cofaigh,2014-2023,2011-2011,UNRESOLVED,,,,3685270777,T3685270777
101859,119358,Dr Bill Tormey,1992-2011,2014-2014,UNRESOLVED,,,,ei:3633,name:dr bill tormey
119359,121865,Dr Lucille Ryan O'Shea,1999-1999,2004-2004,UNRESOLVED,,,,name:dr lucille ryan o shea,ei:689
547,105715,Duncan Morrow,2014-2014,2016-2016,UNRESOLVED,,,,3648868855,547
125738,127026,Edmund McDonnell,1830-1830,1832-1832,UNRESOLVED,,,,Edmund McDonnell|,Edmund McDonnell|Tory
105192,113241,Edward Bell,1958-1958,1948-1948,UNRESOLVED,,,,3339033,ei:2344
105192,112891,Edward Bell,1958-1958,1964-1964,UNRESOLVED,,,,3339033,8178644
103808,104437,Edward Brown,1950-1950,1955-1955,UNRESOLVED,,,,10051413,15360324
123209,124478,Edward Charles Thompson,1900-1900,1898-1898,UNRESOLVED,,,,Edward Charles Thompson|Independent Nationalist,Edward Charles Thompson|Ind. Unionist
123210,123211,Edward Charles Thompson,1892-1892,1895-1895,UNRESOLVED,,,,Edward Charles Thompson|Irish Unionist Alliance,Edward Charles Thompson|Liberal Unionist
123211,124478,Edward Charles Thompson,1895-1895,1898-1898,UNRESOLVED,,,,Edward Charles Thompson|Liberal Unionist,Edward Charles Thompson|Ind. Unionist
11211,104298,Eleanor Bailey,2017-2017,2023-2023,UNRESOLVED,,,,11211,1426206249
19080,105000,Ellen Murray,2016-2017,2019-2019,UNRESOLVED,,,,19080,2859046381
109211,113292,Ernie Caffrey,2002-2002,1992-1999,UNRESOLVED,,,,name:ernie caffrey,ei:3828
104407,104575,F. G. Patterson,1949-1949,1949-1949,UNRESOLVED,,,,1518911,16563128
103263,118166,Finian Toomey,2024-2024,2019-2024,UNRESOLVED,,,,name:finian toomey,ei:11618
123798,125741,Fitzstephen French,1832-1868,1830-1830,UNRESOLVED,,,,Fitzstephen French|Independent Irish ; Fitzstephen French|Liberal ; Fitzstephen French|Whig ; wikipedia:Fitzstephen French,Fitzstephen French|
2811,104003,Fra Hughes,2015-2016,2014-2014,UNRESOLVED,,,,2811,1183557209
124069,124408,Francis Brodigan,1859-1868,1857-1859,UNRESOLVED,,,,Francis Brodigan|Liberal,Charles Marmaduke Middleton|Liberal-Conservative ; Francis Brodigan|Independent Irish ; wikipedia:Drogheda (UK Parliament constituency)
103958,103977,Francis McGlade,1964-1964,1955-1959,UNRESOLVED,,,,11370670,11554720 ; 13957308
124525,124526,Francis William Brady,1859-1859,1857-1857,UNRESOLVED,,,,Francis William Brady|Liberal,Francis William Brady|Whig
103997,116416,Frank Hanna,1958-1962,1949-1953,UNRESOLVED,,,,1177433 ; 2393048,3360265 ; 8029070
26988,104719,Frank Shivers,2016-2017,2019-2019,UNRESOLVED,,,,26988,2017894988
50863,105177,Frazer McCammond,1993-2005,2014-2014,UNRESOLVED,,,,T3311170621,3311170621
105177,105657,Frazer McCammond,2014-2014,2016-2016,UNRESOLVED,,,,3311170621,50863
104007,104484,Féin,2014-2014,2014-2014,UNRESOLVED,,,,1186157040,1578255703
104484,104715,Féin,2014-2014,2014-2014,UNRESOLVED,,,,1578255703,2005532986
75374,105989,Gareth Martin,2014-2014,2016-2016,UNRESOLVED,,,,1852180235,75374
17371,105243,Gavan Reynolds,2017-2017,2019-2019,UNRESOLVED,,,,17371,3522911590
100003,104982,Gavin Malone,2022-2022,2019-2019,UNRESOLVED,,,,100003,279145609
100554,113289,George Jones,1973-1989,1991-2009,UNRESOLVED,,,,T1328837179,ei:3415
122953,123241,George Tottenham,1885-1886,1895-1895,UNRESOLVED,,,,George Tottenham|Conservative,George Tottenham|Irish Unionist Alliance
123241,124578,George Tottenham,1895-1895,1895-1895,UNRESOLVED,,,,George Tottenham|Irish Unionist Alliance,George Tottenham|Irish Unionist
103301,119368,Gerry Breen,1999-2011,2014-2014,UNRESOLVED,,,,ei:209,name:gerry breen
103306,113127,Gerry O'Boyle,2014-2014,2016-2016,UNRESOLVED,,,,name:gerry o boyle,ei:10892
124588,124589,Gustavus Lambert,1835-1835,1832-1832,UNRESOLVED,,,,Gustavus Lambert|Conservative,Gustavus Lambert|Tory
124590,125592,Gustavus Rochfort,1832-1832,1826-1831,UNRESOLVED,,,,Gustavus Rochfort|Tory,Gustavus Rochfort| ; Lt Col. Gustavus Rochfort| ; hop:1820-1832/member/rochfort-gustavus-1784-1848
124591,127034,Hamilton Francis Chichester,1832-1832,1842-1842,UNRESOLVED,,,,Hamilton Francis Chichester|Whig,Hamilton Francis Chichester|Conservative
104023,104127,Harry Diamond,1945-1949,1953-1969,UNRESOLVED,,,,12049942 ; 15079626,12896794 ; 14112409 ; 2971215 ; 6138839 ; 8380346
123244,123245,Harry Hutchinson Augustus Stewart,1886-1886,1885-1885,UNRESOLVED,,,,Harry Hutchinson Augustus Stewart|Conservative,Harry Hutchinson Augustus Stewart|Irish Loyal and Patriotic Union
104047,116255,Harry Midgley,1949-1953,1945-1945,UNRESOLVED,,,,12301907 ; 14181136,5370287
105847,116255,Harry Midgley,1945-1945,1945-1945,UNRESOLVED,,,,14219199,5370287
14529,104780,Harry Toan,2003-2011,2014-2014,UNRESOLVED,,,,14529,2192988236
14529,107047,Harry Toan,2003-2011,2001-2001,UNRESOLVED,,,,14529,T2192988236
124133,124763,Hugh Brabazon Higgins,1837-1852,1832-1832,UNRESOLVED,,,,Hugh Brabazon Higgins|Whig ; John Humphreys|Conservative ; wikipedia:Tyrone (UK Parliament constituency),John Humphreys|Tory
123260,124633,Hugh Holmes,1885-1885,1885-1885,UNRESOLVED,,,,Hugh Holmes|Conservative,Hugh Holmes|Irish Conservative
123261,124633,Hugh Holmes,1886-1886,1885-1885,UNRESOLVED,,,,Hugh Holmes|Irish Unionist Alliance ; wikipedia:Hugh Holmes,Hugh Holmes|Irish Conservative
123261,124634,Hugh Holmes,1886-1886,1886-1886,UNRESOLVED,,,,Hugh Holmes|Irish Unionist Alliance ; wikipedia:Hugh Holmes,Hugh Holmes|Irish Unionist
104509,104876,Hugh Pollock,1929-1933,1921-1925,UNRESOLVED,,,,15987134 ; 4030335,249619 ; 7499869
109432,120419,Imelda Daly,2024-2024,2024-2024,UNRESOLVED,,,,name:imelda daly,ei:12082
104621,105311,Ireland,2019-2019,2014-2014,UNRESOLVED,,,,1736325255,3713068486
104621,104667,Ireland,2019-2019,2019-2019,UNRESOLVED,,,,1736325255,1887547068
104637,105181,Ireland,2014-2014,2014-2014,UNRESOLVED,,,,1792821867,3319019087
104667,105083,Ireland,2019-2019,2019-2019,UNRESOLVED,,,,1887547068,3074483928
105083,109434,Ireland,2019-2019,2023-2023,UNRESOLVED,,,,3074483928,name:ireland
105181,105311,Ireland,2014-2014,2014-2014,UNRESOLVED,,,,3319019087,3713068486
35472,105249,Ivanka Antova,2019-2019,2017-2017,UNRESOLVED,,,,19916241,35472
59925,105799,Jack Hassard,1965-1965,1973-1973,UNRESOLVED,,,,14295158,59925
105799,108164,Jack Hassard,1973-1973,1977-1977,UNRESOLVED,,,,59925,T4129809044
101709,115562,James Craig,1973-1977,1969-1969,UNRESOLVED,,,,T3941250872,6654258
106389,118005,James Daly,1989-1989,1999-2014,UNRESOLVED,,,,T1094161014,ei:5790
101910,112996,James Gilligan,1923-1927,1927-1927,UNRESOLVED,,,,ei:1326,name:james gilligan
103334,114445,James Higgins,1927-1927,1927-1927,UNRESOLVED,,,,name:james higgins,ei:1622
16778,122410,James Hope,2019-2022,2009-2009,UNRESOLVED,,,,16778,ei:9445
112074,122052,James Kelly,2001-2001,1999-1999,UNRESOLVED,,,,T397050914,ei:8667
123298,123299,James Mackay Wilson,1885-1885,1892-1892,UNRESOLVED,,,,James Mackay Wilson|Conservative,James Mackay Wilson|Irish Unionist Alliance
96729,117706,James Malone,1977-2014,1969-1969,UNRESOLVED,,,,1829640184 ; T1829640184,ei:2957
105692,105923,James Morrow,1945-1945,1945-1949,UNRESOLVED,,,,5345264,7036278 ; 7221538
104809,106010,James Simpson,2016-2016,2014-2014,UNRESOLVED,,,,2290,770428874
100402,121854,James Walsh,1977-1997,2004-2004,UNRESOLVED,,,,T3965334583,ei:6697
105854,107128,Jason Docherty,2003-2003,2001-2001,UNRESOLVED,,,,64655,T2317475028
123318,123319,Jeremiah Blake,1900-1900,1895-1895,UNRESOLVED,,,,Jeremiah Blake|Healyite Nationalist,Jeremiah Blake|Irish National League
100841,121916,Jim Murphy,1973-1985,1991-1991,UNRESOLVED,,,,T127539305,ei:7556
102601,122017,Jim Patterson,1993-1997,1991-1991,UNRESOLVED,,,,T2183752442,ei:8501
43193,105542,Joe O'Neill,2011-2019,2007-2007,UNRESOLVED,,,,3063357773 ; T3063357773,43193
124711,124712,John Bagwell,1835-1835,1832-1832,UNRESOLVED,,,,John Bagwell|Conservative,John Bagwell|Tory
67956,112849,John Barry,2005-2011,2014-2014,UNRESOLVED,,,,T3137524868,3137524868
67956,122060,John Barry,2005-2011,2004-2004,UNRESOLVED,,,,T3137524868,ei:8709
124714,125789,John Bateman,1837-1837,1830-1830,UNRESOLVED,,,,John Bateman|Conservative,John Bateman|
102198,117263,John Beattie,1945-1955,1943-1943,UNRESOLVED,,,,14479334 ; 1533611 ; 15650137 ; 8705090,5365104
103369,113188,John Bergin,1922-1922,1927-1927,UNRESOLVED,,,,name:john bergin,ei:1588
105938,106281,John Blakiston-Houston,1945-1945,1935-1935,UNRESOLVED,,,,7123516,9740174
48461,112801,John Brennan,1948-1957,1959-1959,UNRESOLVED,,,,ei:8936,10670310
101056,119462,John Campbell,1997-2011,2014-2014,UNRESOLVED,,,,T927671869,ei:10116
123928,126972,John Collum,1851-1859,1865-1868,UNRESOLVED,,,,John Collum|Conservative,John Collum|Liberal
107257,119195,John Cunningham,1981-1981,1991-1991,UNRESOLVED,,,,T2557367489,ei:8907
124295,125686,John D'Arcy,1835-1835,1830-1830,UNRESOLVED,,,,John D'Arcy|Conservative,John D'Arcy|
82766,112897,John Doherty,2017-2017,2019-2019,UNRESOLVED,,,,82766,921041590
82766,113363,John Doherty,2017-2017,2007-2007,UNRESOLVED,,,,82766,ei:8751
100170,126763,John Dolan,1981-2005,2009-2014,UNRESOLVED,,,,T2630489685,ei:9218
103381,113147,John Donohoe,2024-2024,2020-2020,UNRESOLVED,,,,name:john donohoe,ei:11887
112108,112584,John Dwyer,2011-2011,2002-2002,UNRESOLVED,,,,name:john dwyer,ei:7760
46203,122631,John Feely,2014-2023,2009-2009,UNRESOLVED,,,,46203 ; 501956932,ei:9831
111135,122528,John Kelly,2014-2014,2009-2009,UNRESOLVED,,,,name:john kelly,ei:9656
109688,119439,John Kidd,2014-2014,2014-2014,UNRESOLVED,,,,name:john kidd,ei:10018
106067,111863,John Lynch,1964-1964,1959-1959,UNRESOLVED,,,,6236865,810707
86423,124778,John Magennis,1927-1927,1917-1917,UNRESOLVED,,,,ei:1482,John Magennis|Irish Parliamentary
102234,113014,John McDermott,2018-2023,2014-2014,UNRESOLVED,,,,2331622464,name:john mcdermott
76195,105878,John McDowell,1959-1959,1964-1964,UNRESOLVED,,,,15941829,6645475
123350,124783,John McGillycuddy,1892-1892,1896-1896,UNRESOLVED,,,,John McGillycuddy|Irish Unionist Alliance,John McGillycuddy|Irish Unionist
100225,120619,John McNamee,1997-2023,2024-2024,UNRESOLVED,,,,1434613185 ; T1434613185,ei:12306
113014,113324,John Mcdermott,2014-2014,2011-2011,UNRESOLVED,,,,name:john mcdermott,ei:6394
100898,121337,John Monaghan,1973-1989,1991-1991,UNRESOLVED,,,,T2119123120,ei:5528
100907,117924,John Mulholland,1973-1985,1991-2009,UNRESOLVED,,,,T2224808004,ei:389
108386,112645,John Murphy,1985-1985,1992-1992,UNRESOLVED,,,,T651054538,ei:9082
105532,118496,John O'Hare,2019-2019,2009-2019,UNRESOLVED,,,,4283396706,ei:9576
101953,112162,John O'Neill,1927-1927,1923-1924,UNRESOLVED,,,,name:john o neill,ei:1307
102427,119129,John O'Neill,1985-1989,1991-1999,UNRESOLVED,,,,T1078436428,ei:6783
107127,119750,John Reilly,1997-1997,2004-2004,UNRESOLVED,,,,T2314840509,ei:10619
124804,125803,John Rowe,1832-1832,1830-1830,UNRESOLVED,,,,John Rowe|Tory,John Rowe|
57620,106002,John Stevenson,2010-2010,2014-2014,UNRESOLVED,,,,57620,765089193
124816,124817,John Thomas Hinds,1875-1875,1868-1868,UNRESOLVED,,,,John Thomas Hinds|Home Rule,John Thomas Hinds|Liberal
107218,121958,John Walsh,1993-1993,1991-1991,UNRESOLVED,,,,T2485303504,ei:7754
123372,123373,John ffolliott,1885-1885,1892-1892,UNRESOLVED,,,,John ffolliott|Conservative,John ffolliott|Irish Unionist Alliance
112114,112541,Joseph Brennan,1957-1957,1961-1961,UNRESOLVED,,,,name:joseph brennan,ei:4938
103898,117705,Joseph Campbell,1955-1959,1954-1954,UNRESOLVED,,,,10838565 ; 9387321,ei:2521
104096,112639,Joseph Connolly,1921-1921,1918-1918,UNRESOLVED,,,,12610136,ei:903
103858,117270,Joseph Devlin,1929-1931,1921-1921,UNRESOLVED,,,,1051398 ; 2459405,5426654
107990,112921,Joseph Mooney,1943-1973,1977-1977,UNRESOLVED,,,,ei:2079,T3817384989
117918,119382,Josie Conneely,1999-2014,2019-2019,UNRESOLVED,,,,ei:345,name:josie conneely
104877,105650,Judith Rosenfield,1962-1962,1964-1964,UNRESOLVED,,,,2497266,5048392
37687,105327,Karl Bennett,2019-2019,2022-2022,UNRESOLVED,,,,2467288327,37687
64430,107700,Kevin McNally,2014-2014,2011-2011,UNRESOLVED,,,,3331636165,T3331636165
105852,107700,Kevin McNally,2011-2011,2011-2011,UNRESOLVED,,,,64430,T3331636165
107090,121665,Kevin O'Hare,2011-2011,2004-2004,UNRESOLVED,,,,T225314622,ei:6156
84748,106107,Kieran Maxwell,2019-2019,2017-2017,UNRESOLVED,,,,756739159,84748
43937,105558,Kyle Savage,2019-2023,2016-2016,UNRESOLVED,,,,825095131,43937
103962,103988,L. T. O'Kane,1965-1965,1969-1969,UNRESOLVED,,,,11422090,11627263
39588,113316,Liam Johnston,2001-2011,2011-2011,UNRESOLVED,,,,39588 ; T528826080,ei:5730
119387,120954,Linda O'Shea Farren,2014-2014,2019-2019,UNRESOLVED,,,,name:linda o shea farren,ei:4421
119389,122146,Louise Minihan,2014-2014,2009-2009,UNRESOLVED,,,,name:louise minihan,ei:8969
119390,119587,Marcin Czechowicz,2014-2014,2019-2019,UNRESOLVED,,,,name:marcin czechowicz,ei:10348
105130,117654,Margaret Anne McKillop,2014-2023,2011-2011,UNRESOLVED,,,,3219319994 ; 535878283,T3219319994
68475,105904,Maria Lourenço,2019-2019,2016-2016,UNRESOLVED,,,,3981253860,68475
109976,120358,Martin Condon,2024-2024,2024-2024,UNRESOLVED,,,,name:martin condon,ei:11815
73344,108035,Martin Gregg,2014-2023,2011-2011,UNRESOLVED,,,,3887643862,T3887643862
102372,108035,Martin Gregg,2007-2011,2011-2011,UNRESOLVED,,,,73344,T3887643862
33545,113313,Martin Kelly,2015-2016,2011-2011,UNRESOLVED,,,,100016,ei:5513
33545,112846,Martin Kelly,2015-2016,2019-2019,UNRESOLVED,,,,100016,3081032812
112846,112851,Martin Kelly,2019-2019,2019-2019,UNRESOLVED,,,,3081032812,33545
104142,106222,Martin McBirney,1969-1969,1965-1965,UNRESOLVED,,,,13055093,9269164
40503,105429,Martyn Todd,2019-2019,2015-2015,UNRESOLVED,,,,1273365878,40503
22658,112794,Mary Daly,1997-1998,1992-1997,UNRESOLVED,,,,22658,ei:3991
112911,120815,Mary White,1997-1997,2004-2004,UNRESOLVED,,,,T2070152991,ei:308
125834,126042,Mathew Forde,1830-1830,1821-1821,UNRESOLVED,,,,Mathew Forde|,Mathew Forde| ; wikipedia:Mathew Forde
124860,125596,Mathew Pennefather,1835-1835,1830-1831,UNRESOLVED,,,,Mathew Pennefather|Conservative,Mathew Pennefather| ; hop:1820-1832/member/pennefather-matthew-1784-1858
103497,113125,Maura Hopkins,2014-2014,2014-2016,UNRESOLVED,,,,name:maura hopkins,ei:10766
111142,119394,Michael Brennan,1997-2007,1991-1991,UNRESOLVED,,,,ei:1421,name:michael brennan
101725,112582,Michael Browne,1997-2005,2011-2011,UNRESOLVED,,,,T4136905223,ei:7743
104563,113382,Michael Carolan,1921-1921,1918-1918,UNRESOLVED,,,,16460354,ei:934
102546,112795,Michael Clarke,1981-1985,1991-2024,UNRESOLVED,,,,T1755265452,ei:5468
105645,105957,Michael Collins,2019-2023,2017-2017,UNRESOLVED,,,,2761266390,50272
107154,118738,Michael Conlon,1985-1985,1991-1999,UNRESOLVED,,,,T2373366339,ei:1652
124874,127057,Michael Finucane,1835-1835,1832-1832,UNRESOLVED,,,,Michael Finucane|Conservative,Michael Finucane|Tory
125836,126043,Michael George Prendergast,1818-1818,1820-1820,UNRESOLVED,,,,Michael George Prendergast|,Michael George Prendergast| ; wikipedia:Michael Prendergast (MP)
110091,119398,Michael Gleeson,1997-2019,1991-1991,UNRESOLVED,,,,ei:3015,name:michael gleeson
12035,118798,Michael Healy,1981-1997,1999-2004,UNRESOLVED,,,,12035 ; T1433285956,ei:3760
101402,122253,Michael Kennedy,1992-1998,1991-1991,UNRESOLVED,,,,78445,ei:9242
102673,119137,Michael Lynch,2011-2014,1999-2004,UNRESOLVED,,,,2599735161 ; T2599735161,ei:699
108076,113273,Michael McShane,1993-1993,1969-1991,UNRESOLVED,,,,T3982827722,ei:2879
46823,112046,Michael Murphy,1951-1973,1973-1973,UNRESOLVED,,,,ei:1876,T2393830621
103526,123725,Michael O'Mullane,1927-1927,1923-1923,UNRESOLVED,,,,name:michael o mullane,ei:1469
100938,121995,Michael O'Neill,1973-1989,1991-1991,UNRESOLVED,,,,T2801813058,ei:8366
112557,119402,Michael O'Sullivan,2011-2011,2014-2019,UNRESOLVED,,,,ei:6000,name:michael o sullivan
101219,111169,Michael Smyth,1927-1927,1923-1927,UNRESOLVED,,,,name:michael smyth,ei:334
19991,119945,Michael Watters,2016-2016,2019-2019,UNRESOLVED,,,,19991,ei:11233
26719,104772,Mickey Coogan,2010-2011,2014-2014,UNRESOLVED,,,,26719,2167083694
80293,106060,Naomi Bailie,2014-2014,2011-2011,UNRESOLVED,,,,436583066,80293
101464,120154,Neil Armstrong,2001-2011,2019-2019,UNRESOLVED,,,,T146430902,ei:11503
110234,119404,Noel Bennett,2011-2011,2014-2014,UNRESOLVED,,,,ei:6944,name:noel bennett
108312,118772,Noel Kennedy,2011-2011,1999-2004,UNRESOLVED,,,,T542696194,ei:30
102663,119531,Noel Maguire,2011-2014,2014-2014,UNRESOLVED,,,,2536720408 ; T2536720408,ei:10251
7460,105981,Nuala Toman,2014-2014,2017-2017,UNRESOLVED,,,,2864123835,7460
102040,119409,Oliver Moran,2014-2024,2024-2024,UNRESOLVED,,,,ei:10215,name:oliver moran
88236,106157,Orla Beattie,2011-2019,2007-2007,UNRESOLVED,,,,1941783552 ; T1941783552,88236
110275,119410,Owen Martin,2004-2009,2014-2014,UNRESOLVED,,,,ei:4982,name:owen martin
107699,113287,Paddy Gallagher,2001-2001,1992-1992,UNRESOLVED,,,,T3330971280,ei:3221
100614,101377,Paddy Lynn,1993-2011,2014-2023,UNRESOLVED,,,,T3887294329,3887294329
103913,103938,Party,2014-2014,2014-2014,UNRESOLVED,,,,1095705866,1118443049
103938,103943,Party,2014-2014,2014-2014,UNRESOLVED,,,,1118443049,1122855962
103943,104078,Party,2014-2014,2014-2014,UNRESOLVED,,,,1122855962,1248561268
103987,117690,Party,2019-2019,2014-2014,UNRESOLVED,,,,1162716191,name:party
103987,104027,Party,2019-2019,2019-2019,UNRESOLVED,,,,1162716191,1210166142
104027,104035,Party,2019-2019,2019-2019,UNRESOLVED,,,,1210166142,1215270263
104035,104256,Party,2019-2019,2019-2019,UNRESOLVED,,,,1215270263,1396637813
104078,104273,Party,2014-2014,2014-2014,UNRESOLVED,,,,1248561268,1407590701
104256,104589,Party,2019-2019,2019-2019,UNRESOLVED,,,,1396637813,1669932576
104273,104598,Party,2014-2014,2014-2014,UNRESOLVED,,,,1407590701,1676651428
104589,104728,Party,2019-2019,2019-2019,UNRESOLVED,,,,1669932576,2037638240
104598,104717,Party,2014-2014,2014-2014,UNRESOLVED,,,,1676651428,2016912945
104717,104746,Party,2014-2014,2014-2019,UNRESOLVED,,,,2016912945,2097177719 ; 3726074818
104728,104787,Party,2019-2019,2019-2019,UNRESOLVED,,,,2037638240,2211206138
104787,104843,Party,2019-2019,2019-2019,UNRESOLVED,,,,2211206138,2393825577
104818,104862,Party,2014-2014,2014-2014,UNRESOLVED,,,,2313942859,2442045875
104843,105301,Party,2019-2019,2019-2019,UNRESOLVED,,,,2393825577,2865165391
104862,104872,Party,2014-2014,2014-2019,UNRESOLVED,,,,2442045875,248745875 ; 2670978434
105301,105325,Party,2019-2019,2019-2019,UNRESOLVED,,,,2865165391,2878883825
105325,105376,Party,2019-2019,2019-2019,UNRESOLVED,,,,2878883825,3152110691
105376,105434,Party,2019-2019,2019-2019,UNRESOLVED,,,,3152110691,3215679580
105402,105587,Party,2014-2014,2014-2014,UNRESOLVED,,,,3179902919,3500591708
105434,105480,Party,2019-2019,2019-2019,UNRESOLVED,,,,3215679580,3238821678
105480,105502,Party,2019-2019,2019-2019,UNRESOLVED,,,,3238821678,3257103599
105502,105737,Party,2019-2019,2019-2019,UNRESOLVED,,,,3257103599,3502447071
105587,110302,Party,2014-2014,2014-2014,UNRESOLVED,,,,3500591708,3654209875
105737,114428,Party,2019-2019,2019-2019,UNRESOLVED,,,,3502447071,3970853783
110302,111699,Party,2014-2014,2014-2014,UNRESOLVED,,,,3654209875,3689006369
111699,112121,Party,2014-2014,2014-2014,UNRESOLVED,,,,3689006369,375919585
112121,114019,Party,2014-2014,2014-2014,UNRESOLVED,,,,375919585,3902015938
114019,114153,Party,2014-2014,2014-2014,UNRESOLVED,,,,3902015938,3908149615
114153,115251,Party,2014-2014,2014-2014,UNRESOLVED,,,,3908149615,4059545342
114428,115117,Party,2019-2019,2019-2019,UNRESOLVED,,,,3970853783,4058284259
115117,116606,Party,2019-2019,2019-2019,UNRESOLVED,,,,4058284259,45983032
115251,115524,Party,2014-2014,2014-2019,UNRESOLVED,,,,4059545342,4167042036 ; 647289425
116197,116331,Party,2014-2014,2014-2014,UNRESOLVED,,,,4206013394,438763416
116331,117417,Party,2014-2014,2014-2014,UNRESOLVED,,,,438763416,761967322
116606,117283,Party,2019-2019,2019-2019,UNRESOLVED,,,,45983032,562615319
117283,119299,Party,2019-2019,2019-2019,UNRESOLVED,,,,562615319,2814877304
117417,117690,Party,2014-2014,2014-2014,UNRESOLVED,,,,761967322,name:party
98946,117855,Pat Treanor,1998-1998,2004-2024,UNRESOLVED,,,,98946,ei:6387
19176,104064,Patrick Clarke,2017-2022,2011-2014,UNRESOLVED,,,,19176,1239812013 ; T1239812013
102968,121328,Patrick Conway,1977-1981,1991-1991,UNRESOLVED,,,,T439279932,ei:5519
26409,112601,Patrick Doherty,1973-1985,1992-1992,UNRESOLVED,,,,26409 ; T194256468,ei:8596
105278,105602,Patrick Maxwell,1953-1953,1937-1949,UNRESOLVED,,,,3626296,4682199 ; 6428075 ; 9104515 ; 950909
102949,111123,Patrick Murphy,1957-1969,1973-1985,UNRESOLVED,,,,ei:9076,T4213296981
102596,113305,Patrick Quinn,1977-1989,1999-2002,UNRESOLVED,,,,T216441615,ei:4714
27479,119112,Paul Bell,2022-2022,2009-2014,UNRESOLVED,,,,27479,ei:6518
102877,113365,Paul Coleman,2011-2014,2007-2007,UNRESOLVED,,,,385843502 ; T385843502,ei:8771
94835,106246,Paul Veronica,2019-2019,2022-2022,UNRESOLVED,,,,2103183749,94835
123423,123424,Peter Craven Westenra,1886-1886,1895-1895,UNRESOLVED,,,,Peter Craven Westenra|Conservative,Peter Craven Westenra|Irish Unionist Alliance
102797,119657,Peter Kearney,2005-2011,2014-2014,UNRESOLVED,,,,T3365985691,ei:10469
124122,124921,Peter Tait,1858-1868,1874-1874,UNRESOLVED,,,,John Ball|Whig ; Peter Tait|Liberal-Conservative ; wikipedia:Limerick City (UK Parliament constituency),Peter Tait|Home Rule
124179,125844,Philip Cecil Crampton,1832-1834,1831-1831,UNRESOLVED,,,,Philip Cecil Crampton|Whig ; wikipedia:Philip Cecil Crampton,Philip Cecil Crampton|
28437,105118,Philip Randle,2019-2019,2023-2023,UNRESOLVED,,,,28437,3168775504
102084,113075,Professor Arthur Conway,1918-1918,1922-1922,UNRESOLVED,,,,ei:1061,name:professor arthur conway
16964,105264,Pádraigín Mervyn,2017-2017,2019-2019,UNRESOLVED,,,,16964,3578077431
110480,120432,Rachel Hurley Roche,2024-2024,2024-2024,UNRESOLVED,,,,name:rachel hurley roche,ei:12101
123428,123429,Raymond de la Poer,1885-1885,1892-1892,UNRESOLVED,,,,Raymond de la Poer|Conservative,Raymond de la Poer|Irish Unionist Alliance
84765,106294,Richard Moore,1970-1970,1966-1966,UNRESOLVED,,,,84765,9831798
124950,124951,Richard Sullivan,1835-1835,1832-1832,UNRESOLVED,,,,Richard Sullivan|Repeal ( Whig ),Richard Sullivan|Repeal
2092,104426,Ricky Bamford,2017-2017,2019-2019,UNRESOLVED,,,,2092,1529760318
123052,123440,Robert Ashworth Godolphin Cosby,1880-1886,1892-1892,UNRESOLVED,,,,Robert Ashworth Godolphin Cosby|Conservative,Robert Ashworth Godolphin Cosby|Irish Unionist Alliance
103650,113184,Robert Brennan,1927-1927,1927-1927,UNRESOLVED,,,,name:robert brennan,ei:1550
47167,104237,Robert Campbell,1973-1981,1969-1969,UNRESOLVED,,,,T3703045753,13792898
85527,106122,Robert Foster,2019-2023,2017-2017,UNRESOLVED,,,,2138809756,85527
115213,116293,Robert Hill,1933-1933,1938-1938,UNRESOLVED,,,,4120814,5746803
105297,105882,Robert McBrinn,1945-1945,1951-1951,UNRESOLVED,,,,3672849,6665806
106167,106235,Robert Nathaniel Boyd,1929-1929,1938-1938,UNRESOLVED,,,,8904063,937941
104166,104211,Robert O'Neill,1922-1945,1950-1951,UNRESOLVED,,,,13221127 ; 14215893 ; 14675435 ; 16664967 ; 2345604 ; 5329902 ; 8238518,13569028 ; 14959925
124982,125601,Robert Power,1832-1832,1807-1831,UNRESOLVED,,,,Robert Power|Whig,Robert Power| ; hop:1820-1832/member/power-robert-1793-1842
84442,103860,Roy Ferguson,2016-2017,2011-2014,UNRESOLVED,,,,84442,1052163931 ; T1052163931
125603,125649,Rt Hon. Isaac Corry,1806-1807,1801-1802,UNRESOLVED,,,,Rt Hon. Isaac Corry|,Rt Hon. Isaac Corry| ; wikipedia:Isaac Corry
102330,108132,Ruth Wilson,2014-2019,2011-2011,UNRESOLVED,,,,4082242099,T4082242099
104042,106124,Sam Napier,1949-1949,1953-1953,UNRESOLVED,,,,12249012,8555577
125003,125870,Samuel Dickson,1832-1832,1830-1830,UNRESOLVED,,,,Samuel Dickson|Repeal,Samuel Dickson|
123468,123469,Samuel Robert Keightley,1910-1910,1903-1906,UNRESOLVED,,,,Samuel Robert Keightley|Liberal,Samuel Robert Keightley|Russellite Unionist
101740,113347,Seamus O'Brien,1997-2005,2011-2011,UNRESOLVED,,,,T444652989,ei:7765
103674,113338,Seamus Robinson,1922-1922,1921-1921,UNRESOLVED,,,,name:seamus robinson,ei:6813
112913,122047,Sean Flanagan,1989-1989,1999-1999,UNRESOLVED,,,,T2383610734,ei:8621
34299,122492,Sean Hayes,1992-2001,2009-2009,UNRESOLVED,,,,34299 ; T444395112,ei:9587
112656,119426,Seán Kelly,1997-1997,1991-1991,UNRESOLVED,,,,ei:9278,name:sean kelly
112800,112823,Seán MacEntee,1921-1921,1921-1921,UNRESOLVED,,,,10310806,16282952
105519,112862,Seán McCool,1943-1948,1933-1933,UNRESOLVED,,,,ei:2022,425594
119427,119557,Seán Tyrrell,2014-2014,2019-2019,UNRESOLVED,,,,name:sean tyrrell,ei:10299
103946,104987,Sheelagh Murnaghan,1966-1966,1969-1969,UNRESOLVED,,,,11255766,2805845
3075,105110,Stephen Crosby,2016-2016,2014-2014,UNRESOLVED,,,,3075,3147363884
55469,105726,Stephen McCarthy,2019-2019,2022-2022,UNRESOLVED,,,,2354899832,55469
65993,105873,Stephen McFarland,2014-2014,2016-2016,UNRESOLVED,,,,3264691425,65993
61729,117637,Stephen Ross,2014-2023,2011-2011,UNRESOLVED,,,,196967016 ; 61729,T196967016
127073,127074,Theodore Patrick French,1857-1857,1859-1859,UNRESOLVED,,,,Theodore Patrick French|Independent Irish,Theodore Patrick French|Liberal
123485,123486,Thomas Harrison,1900-1900,1910-1910,UNRESOLVED,,,,Thomas Harrison|Independent Liberal Unionist,Thomas Harrison|Irish Unionist Alliance
102137,113100,Thomas Hunter,1918-1921,1922-1922,UNRESOLVED,,,,ei:953,name:thomas hunter
105723,113193,Thomas Larkin,1925-1925,1927-1927,UNRESOLVED,,,,5510376,ei:1656
101406,116878,Thomas Mitchell,1955-1959,1964-1966,UNRESOLVED,,,,11109162 ; 9657918,14880308 ; 7217322
101602,121765,Thomas Murphy,1973-2001,2009-2009,UNRESOLVED,,,,T2874162526,ei:635
78072,117431,Tim Attwood,2005-2014,2017-2017,UNRESOLVED,,,,2317955238 ; T2317955238,78072
103749,113308,Tom Crosby,2014-2014,1991-2014,UNRESOLVED,,,,name:tom crosby,ei:4835
104602,119198,Tom Cunningham,2023-2023,2004-2014,UNRESOLVED,,,,1685966657,ei:8922
110860,119432,Tom Healy,2024-2024,2019-2019,UNRESOLVED,,,,ei:12523,name:tom healy
119433,120923,Tom Kavanagh,1991-1991,1999-1999,UNRESOLVED,,,,name:tom kavanagh,ei:3891
105196,119870,Tommy Collins,2014-2014,2014-2014,UNRESOLVED,,,,3346683946,ei:10805
110890,119434,Tony Smith,2002-2002,1999-1999,UNRESOLVED,,,,ei:4753,name:tony smith
125911,126054,Viscount Clements (Robert Bermingham Clements),1830-1830,1826-1826,UNRESOLVED,,,,Viscount Clements (Robert Bermingham Clements)|,"Viscount Clements (Robert Bermingham Clements)| ; wikipedia:Robert Bermingham Clements, Viscount Clements"
79112,117480,Vivian Simpson,1953-1953,1945-1945,UNRESOLVED,,,,1178480,8490236
116394,117480,Vivian Simpson,1945-1945,1945-1945,UNRESOLVED,,,,7040313,8490236
103821,104606,Voice,2014-2014,2014-2014,UNRESOLVED,,,,1019292244,1699588551
104606,104883,Voice,2014-2014,2014-2014,UNRESOLVED,,,,1699588551,2515393861
104640,105022,Voice,2019-2019,2014-2014,UNRESOLVED,,,,1805553530,2915401292
104883,105022,Voice,2014-2014,2014-2014,UNRESOLVED,,,,2515393861,2915401292
125099,127088,Warren Hastings Leslie Frith,1852-1859,1866-1866,UNRESOLVED,,,,Warren Hastings Leslie Frith|Whig ; William McMechan|Liberal ; wikipedia:Carrickfergus (UK Parliament constituency),William McMechan|Conservative
119435,122434,Wayne Tobin,2014-2014,2009-2009,UNRESOLVED,,,,name:wayne tobin,ei:9480
112814,112818,William Allen,1922-1922,1929-1929,UNRESOLVED,,,,14595558,14911825
104224,104405,William Boyd,1964-1964,1955-1955,UNRESOLVED,,,,13657702,15184330
123538,127087,William John MacGeagh MacCaw,1906-1906,1906-1906,UNRESOLVED,,,,William John MacGeagh MacCaw|Irish Unionist Alliance,William John MacGeagh MacCaw|Irish Unionist
85957,116616,William King,1977-2019,1973-1973,UNRESOLVED,,,,3931109337 ; T3931109337,85957
85957,117697,William King,1977-2019,2020-2020,UNRESOLVED,,,,3931109337 ; T3931109337,ei:11945
104543,106075,William Magill,1925-1925,1929-1929,UNRESOLVED,,,,16284122,8155869
101472,104141,William McKee,1973-1981,1969-1969,UNRESOLVED,,,,T1548174843,1303848
53853,104060,William Spence,1973-1977,1969-1969,UNRESOLVED,,,,53853 ; T2819886886,12387539
124246,125931,William Taylor Copeland,1832-1835,1831-1831,UNRESOLVED,,,,William Taylor Copeland|Whig ; wikipedia:William Taylor Copeland,William Taylor Copeland|
