keep,drop,name,keep_years,drop_years,article,evidence_keep,evidence_drop,keep_keys,drop_keys
59262,117308,Alan Robinson,2005-2019,2022-2022,Alan Robinson (Northern Irish politician),infobox: 2019 causeway coast and glens borough council,infobox: 2022 londonderry east,3062095250 ; T3062095250,59262
104199,114362,Albert McElroy,1964-1964,1965-1965,Albert McElroy,text: 1964 north down,text: 1965 enniskillen,13502329,8114285
124000,124262,Andrew Carew O'Dwyer,1835-1835,1832-1832,Andrew O'Dwyer,infobox: 1835 drogheda,infobox: 1832 drogheda,Andrew Carew O'Dwyer|Repeal ( Whig ),Andrew Carew O'Dwyer|Repeal
8169,105148,Anne Dickson,1973-1979,1969-1969,Anne Dickson,text: 1979 belfast north,infobox: 1969 carrick,8169,3246561
104069,104527,Anthony Babington,1925-1925,1929-1933,"Anthony Babington (politician, born 1877)",infobox: 1925 south belfast,infobox: 1933 belfast cromac,1241435,1614394 ; 7516747
104597,104792,Anthony Mulvey,1950-1950,1935-1945,Anthony Mulvey,infobox: 1950 ulster mid,infobox: 1945 fermanagh and tyrone,16747172,2248460 ; 4537855
104412,117436,Arthur Black,1929-1938,1925-1925,Arthur Black (Unionist politician),infobox: 1938 belfast willowfield,infobox: 1925 south belfast,15228183 ; 15406577 ; 4531714,7858388
108706,124372,Arthur Samuels,1918-1918,1903-1917,Arthur Samuels,infobox: 1918 dublin university,infobox: 1917 dublin university,name:arthur samuels,Arthur Samuels|Irish Unionist ; wikipedia:Arthur Samuels
57332,105911,Austin Ardill,1973-1975,1965-1965,Austin Ardill,infobox: 1975 south antrim,infobox: 1965 carrick,57332,6933729
17997,112688,Austin Currie,1973-1986,1990-2002,Austin Currie,infobox: 1986 fermanagh and south tyrone,infobox: 1997 dublin west,17997,ei:3804
17997,112863,Austin Currie,1973-1986,1964-1969,Austin Currie,infobox: 1986 fermanagh and south tyrone,infobox: 1969 tyrone east,17997,4345943 ; 4551116 ; 5457706
103101,113166,Barney Mellows,1927-1927,1923-1923,Barney Mellows,infobox: 1927 galway,infobox: 1923 galway,name:barney mellows,ei:1280
43879,105556,Basil McIvor,1969-1969,1973-1973,Basil McIvor,infobox: 1969 larkfield,infobox: 1973 south belfast,16492798,43879
122912,123164,Bernard Charles Molloy,1892-1895,1900-1900,Bernard Charles Molloy,infobox: 1895 birr,infobox: 1900 birr,Bernard Charles Molloy|Irish National Federation,Bernard Charles Molloy|Healyite Nationalist
122912,122913,Bernard Charles Molloy,1892-1895,1885-1886,Bernard Charles Molloy,infobox: 1895 birr,infobox: 1886 birr,Bernard Charles Molloy|Irish National Federation,Bernard Charles Molloy|Irish Parliamentary
122913,124382,Bernard Charles Molloy,1885-1886,1874-1880,Bernard Charles Molloy,infobox: 1886 birr,infobox: 1880 king s county,Bernard Charles Molloy|Irish Parliamentary,Bernard Charles Molloy|Home Rule ; wikipedia:Bernard Charles Molloy
50631,104508,Bertie McConnell,1973-1975,1969-1969,Bertie McConnell,infobox: 1975 north down,infobox: 1969 bangor,50631,15977490
54656,104113,Brian Faulkner,1973-1975,1949-1969,Brian Faulkner,infobox: 1975 south down,infobox: 1969 east down,54656,12758059 ; 13486284 ; 14025884 ; 14546601 ; 4626876 ; 7752003
100189,127308,Brian Lenihan,1957-1990,1992-1992,Brian Lenihan Snr,infobox: 1961 roscommon,"infobox: 1992 dublin west (ElectionsIreland candidate 2517, Brian Lenihan 1 Snr, lists 1992 Dublin West; Jnr first stood in 1996)",ei:2517,name:brian lenihan
104045,104111,Cahir Healy,1925-1925,1929-1962,Cahir Healy,infobox: 1925 fermanagh and tyrone,infobox: 1962 south fermanagh,12288103,12750868 ; 13093614 ; 15659689 ; 5395125 ; 6241977 ; 7457592 ; 8424809 ; 9433451
101817,112942,Cathal Brugha,1918-1921,1922-1922,Cathal Brugha,infobox: 1921 waterford tipperary east,infobox: 1922 waterford tipperary east,ei:1089,name:cathal brugha
101818,112943,Cathal O'Shannon,1923-1927,1922-1922,Cathal O'Shannon,text: 1923 louth,text: 1922 louth meath,ei:1378,name:cathal o shannon
124029,124388,Charles Arthur Walker,1835-1837,1832-1832,Charles Arthur Walker,infobox: 1837 wexford,infobox: 1832 wexford,Charles Arthur Walker|Repeal ( Whig ),Charles Arthur Walker|Repeal
124388,126003,Charles Arthur Walker,1832-1832,1831-1831,Charles Arthur Walker,infobox: 1832 wexford,infobox: 1831 wexford,Charles Arthur Walker|Repeal,Charles Arthur Walker| ; wikipedia:Charles Arthur Walker
103871,117720,Charles Craig,1922-1924,1918-1918,Charles Craig (British politician),infobox: 1924 antrim,infobox: 1918 south antrim,10584782 ; 15255553 ; 5914011,ei:906
100027,112668,Dan Breen,1922-1922,1923-1961,Dan Breen,text: 1922 waterford tipperary east,infobox: 1961 tipperary south,name:dan breen,ei:1430
122926,123189,Daniel Desmond Sheehan,1910-1910,1906-1906,D. D. Sheehan,infobox: 1910 mid cork,infobox: 1906 mid cork,Daniel Desmond Sheehan|All-for-Ireland,Daniel Desmond Sheehan|Irish Parliamentary
100035,112671,Daniel Morrissey,1922-1922,1923-1954,Daniel Morrissey,infobox: 1922 tipperary mid,infobox: 1954 tipperary north,name:daniel morrissey,ei:1431
100441,112957,Daniel Vaughan,1923-1933,1922-1922,Daniel Vaughan,infobox: 1933 north cork,infobox: 1922 cork mid,ei:1193,name:daniel vaughan
100862,104485,Danny O'Connor,1997-2011,2014-2014,Danny O'Connor (Northern Irish politician),infobox: 2011 larne borough council,text: 2014 mid and east antrim district council,T1578599541,1578599541
99683,104022,David Bleakley,1970-1998,1949-1965,David Bleakley,infobox: 1975 east belfast,infobox: 1965 belfast victoria,99683,12045298 ; 16670178 ; 33905 ; 4182279 ; 5031490
70802,105933,David Brooks,2019-2019,2022-2022,David Brooks (Northern Irish politician),text: 2019 belfast city council,text: 2022 belfast east,1921296387,70802
29132,105020,David Honeyford,2014-2019,2022-2022,David Honeyford,text: 2019 lisburn and castlereagh city council,text: 2022 lagan valley,2312122566,29132
104274,117716,David Reid,1922-1935,1918-1918,"Sir David Reid, 1st Baronet",infobox: 1935 down,infobox: 1918 east down,14078080 ; 14388358 ; 1448775 ; 2686913 ; 8072962 ; 9621378,ei:8387
18846,104665,Deirdre Hargey,2011-2019,2022-2022,Deirdre Hargey,infobox: 2019 belfast city council,infobox: 2022 south belfast,1272408873 ; T1272408873,18846
124463,124464,Dominick Ronayne,1835-1835,1832-1832,Dominick Ronayne,infobox: 1835 clonmel,infobox: 1832 clonmel,Dominick Ronayne|Repeal ( Whig ),Dominick Ronayne|Repeal
58769,105154,Doug Beattie,2016-2022,2014-2014,Doug Beattie,infobox: 2022 upper bann,text: 2014 armagh banbridge and craigavon district council,58769,3258064918
103798,104173,Douglas Savory,1950-1951,1940-1945,Douglas Savory,infobox: 1951 south antrim,infobox: 1945 queen s university of belfast,1000156 ; 16386475,13300658 ; 4730335
36759,105489,Dáire Hughes,2024-2024,2014-2014,Dáire Hughes,infobox: 2024 newry and armagh,text: 2014 newry mourne and down district council,36759,4186429705
103228,113337,Eamon Dee,1922-1922,1921-1921,Eamon Dee,infobox: 1922 waterford tipperary east,infobox: 1921 waterford tipperary east,name:eamon dee,ei:6811
103920,112804,Eamonn Donnelly,1927-1933,1925-1925,Eamon Donnelly,infobox: 1933 leix offaly,infobox: 1925 armagh,ei:1729,11027055
103920,112855,Eamonn Donnelly,1927-1933,1942-1942,Eamon Donnelly,infobox: 1933 leix offaly,infobox: 1942 belfast falls,ei:1729,3703395
83992,106186,Eamonn McCann,1970-2017,2019-2019,Eamonn McCann,infobox: 2017 foyle,infobox: 2019 derry city and strabane district council,83992 ; T904303577,904303577
104288,117692,Edward Archdale,1921-1925,1918-1918,"Sir Edward Archdale, 1st Baronet",infobox: 1925 fermanagh and tyrone,infobox: 1918 north fermanagh,14200038 ; 604352,ei:1007
104361,109206,Eoin MacNeill,1921-1921,1922-1922,Eoin MacNeill,infobox: 1921 londonderry,infobox: 1922 national university,14774072,name:eoin macneill
100446,112085,Eoin O Broin,2007-2020,2001-2001,Eoin Ó Broin,text: 2020 dublin mid west,text: 2001 belfast city council,ei:8728,T848688631
103251,113334,Eoin O'Duffy,1922-1922,1921-1921,Eoin O'Duffy,infobox: 1922 monaghan,infobox: 1921 monaghan,name:eoin o duffy,ei:6803
100292,112975,Erskine H. Childers,1938-1973,1973-1973,Erskine Hamilton Childers,infobox: 1957 longford westmeath,infobox: 1973 monaghan,ei:1103,name:erskine childers
103270,113173,Francis McGuinness,1922-1922,1923-1923,Francis McGuinness,infobox: 1922 longford westmeath,infobox: 1923 longford westmeath,name:francis mcguinness,ei:1362
39902,101361,Fred Cobain,1992-2011,2014-2023,Fred Cobain,infobox: 2011 north belfast,text: 2014 mid and east antrim borough council,39902,3194732145
103869,117075,George Boyle Hanna,1921-1925,1929-1933,George Hanna (MP for East Antrim),infobox: 1925 antrim,infobox: 1933 larne,10574713 ; 1554443,326719 ; 9643982
103869,124549,George Boyle Hanna,1921-1925,1919-1919,George Hanna (MP for East Antrim),infobox: 1925 antrim,infobox: 1919 east antrim,10574713 ; 1554443,George Boyle Hanna|Ind. Unionist ; wikipedia:George Hanna (MP for East Antrim)
104313,112815,George Henderson,1929-1929,1929-1929,George Henderson (Northern Ireland politician),text: 1929 bannside,infobox: 1929 antrim,14366289,14634613
103934,104228,George Leeke,1921-1925,1929-1938,George Leeke,text: 1921 londonderry,infobox: 1938 mid londonderry,11137439 ; 8644889,13693365 ; 15319354 ; 8872948
124568,127031,George Morris,1874-1874,1867-1867,George Morris (Irish politician),infobox: 1874 galway borough,infobox: 1867 galway borough,George Morris|Home Rule ; wikipedia:George Morris (Irish politician),George Morris|Liberal
101885,112984,George Nicolls,1922-1923,1921-1921,George Nicolls,infobox: 1923 galway,infobox: 1921 galway,ei:1283,name:george nicolls
101886,112985,George Wolfe,1923-1927,1927-1927,George Wolfe (Irish politician),infobox: 1927 kildare,infobox: 1927 kildare,ei:1315,name:george wolfe
27771,112796,Gerry Adams,1982-2010,2011-2016,Gerry Adams,infobox: 2010 west belfast,infobox: 2016 louth,27771,ei:7934
62512,104564,Gerry Fitt,1965-1983,1958-1962,Gerry Fitt,infobox: 1975 north belfast,infobox: 1962 belfast dock,4047309 ; 62512 ; 797658,16474108 ; 9866797
101772,117286,Gerry Fitt,1973-1981,1966-1966,Gerry Fitt,text: 1981 belfast city council,infobox: 1966 west belfast,T803047374,5688803
103966,114077,Harry Midgley,1924-1924,1923-1923,Harry Midgley,text: 1924 belfast west,text: 1923 belfast west,11456930,15288423
103966,111753,Harry Midgley,1924-1924,1933-1938,Harry Midgley,text: 1924 belfast west,text: 1933 belfast dock,11456930,14867443 ; 8566672
111753,115175,Harry Midgley,1933-1938,1941-1941,Harry Midgley,text: 1933 belfast dock,text: 1941 belfast willowfield,14867443 ; 8566672,2823972
26641,103870,Harry West,1973-1981,1954-1969,Harry West,text: 1981 fermanagh and south tyrone,infobox: 1969 enniskillen,26641,10582678 ; 16626791 ; 2967687 ; 4298828 ; 6032035
100452,112717,Henry Broderick,1927-1927,1927-1943,Henry Broderick,infobox: 1927 longford westmeath,infobox: 1933 longford westmeath,name:henry broderick,ei:1619
104376,117217,Herbert Dixon,1922-1935,1938-1938,"Herbert Dixon, 1st Baron Glentoran",infobox: 1935 east belfast,infobox: 1938 belfast bloomfield,14905607 ; 16356851 ; 16417198 ; 2020231 ; 5851724 ; 9683217,4657083
37912,105398,Herbert Whitten,1973-1981,1969-1969,Herbert Whitten,infobox: 1981 craigavon borough council,infobox: 1969 central armagh,T361860675,3944374
101133,112990,Hugh Colohan,1923-1927,1922-1922,Hugh Colohan,infobox: 1927 kildare,infobox: 1922 kildare wicklow,ei:1312,name:hugh colohan
101896,113174,Hugh Garahan,1927-1927,1923-1927,Hugh Garahan,infobox: 1927 longford westmeath,infobox: 1927 longford westmeath,name:hugh garahan,ei:1365
104165,117715,Hugh O'Neill,1921-1925,1918-1918,"Hugh O'Neill, 1st Baron Rathcavan",infobox: 1925 antrim,infobox: 1918 mid antrim,13212723 ; 261201,ei:8345
48601,104615,Ian Paisley,1970-2007,1969-1970,Ian Paisley,infobox: 2007 north antrim,infobox: 1970 bannside,48601,1733087 ; 6713522
9350,104404,Ivan Cooper,1973-1975,1969-1969,Ivan Cooper,infobox: 1975 ulster mid,infobox: 1969 mid londonderry,9350,15139174
103912,116890,J. M. Andrews,1929-1949,1921-1925,J. M. Andrews,infobox: 1949 mid down,infobox: 1925 down,10950416 ; 14861958 ; 16010448 ; 344468 ; 7382265,15279091 ; 7367933
104354,104430,Jack Beattie,1938-1949,1929-1933,Jack Beattie,infobox: 1949 belfast pottinger,infobox: 1933 belfast pottinger,14734423 ; 1616521 ; 7242579,15306716 ; 3805459
104430,116978,Jack Beattie,1929-1933,1925-1925,Jack Beattie,infobox: 1933 belfast pottinger,infobox: 1925 east belfast,15306716 ; 3805459,1975106
101907,124664,James Cosgrave,1923-1927,1914-1914,James Cosgrave,infobox: 1927 galway,infobox: 1914 galway east,name:james cosgrave,James Cosgrave|Irish Parliamentary ; wikipedia:James Cosgrave
101907,127345,James Cosgrave,1914-1927,1923-1923,James Cosgrave,infobox: 1927 galway,text: 1923 galway (ElectionsIreland candidate 1287 lists 1923 and both 1927 Galway contests),name:james cosgrave,ei:1287
100021,112744,James Everett,1923-1965,1922-1922,James Everett (politician),infobox: 1965 wicklow,infobox: 1922 kildare wicklow,ei:1463,name:james everett
97535,104061,James Kilfedder,1970-1992,1964-1966,James Kilfedder,infobox: 1992 north down,infobox: 1966 west belfast,97535,12387835 ; 7704097
26372,112805,James O'Reilly,1969-1969,1958-1965,James O'Reilly (Irish politician),infobox: 1969 mourne,infobox: 1965 mourne,10911536,11109547 ; 13168834 ; 9036619
26372,115544,James O'Reilly,1969-1969,1973-1973,James O'Reilly (Irish politician),infobox: 1969 mourne,body: 1973 northern-ireland-assembly,10911536,26372
112805,116629,James O'Reilly,1958-1965,1948-1948,James O'Reilly (Irish politician),infobox: 1965 mourne,text: 1948 armagh,11109547 ; 13168834 ; 9036619,7284710
1199,104786,James Stronge,1973-1973,1969-1969,James Stronge (Mid-Armagh MP),infobox: 1973 armagh,infobox: 1969 mid armagh,1199,2209354
104263,105763,James Woods Gyle,1925-1925,1929-1929,James Woods Gyle,infobox: 1925 east belfast,text: 1929 belfast dock,14020446,5785792
125582,126026,John Bagwell,1807-1812,1802-1802,John Bagwell (died 1816),text: 1807 county tipperary,text: 1802 county tipperary,John Bagwell|,John Bagwell| ; wikipedia:John Bagwell (died 1816)
100465,113180,John Butler,1922-1922,1923-1943,John Butler (Irish politician),infobox: 1922 waterford tipperary east,text: 1943 waterford,name:john butler,ei:1447
104119,105274,John Clarke Davison,1925-1925,1929-1938,John Clarke Davison,infobox: 1925 armagh,infobox: 1938 mid armagh,12816763,3607958 ; 520937 ; 5796896
101932,113007,John Conlan,1923-1927,1927-1931,John Conlan (Kildare politician),infobox: 1927 kildare,infobox: 1927 kildare,ei:1313,name:john conlan
34716,112725,John Cushnahan,1977-1987,1989-1999,John Cushnahan,infobox: 1981 belfast city council,body: 1989 ireland-european,34716 ; T541412711,ei:4189
104244,105907,John Dermot Campbell,1943-1943,1943-1943,John Dermot Campbell,text: 1943 carrick,text: 1943 carrick,13861516,6899216
103937,124732,John Dillon Nugent,1921-1925,1915-1915,John Dillon Nugent,infobox: 1925 armagh,infobox: 1915 dublin college green,11180764 ; 3423818,John Dillon Nugent|Irish Parliamentary ; wikipedia:John Dillon Nugent
104189,116931,John Fawcett Gordon,1929-1938,1921-1925,John Fawcett Gordon,infobox: 1938 carrick,infobox: 1925 antrim,1342044 ; 14801843 ; 4250865,16171941 ; 6644975
103838,104092,John Henry Collins,1925-1925,1929-1929,John Henry Collins,infobox: 1925 armagh,infobox: 1929 south down,10302597,12586309
125585,125659,John Henry North,1827-1830,1830-1831,John Henry North,text: 1830 dublin university,infobox: 1831 drogheda,John Henry North|,John Henry North| ; wikipedia:John Henry North
58368,105494,John Hume,1973-2001,1969-1969,John Hume,infobox: 1982 londonderry,infobox: 1969 foyle,58368,4194266
103393,113190,John Jinks,1927-1927,1927-1927,John Jinks (politician),infobox: 1927 leitrim sligo,infobox: 1927 leitrim sligo,name:john jinks,ei:1593
104169,105653,John Joseph Brennan,1965-1969,1962-1962,John Joseph Brennan,infobox: 1969 central belfast,text: 1962 belfast falls,13236466 ; 6015413,5068187
96043,106217,John Laird,1973-1975,1970-1970,"John Laird, Baron Laird",infobox: 1975 west belfast,body: 1970 parliament-of-northern-ireland,96043,9213428
103895,104518,John Martin Mark,1921-1925,1929-1933,John Martin Mark,infobox: 1925 londonderry,infobox: 1933 north londonderry,10828401 ; 9122007,16051003 ; 5500628
123352,123354,John McKean,1910-1910,1902-1910,John McKean (politician),infobox: 1910 south monaghan,infobox: 1910 south monaghan,John McKean|Ind. Nationalist,John McKean|Independent Nationalist ; John McKean|Irish Parliamentary ; wikipedia:John McKean (politician)
72539,104170,John McQuade,1973-1979,1965-1969,John McQuade,infobox: 1973 north belfast,infobox: 1969 belfast woodvale,72539,1324953 ; 14447508
80677,104040,John Taylor,1973-2003,1965-1969,"John Taylor, Baron Kilclooney",infobox: 1973 fermanagh and south tyrone,infobox: 1969 tyrone south,80677,12229787 ; 5955906
103819,103992,John William Nixon,1925-1925,1929-1949,John William Nixon,text: 1925 belfast north,infobox: 1949 belfast woodvale,10170067,11687267 ; 12216355 ; 14743791 ; 5319854 ; 8312677
112819,117722,Joseph Devlin,1921-1925,1918-1918,Joseph Devlin,infobox: 1925 west belfast,infobox: 1918 belfast falls,14959200 ; 5432234,ei:920
123005,123006,Joseph Francis Fox,1892-1895,1885-1886,Joseph Francis Fox,infobox: 1895 tullamore,infobox: 1886 tullamore,Joseph Francis Fox|Irish National Federation,Joseph Francis Fox|Irish Parliamentary
101963,113018,Joseph MacDonagh,1918-1921,1922-1922,Joseph MacDonagh,infobox: 1918 tipperary north,infobox: 1922 tipperary mid,ei:8655,name:joseph macdonagh
103426,113332,Joseph Whelehan,1921-1921,1922-1922,Joseph Whelehan,infobox: 1921 galway,infobox: 1922 galway,name:joseph whelehan,ei:6797
103429,113333,Justin McKenna,1922-1922,1921-1921,Justin McKenna,infobox: 1922 louth meath,infobox: 1921 louth meath,name:justin mckenna,ei:6802
89147,105500,Keith Buchanan,2016-2024,2014-2014,Keith Buchanan,infobox: 2024 ulster mid,text: 2014 mid ulster district council,89147,4200291738
101974,113025,Laurence Ginnell,1918-1921,1922-1922,Laurence Ginnell,infobox: 1921 longford westmeath,infobox: 1922 longford westmeath,ei:1091,name:laurence ginnell
101974,123382,Laurence Ginnell,1918-1921,1910-1910,Laurence Ginnell,infobox: 1921 longford westmeath,infobox: 1910 westmeath north,ei:1091,Laurence Ginnell|Ind. Nationalist
123015,123382,Laurence Ginnell,1900-1910,1910-1910,Laurence Ginnell,infobox: 1910 westmeath north,infobox: 1910 westmeath north,Laurence Ginnell|Independent Nationalist ; Laurence Ginnell|Irish Parliamentary ; wikipedia:Laurence Ginnell,Laurence Ginnell|Ind. Nationalist
1961,104174,Lawrence Orr,1970-1974,1950-1966,Lawrence Orr,infobox: 1974 south down,infobox: 1966 south down,1961,13301806 ; 14025898 ; 14749990 ; 15658732 ; 2348101 ; 6908078
57456,104967,Linda Dillon,2016-2022,2014-2014,Linda Dillon,infobox: 2022 ulster mid,infobox: 2014 mid ulster district council,57456,2735279120
30698,105712,Lloyd Hall-Thompson,1973-1975,1969-1969,Lloyd Hall-Thompson,infobox: 1975 north belfast,infobox: 1969 belfast clifton,30698,5455758
15924,104501,Maolíosa McHugh,2011-2019,2022-2022,Maolíosa McHugh,infobox: 2019 derry city and strabane district council,infobox: 2022 west tyrone,1628270158 ; T1628270158,15924
112115,112177,Margaret Pearse,1922-1922,1921-1921,Margaret Pearse,infobox: 1922 dublin county,infobox: 1921 dublin county,name:margaret pearse,ei:1838
16260,112730,Mark Durkan,1998-2017,1993-1997,Mark Durkan,infobox: 2017 foyle,infobox: 1997 derry city council,16260,T617903801
123019,123388,Mark MacDonnell,1892-1895,1900-1900,Mark MacDonnell,infobox: 1895 leix,infobox: 1900 leix,Mark MacDonnell|Irish National Federation,Mark MacDonnell|Irish Parliamentary
103510,122183,Michael Connolly,1927-1927,1927-1927,Michael Connolly (Irish politician),infobox: 1927 longford westmeath,infobox: 1927 longford westmeath,name:michael connolly,ei:9057
126541,126576,Michael Dunne,1852-1857,1859-1859,Michael Dunne (MP),infobox: 1857 queen s county,infobox: 1859 queen s county,Michael Dunne|Independent Irish ; Michael Dunne|Whig ; wikipedia:Michael Dunne (MP),Michael Dunne|Liberal
48923,105125,Michaela Boyle,2011-2017,2019-2019,Michaela Boyle,infobox: 2017 west tyrone,infobox: 2019 derry city and strabane district council,48923,3199958524
18136,113349,Michelle Gildernew,1997-2019,2024-2024,Michelle Gildernew,infobox: 2019 fermanagh and south tyrone,body: 2024 ireland-european,18136 ; T4256808729,ei:7949
56227,105862,Nat Minford,1951-1951,1953-1969,Nat Minford,infobox: 1951 antrim borough,infobox: 1969 antrim borough,2833040,6538314 ; 6759978 ; 83209 ; 9664305
105736,105862,Nat Minford,1973-1973,1953-1969,Nat Minford,infobox: 1973 south antrim,infobox: 1969 antrim borough,56227,6538314 ; 6759978 ; 83209 ; 9664305
95524,104664,Nichola Mallon,2016-2022,2011-2014,Nichola Mallon,infobox: 2022 north belfast,infobox: 2014 belfast city council,95524,1879052829 ; T1879052829
126512,127060,Nicholas Fitzsimon,1835-1837,1832-1832,Nicholas Fitzsimon,infobox: 1837 king s county,infobox: 1832 king s county,Nicholas Fitzsimon|Repeal ( Whig ),Nicholas Fitzsimon|Repeal
24471,105920,Paddy Devlin,1973-1985,1969-1969,Paddy Devlin,text: 1985 belfast city council,infobox: 1969 belfast falls,T1251314643,702233
84155,104955,Paddy O'Hanlon,1973-1975,1969-1969,Paddy O'Hanlon,infobox: 1975 armagh,infobox: 1969 south armagh,84155,2708807
88833,112724,Pat Doherty,1997-2015,1989-1997,Pat Doherty (Northern Ireland politician),infobox: 2015 west tyrone,text: 1997 donegal north east,88833,ei:4178
123041,123415,Patrick James Foley,1885-1886,1892-1892,Patrick James Foley,infobox: 1886 connemara,infobox: 1892 connemara,Patrick James Foley|Irish Parliamentary,Patrick James Foley|Irish National Federation
101240,113063,Patrick MacCarvill,1923-1948,1922-1922,Patrick MacCarvill,infobox: 1927 monaghan,infobox: 1922 monaghan,ei:1406,name:patrick maccarvill
100325,112165,Patrick McKenna,1927-1927,1923-1927,Patrick McKenna (Irish politician),infobox: 1927 longford westmeath,infobox: 1927 longford westmeath,name:patrick mckenna,ei:1363
100098,112597,Patrick O'Donnell,1951-1965,1969-1969,Patrick O'Donnell (Irish politician),infobox: 1965 donegal south west,infobox: 1969 donegal leitrim,ei:8567,name:patrick o donnell
23907,104840,Peter McReynolds,2014-2019,2022-2022,Peter McReynolds,text: 2019 belfast city council,text: 2022 belfast east,2978221762,23907
100770,112140,Peter Ward,1918-1922,1923-1923,Peter J. Ward,infobox: 1918 south donegal,infobox: 1923 donegal,ei:961,name:peter ward
27185,104275,Phelim O'Neill,1969-1969,1958-1965,"Phelim O'Neill, 2nd Baron Rathcavan",infobox: 1969 north antrim,infobox: 1965 north antrim,11845333,14086840 ; 1826072 ; 3041687
104034,104275,Phelim O'Neill,1952-1955,1958-1965,"Phelim O'Neill, 2nd Baron Rathcavan",infobox: 1955 north antrim,infobox: 1965 north antrim,12144714 ; 6581126,14086840 ; 1826072 ; 3041687
103994,104083,Philip James Woods,1925-1925,1923-1925,Philip James Woods,infobox: 1925 south belfast,infobox: 1925 west belfast,11760165,12512539 ; 12887811
102081,113074,Philip Shanahan,1918-1921,1922-1922,Philip Shanahan,infobox: 1918 dublin harbour,infobox: 1922 dublin mid,ei:980,name:philip shanahan
99812,102402,Phillip Brett,2014-2019,2022-2024,Phillip Brett,text: 2019 antrim and newtownabbey borough council,text: 2024 north belfast,182306166,99812
94073,103944,Rafton Pounder,1970-1974,1963-1966,Rafton Pounder,infobox: 1974 south belfast,infobox: 1966 south belfast,94073,11233074 ; 13463730 ; 1370252
104080,104931,Richard Byrne,1921-1921,1929-1938,Richard Byrne (politician),text: 1921 belfast west,infobox: 1938 belfast falls,12492056,2636501 ; 5953918 ; 8862739
123048,126669,Richard Lalor,1885-1886,1880-1880,Richard Lalor,infobox: 1886 leix,infobox: 1880 queen s county,Richard Lalor|Irish Parliamentary,Richard Lalor|Parnellite Home Rule League ; wikipedia:Richard Lalor
101259,113080,Richard Wilson,1923-1927,1922-1922,Richard Wilson (Irish politician),infobox: 1927 wicklow,infobox: 1922 kildare wicklow,ei:1464,name:richard wilson
4639,105191,Richie McPhillips,2016-2017,2014-2014,Richie McPhillips,infobox: 2017 fermanagh and south tyrone,infobox: 2014 fermanagh and omagh district council,4639,3337902806
11892,105096,Robbie Butler,2016-2024,2014-2014,Robbie Butler,infobox: 2024 lagan valley,infobox: 2014 lisburn and castlereagh council,11892,3113488210
103652,113364,Robert Childers,1922-1922,1921-1921,Erskine Childers (author),infobox: 1922 kildare wicklow,infobox: 1921 kildare wicklow,name:robert childers,ei:8760
103976,116942,Robert Crawford,1921-1925,1929-1933,Robert Crawford (Antrim politician),text: 1921 antrim,infobox: 1933 mid antrim,11541683 ; 15553757,16656544 ; 9974681
104063,104502,Robert Getgood,1943-1943,1945-1949,Robert Getgood,text: 1943 antrim,infobox: 1949 belfast oldpark,12394690,15924540 ; 6639168
104434,117414,Robert Harcourt,1950-1953,1949-1949,Robert Harcourt (unionist politician),infobox: 1953 belfast woodvale,text: 1949 south down,15354974 ; 4710146,7570056
9619,106260,Robert James Mitchell,1969-1969,1973-1973,Robert James Mitchell,infobox: 1969 north armagh,infobox: 1973 armagh,14317041,9619
104129,112808,Robert Lynn,1922-1924,1929-1945,Robert Lynn (Northern Ireland politician),infobox: 1924 west belfast,infobox: 1945 north antrim,1212466 ; 3954959 ; 6697452,12951654 ; 166348 ; 3634391 ; 7178058
104129,117726,Robert Lynn,1922-1924,1918-1918,Robert Lynn (Northern Ireland politician),infobox: 1924 west belfast,infobox: 1918 belfast woodvale,1212466 ; 3954959 ; 6697452,ei:938
103933,105241,Robert McBride,1929-1929,1921-1925,Robert McBride (politician),infobox: 1929 west down,infobox: 1925 down,11120928,3521026 ; 7346720
104917,105613,Robert Porter,1966-1966,1969-1969,Robert Porter (Northern Ireland politician),infobox: 1966 queen s university of belfast,infobox: 1969 lagan valley,2602849,4746906
110541,127172,Robert Woods,1918-1918,1917-1917,Robert Woods (surgeon),infobox: 1918 dublin university,infobox: 1917 dublin university,name:robert woods,Robert Woods|Irish Unionist ; wikipedia:Robert Woods (surgeon)
15892,104105,Robin Chichester-Clark,1955-1955,1959-1970,Robin Chichester-Clark,infobox: 1955 londonderry,infobox: 1970 londonderry,10129368,12710340 ; 15892 ; 2581572 ; 8095630
104348,105055,Rowley Elliott,1925-1925,1929-1938,Rowley Elliott,infobox: 1925 fermanagh and tyrone,infobox: 1938 tyrone south,14642528,3014994 ; 6332411 ; 9241232
56314,103961,Roy Bradford,1973-1975,1965-1969,Roy Bradford,infobox: 1975 east belfast,infobox: 1969 belfast victoria,56314,11403758 ; 7749097
74137,105537,Sammy Douglas,2011-2016,2023-2023,Sammy Douglas,infobox: 2016 east belfast,infobox: 2023 belfast city council,74137,4292697551
104305,112821,Samuel McGuffin,1929-1929,1921-1921,Samuel McGuffin,infobox: 1929 belfast shankill,infobox: 1921 north belfast,14308542,15555505
112821,113381,Samuel McGuffin,1921-1921,1918-1918,Samuel McGuffin,infobox: 1921 north belfast,infobox: 1918 belfast shankill,15555505,ei:932
113086,113339,Seamus Doyle,1922-1922,1921-1921,Séamus Doyle,infobox: 1922 wexford,infobox: 1921 wexford,name:seamus doyle,ei:6814
103688,113331,Sean Hales,1922-1922,1921-1921,Seán Hales,infobox: 1922 cork mid,infobox: 1921 cork mid,name:sean hales,ei:6794
102104,113089,Seán Etchingham,1918-1921,1922-1922,Seán Etchingham,infobox: 1918 east wicklow,infobox: 1922 wexford,ei:6815,name:sean etchingham
100343,111144,Seán Hayes,1922-1922,1918-1921,Seán Hayes (Cork politician),infobox: 1922 cork mid,infobox: 1918 west cork,name:sean hayes,ei:1660
103694,113359,Seán MacSwiney,1922-1922,1921-1921,Seán MacSwiney,infobox: 1922 cork mid,infobox: 1921 cork mid,name:sean macswiney,ei:8641
103697,113311,Seán Nolan,1922-1922,1921-1921,Seán Nolan,infobox: 1922 cork mid,infobox: 1921 cork mid,name:sean nolan,ei:529
104567,113115,Seán O'Mahony,1921-1921,1918-1918,Seán O'Mahony,infobox: 1921 fermanagh and tyrone,infobox: 1918 south fermanagh,16507898,ei:1008
34145,104099,Sinéad Ennis,2017-2022,2014-2014,Sinéad Ennis,infobox: 2022 south down,text: 2014 newry mourne and down district council,34145,1263018517
40156,105418,Sinéad McLaughlin,2019-2019,2022-2022,Sinéad McLaughlin,text: 2019 derry city and strabane district council,infobox: 2022 foyle,2931931841,40156
124208,125019,Sir Richard Nagle,1835-1837,1832-1832,"Sir Richard Nagle, 2nd Baronet",infobox: 1837 westmeath,infobox: 1832 westmeath,Sir Richard Nagle|Repeal ( Whig ),Sir Richard Nagle|Repeal
47592,104015,Stanley McMaster,1970-1974,1959-1966,Stanley McMaster,infobox: 1974 east belfast,infobox: 1966 east belfast,47592,11940301 ; 16540977 ; 9353663 ; 9537713
110722,123060,Stephen Gwynn,1918-1918,1906-1910,Stephen Gwynn,text: 1918 dublin university,infobox: 1906 galway borough,name:stephen gwynn,Stephen Gwynn|Irish Parliamentary ; wikipedia:Stephen Gwynn
116636,125048,Thomas Harbison,1921-1925,1918-1918,Thomas Harbison,infobox: 1925 fermanagh and tyrone,infobox: 1918 tyrone east,16270185 ; 2674499,Thomas Harbison|Irish Parliamentary ; wikipedia:Thomas Harbison
104372,125058,Thomas McConnell,1922-1924,1921-1921,Thomas McConnell,infobox: 1924 north belfast,infobox: 1921 belfast duncairn,14882991 ; 5487364 ; 7501402,Thomas McConnell|UUP
103890,112809,Thomas Moles,1922-1924,1929-1933,Thomas Moles,infobox: 1924 south belfast,infobox: 1933 belfast ballynafeigh,10792955 ; 3129969 ; 6961462,1305900 ; 2762207
112806,117723,Thomas Moles,1921-1925,1918-1918,Thomas Moles,infobox: 1925 south belfast,infobox: 1918 belfast ormeau,12307517 ; 2780551,ei:922
104383,117725,Thompson Donald,1921-1925,1918-1918,Thompson Donald,infobox: 1925 east belfast,infobox: 1918 belfast victoria,149305 ; 1855699,ei:935
103882,104438,Tom Boyd,1953-1965,1949-1949,Tom Boyd (Northern Ireland politician),text: 1953 belfast pottinger,text: 1949 belfast bloomfield,10708585 ; 163060 ; 16718612 ; 3067387,15362777
65292,104770,Tom Gormley,1969-1969,1962-1965,Tom Gormley (politician),infobox: 1969 tyrone mid,infobox: 1965 tyrone mid,12892574,2159471 ; 6608724
65292,105861,Tom Gormley,1969-1969,1973-1973,Tom Gormley (politician),infobox: 1969 tyrone mid,body: 1973 northern-ireland-assembly,12892574,65292
105861,117630,Tom Gormley,1973-1973,1973-1973,Tom Gormley (politician),body: 1973 northern-ireland-assembly,text: 1973 strabane district council,65292,T1645483392
110870,113296,Tom Moffatt,2002-2002,1992-1992,Tom Moffatt,infobox: 2002 mayo,infobox: 1992 mayo east,name:tom moffatt,ei:4071
103824,103848,Tommy Henderson,1938-1938,1929-1933,Tommy Henderson,infobox: 1938 belfast shankill,infobox: 1933 belfast shankill,10233388,10411782 ; 16314135
103848,117331,Tommy Henderson,1929-1933,1925-1925,Tommy Henderson,infobox: 1933 belfast shankill,infobox: 1925 north belfast,10411782 ; 16314135,6224939
100797,125090,Vincent White,1922-1922,1918-1918,Vincent White (politician),infobox: 1922 waterford tipperary east,text: 1918 waterford city,name:vincent white,Vincent White|Sinn Féin ; wikipedia:Vincent White (politician)
104001,117439,Vivian Simpson,1958-1969,1973-1973,Vivian Simpson (politician),infobox: 1969 belfast oldpark,text: 1973 belfast north,11825342 ; 2353743 ; 2826799 ; 8334900,79112
125096,126085,Walter Blackney,1832-1832,1831-1831,Walter Blackney,text: 1832 county carlow,text: 1831 county carlow,Walter Blackney|Repeal,Walter Blackney| ; wikipedia:Walter Blackney
75337,106022,Walter Scott,1969-1969,1961-1965,Walter Scott (Northern Ireland politician),infobox: 1969 belfast bloomfield,infobox: 1965 belfast bloomfield,12177164,7773151 ; 7914094 ; 9063542
75337,105988,Walter Scott,1969-1969,1973-1973,Walter Scott (Northern Ireland politician),infobox: 1969 belfast bloomfield,body: 1973 northern-ireland-assembly,12177164,75337
105669,117520,Walter Smiles,1950-1951,1945-1945,Walter Smiles,infobox: 1951 north down,infobox: 1945 down,5169290 ; 7911783,9030301
123519,123520,William Archibald Macdonald,1895-1895,1886-1886,William Archibald Macdonald,text: 1895 ossory,text: 1886 ossory,William Archibald Macdonald|Independent Nationalist,William Archibald Macdonald|Irish Parliamentary
100531,104128,William Beattie,1970-1983,1969-1970,William Beattie (politician),infobox: 1982 south antrim,infobox: 1970 south antrim,96686,12941585 ; 4740958
95853,103924,William Craig,1974-1982,1960-1969,William Craig (Northern Ireland politician),infobox: 1982 east belfast,infobox: 1969 larne,95853,11064416 ; 13952222 ; 157665 ; 6702552
103782,113117,William Duffy,1927-1927,1918-1918,William Duffy (politician),infobox: 1927 galway,infobox: 1918 south galway,name:william duffy,ei:1017
103907,103982,William Grant,1921-1925,1929-1949,William Grant (Northern Ireland politician),infobox: 1925 north belfast,infobox: 1949 belfast duncairn,10921626 ; 4403064,11586643 ; 12158936 ; 15245957 ; 4094799 ; 657679
103810,104120,William James Morgan,1959-1969,1949-1958,William James Morgan,infobox: 1969 belfast clifton,infobox: 1958 belfast oldpark,10062239 ; 3576997 ; 3628392 ; 7540061,12816775 ; 14287880 ; 5775896
110965,125139,William Jellett,1918-1918,1919-1919,William Jellett,infobox: 1918 dublin university,infobox: 1919 dublin university,name:william jellett,William Jellett|Irish Unionist ; wikipedia:William Jellett
104471,104570,William McConnell Wilton,1933-1933,1938-1938,William McConnell Wilton,text: 1933 belfast oldpark,text: 1938 belfast clifton,15635653,16524922
110981,122762,William O'Malley,1918-1918,1900-1910,William O'Malley (politician),infobox: 1918 galway connemara,infobox: 1910 connemara,ei:1012,William O'Malley|Irish Parliamentary
122762,123138,William O'Malley,1900-1910,1895-1895,William O'Malley (politician),infobox: 1910 connemara,infobox: 1895 connemara,William O'Malley|Irish Parliamentary,William O'Malley|Irish National Federation
104175,104523,William Thomas Miller,1929-1929,1921-1925,William Thomas Miller,infobox: 1929 tyrone north,infobox: 1925 fermanagh and tyrone,13311503,16124431 ; 6132697
103816,106024,William Wellwood,1951-1951,1951-1951,William Wellwood,text: 1951 londonderry,text: 1951 londonderry,10122471,7780602
112853,112875,Éamon de Valera,1921-1921,1925-1925,Éamon de Valera,infobox: 1921 down,infobox: 1925 down,3556008,5706574
112875,112902,Éamon de Valera,1925-1925,1933-1933,Éamon de Valera,infobox: 1925 down,infobox: 1933 south down,5706574,9933115
