GeographyCode,DC4401NI0001,DC4401NI0002,DC4401NI0003,DC4401NI0004,DC4401NI0005,DC4401NI0006,DC4401NI0007,DC4401NI0008,DC4401NI0009,DC4401NI0010,DC4401NI0011,DC4401NI0012,DC4401NI0013,DC4401NI0014,DC4401NI0015,DC4401NI0016,DC4401NI0017,DC4401NI0018,DC4401NI0019,DC4401NI0020,DC4401NI0021,DC4401NI0022,DC4401NI0023,DC4401NI0024,DC4401NI0025,DC4401NI0026,DC4401NI0027,DC4401NI0028,DC4401NI0029,DC4401NI0030,DC4401NI0031,DC4401NI0032,DC4401NI0033,DC4401NI0034,DC4401NI0035,DC4401NI0036
95AA01,1653,1522,131,1653,1522,131,1536,1436,100,877,842,35,386,378,8,273,216,57,111,82,29,104,75,29,7,7,0,0,0,0,6,4,2,0,0,0
95AA02,929,839,90,929,839,90,692,654,38,78,78,0,100,98,2,514,478,36,237,185,52,234,182,52,3,3,0,0,0,0,0,0,0,0,0,0
95AA03,880,845,35,880,845,35,835,806,29,77,74,3,177,170,7,581,562,19,45,39,6,42,36,6,3,3,0,0,0,0,0,0,0,0,0,0
95AA04,1061,1014,47,1061,1014,47,1037,991,46,887,852,35,84,82,2,66,57,9,9,9,0,9,9,0,0,0,0,0,0,0,15,14,1,0,0,0
95AA05,960,920,40,960,920,40,948,908,40,553,522,31,336,327,9,59,59,0,10,10,0,8,8,0,1,1,0,1,1,0,2,2,0,0,0,0
95AA06,1629,1570,59,1629,1570,59,1504,1457,47,618,610,8,560,551,9,326,296,30,125,113,12,110,101,9,6,4,2,9,8,1,0,0,0,0,0,0
95AA07,854,820,34,854,820,34,834,803,31,449,434,15,135,134,1,250,235,15,18,15,3,17,15,2,1,0,1,0,0,0,2,2,0,0,0,0
95AA08,734,699,35,734,699,35,697,670,27,74,70,4,106,106,0,517,494,23,37,29,8,37,29,8,0,0,0,0,0,0,0,0,0,0,0,0
95AA09,975,943,32,975,943,32,841,819,22,255,249,6,75,74,1,511,496,15,133,123,10,125,118,7,6,5,1,2,0,2,1,1,0,0,0,0
95AA10,812,792,20,812,792,20,726,709,17,223,218,5,250,245,5,253,246,7,86,83,3,84,81,3,2,2,0,0,0,0,0,0,0,0,0,0
95AA11,2044,1993,51,2044,1993,51,1920,1877,43,771,757,14,628,618,10,521,502,19,124,116,8,111,103,8,10,10,0,3,3,0,0,0,0,0,0,0
95AA12,1014,971,43,1014,971,43,1006,965,41,824,787,37,131,128,3,51,50,1,6,4,2,1,1,0,4,2,2,1,1,0,2,2,0,0,0,0
95AA13,1312,1239,73,1310,1238,72,1192,1146,46,498,474,24,476,469,7,218,203,15,118,92,26,76,66,10,10,8,2,32,18,14,0,0,0,2,1,1
95AA14,820,779,41,820,779,41,811,772,39,739,701,38,51,50,1,21,21,0,3,2,1,1,1,0,1,1,0,1,0,1,6,5,1,0,0,0
95AA15,1641,1595,46,1641,1595,46,1466,1428,38,272,262,10,630,615,15,564,551,13,175,167,8,169,161,8,6,6,0,0,0,0,0,0,0,0,0,0
95AA16,865,832,33,865,832,33,705,687,18,53,52,1,137,136,1,515,499,16,160,145,15,158,143,15,2,2,0,0,0,0,0,0,0,0,0,0
95AA17,884,855,29,884,855,29,816,793,23,147,146,1,329,324,5,340,323,17,68,62,6,63,57,6,5,5,0,0,0,0,0,0,0,0,0,0
95AA18,1076,1004,72,1076,1004,72,962,922,40,660,635,25,163,158,5,139,129,10,114,82,32,108,76,32,5,5,0,1,1,0,0,0,0,0,0,0
95AA19,848,832,16,848,832,16,831,817,14,540,528,12,183,181,2,108,108,0,13,11,2,11,10,1,0,0,0,2,1,1,4,4,0,0,0,0
95BB01,1356,1307,49,1356,1307,49,1324,1275,49,611,588,23,494,478,16,219,209,10,32,32,0,28,28,0,1,1,0,3,3,0,0,0,0,0,0,0
95BB02,1167,1126,41,1167,1126,41,834,809,25,220,210,10,355,349,6,259,250,9,333,317,16,322,306,16,11,11,0,0,0,0,0,0,0,0,0,0
95BB03,1970,1776,194,1970,1776,194,1881,1696,185,882,808,74,461,424,37,538,464,74,47,38,9,38,29,9,5,5,0,4,4,0,42,42,0,0,0,0
95BB04,1358,1307,51,1358,1307,51,1284,1245,39,596,583,13,385,374,11,303,288,15,74,62,12,61,52,9,10,7,3,3,3,0,0,0,0,0,0,0
95BB05,1405,1318,87,1405,1318,87,1380,1301,79,855,800,55,270,263,7,255,238,17,24,17,7,14,9,5,9,7,2,1,1,0,1,0,1,0,0,0
95BB06,1670,1518,152,1670,1518,152,1178,1066,112,73,68,5,233,225,8,872,773,99,492,452,40,452,418,34,20,18,2,20,16,4,0,0,0,0,0,0
95BB07,1383,1315,68,1383,1315,68,1179,1133,46,300,294,6,430,421,9,449,418,31,203,181,22,175,161,14,12,11,1,16,9,7,1,1,0,0,0,0
95BB08,1083,1068,15,1083,1068,15,1059,1044,15,158,157,1,648,638,10,253,249,4,24,24,0,23,23,0,1,1,0,0,0,0,0,0,0,0,0,0
95BB09,1332,1253,79,1332,1253,79,1221,1169,52,541,531,10,368,353,15,312,285,27,110,83,27,82,69,13,28,14,14,0,0,0,1,1,0,0,0,0
95BB10,1685,1509,176,1685,1509,176,1400,1262,138,645,599,46,207,198,9,548,465,83,284,246,38,251,219,32,14,12,2,19,15,4,1,1,0,0,0,0
95BB11,1432,1338,94,1432,1338,94,1291,1213,78,356,330,26,431,420,11,504,463,41,141,125,16,140,124,16,1,1,0,0,0,0,0,0,0,0,0,0
95BB12,1191,1130,61,1191,1130,61,1139,1082,57,444,427,17,122,120,2,573,535,38,52,48,4,45,41,4,6,6,0,1,1,0,0,0,0,0,0,0
95BB13,1728,1687,41,1728,1687,41,1685,1646,39,560,550,10,749,736,13,376,360,16,43,41,2,36,35,1,6,5,1,1,1,0,0,0,0,0,0,0
95BB14,1251,1172,79,1251,1172,79,1239,1165,74,963,909,54,149,133,16,127,123,4,11,6,5,10,5,5,1,1,0,0,0,0,1,1,0,0,0,0
95BB15,1408,1287,121,1408,1287,121,1393,1274,119,757,688,69,303,281,22,333,305,28,11,10,1,8,7,1,1,1,0,2,2,0,4,3,1,0,0,0
95BB16,1231,1176,55,1231,1176,55,1220,1167,53,964,921,43,153,150,3,103,96,7,11,9,2,5,4,1,4,3,1,2,2,0,0,0,0,0,0,0
95BB17,1447,1399,48,1447,1399,48,1430,1384,46,446,421,25,662,653,9,322,310,12,17,15,2,11,11,0,5,3,2,1,1,0,0,0,0,0,0,0
95BB18,1759,1638,121,1759,1638,121,1713,1604,109,746,709,37,625,588,37,342,307,35,43,32,11,28,22,6,10,7,3,5,3,2,3,2,1,0,0,0
95BB19,1771,1724,47,1771,1724,47,1728,1685,43,706,696,10,833,816,17,189,173,16,43,39,4,39,38,1,4,1,3,0,0,0,0,0,0,0,0,0
95BB20,1441,1290,151,1441,1290,151,1349,1241,108,511,462,49,311,300,11,527,479,48,91,49,42,75,36,39,4,2,2,12,11,1,1,0,1,0,0,0
95BB21,2077,1821,256,2077,1821,256,2006,1775,231,993,891,102,607,558,49,406,326,80,69,45,24,65,41,24,2,2,0,2,2,0,2,1,1,0,0,0
95BB22,1239,1194,45,1239,1194,45,1023,1000,23,158,155,3,355,352,3,510,493,17,216,194,22,216,194,22,0,0,0,0,0,0,0,0,0,0,0,0
95BB23,1185,1161,24,1185,1161,24,1166,1144,22,704,694,10,409,403,6,53,47,6,19,17,2,17,16,1,1,1,0,1,0,1,0,0,0,0,0,0
95CC01,956,904,52,956,904,52,864,830,34,271,264,7,282,274,8,311,292,19,92,74,18,77,65,12,7,6,1,8,3,5,0,0,0,0,0,0
95CC02,931,875,56,931,875,56,928,872,56,783,736,47,121,114,7,24,22,2,0,0,0,0,0,0,0,0,0,0,0,0,3,3,0,0,0,0
95CC03,1200,1127,73,1200,1127,73,978,944,34,172,172,0,329,324,5,477,448,29,222,183,39,182,149,33,27,22,5,13,12,1,0,0,0,0,0,0
95CC04,891,790,101,891,790,101,882,782,100,652,590,62,113,104,9,117,88,29,1,1,0,1,1,0,0,0,0,0,0,0,8,7,1,0,0,0
95CC05,1021,954,67,1021,954,67,996,936,60,715,665,50,180,175,5,101,96,5,19,14,5,11,10,1,8,4,4,0,0,0,6,4,2,0,0,0
95CC06,1150,1096,54,1150,1096,54,1128,1082,46,575,556,19,471,448,23,82,78,4,22,14,8,17,10,7,5,4,1,0,0,0,0,0,0,0,0,0
95CC07,1234,1108,126,1234,1108,126,1201,1077,124,917,818,99,243,222,21,41,37,4,26,26,0,23,23,0,3,3,0,0,0,0,7,5,2,0,0,0
95CC08,1056,990,66,1056,990,66,995,942,53,255,251,4,377,355,22,363,336,27,61,48,13,54,43,11,0,0,0,7,5,2,0,0,0,0,0,0
95CC09,1290,1190,100,1290,1190,100,1268,1173,95,892,831,61,274,253,21,102,89,13,12,7,5,3,3,0,9,4,5,0,0,0,10,10,0,0,0,0
95CC10,974,901,73,974,901,73,968,895,73,722,661,61,159,153,6,87,81,6,2,2,0,0,0,0,2,2,0,0,0,0,4,4,0,0,0,0
95CC11,896,786,110,896,786,110,802,726,76,153,147,6,305,280,25,344,299,45,94,60,34,60,44,16,16,7,9,18,9,9,0,0,0,0,0,0
95CC12,959,890,69,959,890,69,938,879,59,754,711,43,126,120,6,58,48,10,7,4,3,2,1,1,2,0,2,3,3,0,14,7,7,0,0,0
95CC13,869,817,52,869,817,52,860,808,52,614,578,36,170,162,8,76,68,8,6,6,0,1,1,0,3,3,0,2,2,0,3,3,0,0,0,0
95CC14,1192,1132,60,1192,1132,60,1191,1131,60,663,637,26,363,349,14,165,145,20,1,1,0,0,0,0,1,1,0,0,0,0,0,0,0,0,0,0
95CC15,1092,1007,85,1092,1007,85,1081,999,82,757,694,63,203,191,12,121,114,7,7,6,1,3,3,0,4,3,1,0,0,0,4,2,2,0,0,0
95CC16,1126,1076,50,1126,1076,50,1081,1033,48,517,495,22,269,258,11,295,280,15,41,39,2,34,33,1,1,0,1,6,6,0,4,4,0,0,0,0
95CC17,971,897,74,971,897,74,957,885,72,668,625,43,108,99,9,181,161,20,4,4,0,2,2,0,1,1,0,1,1,0,10,8,2,0,0,0
95CC18,1017,937,80,1017,937,80,930,877,53,510,495,15,242,233,9,178,149,29,86,60,26,58,45,13,3,2,1,25,13,12,1,0,1,0,0,0
95CC19,1053,981,72,1053,981,72,1036,967,69,702,653,49,186,180,6,148,134,14,11,8,3,7,5,2,1,1,0,3,2,1,6,6,0,0,0,0
95CC20,1165,1127,38,1165,1127,38,1117,1079,38,543,521,22,428,418,10,146,140,6,48,48,0,39,39,0,6,6,0,3,3,0,0,0,0,0,0,0
95CC21,1237,1167,70,1237,1167,70,1156,1098,58,541,523,18,317,304,13,298,271,27,81,69,12,64,56,8,7,6,1,10,7,3,0,0,0,0,0,0
95CC22,911,842,69,911,842,69,751,705,46,111,108,3,290,266,24,350,331,19,160,137,23,141,128,13,15,8,7,4,1,3,0,0,0,0,0,0
95DD01,881,836,45,881,836,45,831,795,36,546,521,25,198,196,2,87,78,9,50,41,9,46,38,8,4,3,1,0,0,0,0,0,0,0,0,0
95DD02,1533,1490,43,1533,1490,43,1455,1419,36,639,621,18,539,530,9,277,268,9,76,69,7,73,69,4,3,0,3,0,0,0,2,2,0,0,0,0
95DD03,1431,1389,42,1431,1389,42,1363,1332,31,727,710,17,494,489,5,142,133,9,68,57,11,60,51,9,7,6,1,1,0,1,0,0,0,0,0,0
95DD04,886,859,27,886,859,27,724,704,20,90,90,0,195,192,3,439,422,17,162,155,7,160,153,7,2,2,0,0,0,0,0,0,0,0,0,0
95DD05,705,685,20,705,685,20,676,659,17,105,104,1,203,199,4,368,356,12,29,26,3,29,26,3,0,0,0,0,0,0,0,0,0,0,0,0
95DD06,967,944,23,967,944,23,955,932,23,783,766,17,155,149,6,17,17,0,12,12,0,11,11,0,1,1,0,0,0,0,0,0,0,0,0,0
95DD07,1467,1412,55,1467,1412,55,1319,1276,43,628,613,15,354,344,10,337,319,18,148,136,12,137,127,10,5,4,1,6,5,1,0,0,0,0,0,0
95DD08,1098,1041,57,1098,1041,57,724,688,36,66,62,4,216,211,5,442,415,27,374,353,21,314,307,7,50,36,14,10,10,0,0,0,0,0,0,0
95DD09,981,929,52,981,929,52,975,923,52,832,788,44,97,92,5,46,43,3,2,2,0,1,1,0,0,0,0,1,1,0,4,4,0,0,0,0
95DD10,1224,1180,44,1224,1180,44,1156,1118,38,437,425,12,322,306,16,397,387,10,66,60,6,61,55,6,3,3,0,2,2,0,2,2,0,0,0,0
95DD11,974,955,19,974,955,19,852,836,16,174,173,1,138,137,1,540,526,14,122,119,3,112,110,2,9,8,1,1,1,0,0,0,0,0,0,0
95DD12,934,890,44,934,890,44,925,881,44,734,694,40,158,155,3,33,32,1,5,5,0,2,2,0,1,1,0,2,2,0,4,4,0,0,0,0
95DD13,768,741,27,768,741,27,650,631,19,91,86,5,334,329,5,225,216,9,118,110,8,110,102,8,4,4,0,4,4,0,0,0,0,0,0,0
95DD14,1288,1233,55,1288,1233,55,1245,1198,47,736,709,27,369,354,15,140,135,5,42,34,8,36,31,5,3,2,1,3,1,2,1,1,0,0,0,0
95DD15,1228,1174,54,1228,1174,54,1209,1159,50,848,812,36,218,213,5,143,134,9,16,12,4,9,6,3,4,4,0,3,2,1,3,3,0,0,0,0
95DD16,1092,1019,73,1092,1019,73,1078,1006,72,906,842,64,118,111,7,54,53,1,6,6,0,4,4,0,2,2,0,0,0,0,8,7,1,0,0,0
95DD17,1207,1148,59,1207,1148,59,1193,1137,56,981,933,48,151,144,7,61,60,1,7,6,1,6,6,0,0,0,0,1,0,1,7,5,2,0,0,0
95DD18,933,873,60,933,873,60,837,783,54,172,170,2,291,274,17,374,339,35,96,90,6,73,69,4,13,11,2,10,10,0,0,0,0,0,0,0
95DD19,1319,1275,44,1319,1275,44,1302,1261,41,611,597,14,414,395,19,277,269,8,15,12,3,6,6,0,0,0,0,9,6,3,2,2,0,0,0,0
95DD20,866,826,40,866,826,40,583,563,20,44,44,0,157,150,7,382,369,13,283,263,20,277,258,19,1,1,0,5,4,1,0,0,0,0,0,0
95DD21,927,891,36,927,891,36,850,819,31,337,332,5,256,251,5,257,236,21,77,72,5,66,65,1,10,7,3,1,0,1,0,0,0,0,0,0
95DD22,1209,1156,53,1209,1156,53,1141,1104,37,744,722,22,263,256,7,134,126,8,68,52,16,48,44,4,9,4,5,11,4,7,0,0,0,0,0,0
95DD23,950,881,69,950,881,69,936,869,67,837,776,61,78,75,3,21,18,3,9,7,2,5,4,1,4,3,1,0,0,0,5,5,0,0,0,0
95DD24,1005,990,15,1005,990,15,968,955,13,376,373,3,550,540,10,42,42,0,36,34,2,31,29,2,5,5,0,0,0,0,1,1,0,0,0,0
95EE01,600,592,8,600,592,8,594,587,7,370,366,4,188,185,3,36,36,0,4,3,1,0,0,0,3,3,0,1,0,1,2,2,0,0,0,0
95EE02,823,790,33,823,790,33,816,784,32,440,428,12,303,287,16,73,69,4,5,5,0,2,2,0,0,0,0,3,3,0,2,1,1,0,0,0
95EE03,838,808,30,838,808,30,795,768,27,443,429,14,207,202,5,145,137,8,43,40,3,37,34,3,5,5,0,1,1,0,0,0,0,0,0,0
95EE04,758,736,22,758,736,22,751,730,21,312,299,13,377,373,4,62,58,4,7,6,1,4,4,0,0,0,0,3,2,1,0,0,0,0,0,0
95EE05,600,577,23,600,577,23,585,565,20,336,323,13,234,227,7,15,15,0,13,10,3,12,9,3,1,1,0,0,0,0,2,2,0,0,0,0
95EE06,712,692,20,712,692,20,705,685,20,426,416,10,228,222,6,51,47,4,6,6,0,3,3,0,1,1,0,2,2,0,1,1,0,0,0,0
95EE07,767,740,27,767,740,27,766,739,27,233,227,6,441,429,12,92,83,9,0,0,0,0,0,0,0,0,0,0,0,0,1,1,0,0,0,0
95EE08,777,711,66,777,711,66,676,633,43,412,389,23,147,142,5,117,102,15,101,78,23,74,65,9,16,8,8,11,5,6,0,0,0,0,0,0
95EE09,632,605,27,632,605,27,624,598,26,445,423,22,143,140,3,36,35,1,4,4,0,2,2,0,1,1,0,1,1,0,4,3,1,0,0,0
95EE10,619,598,21,619,598,21,609,588,21,378,363,15,156,151,5,75,74,1,8,8,0,4,4,0,2,2,0,2,2,0,2,2,0,0,0,0
95EE11,567,551,16,567,551,16,561,547,14,435,421,14,123,123,0,3,3,0,2,2,0,1,1,0,1,1,0,0,0,0,4,2,2,0,0,0
95EE12,1095,1059,36,1095,1059,36,1027,1001,26,269,258,11,511,503,8,247,240,7,68,58,10,66,56,10,2,2,0,0,0,0,0,0,0,0,0,0
95EE13,785,718,67,783,717,66,614,574,40,256,244,12,123,120,3,235,210,25,169,143,26,141,129,12,17,9,8,11,5,6,0,0,0,2,1,1
95EE14,1060,1016,44,1060,1016,44,1055,1011,44,590,569,21,388,380,8,77,62,15,4,4,0,2,2,0,2,2,0,0,0,0,1,1,0,0,0,0
95EE15,628,606,22,628,606,22,627,605,22,378,360,18,237,233,4,12,12,0,0,0,0,0,0,0,0,0,0,0,0,0,1,1,0,0,0,0
95EE16,757,709,48,757,709,48,750,705,45,482,448,34,258,247,11,10,10,0,3,0,3,0,0,0,0,0,0,3,0,3,4,4,0,0,0,0
95FF01,1795,1740,55,1795,1740,55,1759,1706,53,980,955,25,486,477,9,293,274,19,36,34,2,35,33,2,1,1,0,0,0,0,0,0,0,0,0,0
95FF02,1007,923,84,1007,923,84,985,903,82,821,753,68,98,88,10,66,62,4,4,4,0,1,1,0,2,2,0,1,1,0,18,16,2,0,0,0
95FF03,1216,1169,47,1216,1169,47,1178,1132,46,200,198,2,659,648,11,319,286,33,38,37,1,36,35,1,2,2,0,0,0,0,0,0,0,0,0,0
95FF04,920,862,58,920,862,58,913,856,57,789,735,54,76,75,1,48,46,2,3,3,0,1,1,0,2,2,0,0,0,0,4,3,1,0,0,0
95FF05,1195,1119,76,1192,1117,75,1108,1059,49,329,317,12,332,321,11,447,421,26,84,58,26,65,52,13,7,2,5,12,4,8,0,0,0,3,2,1
95FF06,1608,1540,68,1608,1540,68,1512,1457,55,840,822,18,384,374,10,288,261,27,96,83,13,89,77,12,5,4,1,2,2,0,0,0,0,0,0,0
95FF07,1222,1154,68,1222,1154,68,1059,1012,47,181,176,5,335,329,6,543,507,36,163,142,21,160,139,21,2,2,0,1,1,0,0,0,0,0,0,0
95FF08,1040,993,47,1040,993,47,905,868,37,382,369,13,309,304,5,214,195,19,135,125,10,127,119,8,3,3,0,5,3,2,0,0,0,0,0,0
95FF09,1066,1000,66,1066,1000,66,1008,955,53,391,373,18,243,238,5,374,344,30,58,45,13,38,33,5,12,9,3,8,3,5,0,0,0,0,0,0
95FF10,1309,1216,93,1309,1216,93,1282,1197,85,936,876,60,194,178,16,152,143,9,16,12,4,11,8,3,4,3,1,1,1,0,11,7,4,0,0,0
95FF11,938,873,65,938,873,65,925,861,64,813,756,57,57,53,4,55,52,3,1,1,0,1,1,0,0,0,0,0,0,0,12,11,1,0,0,0
95FF12,1059,1018,41,1059,1018,41,1051,1011,40,567,549,18,286,274,12,198,188,10,6,6,0,6,6,0,0,0,0,0,0,0,2,1,1,0,0,0
95FF13,1019,977,42,1019,977,42,1005,964,41,611,591,20,201,196,5,193,177,16,10,9,1,3,3,0,5,5,0,2,1,1,4,4,0,0,0,0
95FF14,953,862,91,953,862,91,949,858,91,844,775,69,25,21,4,80,62,18,1,1,0,1,1,0,0,0,0,0,0,0,3,3,0,0,0,0
95FF15,1136,1073,63,1136,1073,63,1087,1034,53,275,267,8,471,453,18,341,314,27,48,38,10,30,25,5,2,2,0,16,11,5,1,1,0,0,0,0
95FF16,976,927,49,976,927,49,892,852,40,515,503,12,176,164,12,201,185,16,82,73,9,78,70,8,4,3,1,0,0,0,2,2,0,0,0,0
95FF17,919,857,62,919,857,62,774,729,45,121,118,3,135,135,0,518,476,42,145,128,17,117,109,8,6,6,0,22,13,9,0,0,0,0,0,0
95GG01,2055,2004,51,2053,2002,51,1796,1770,26,133,130,3,930,917,13,733,723,10,257,232,25,245,220,25,4,4,0,8,8,0,0,0,0,2,2,0
95GG02,2697,2568,129,2697,2568,129,2435,2320,115,138,137,1,240,238,2,2057,1945,112,261,247,14,234,221,13,26,25,1,1,1,0,1,1,0,0,0,0
95GG03,2819,2667,152,2815,2663,152,2285,2183,102,265,256,9,1148,1122,26,872,805,67,530,480,50,432,409,23,94,69,25,4,2,2,0,0,0,4,4,0
95GG04,2450,2297,153,2450,2297,153,1759,1688,71,107,107,0,209,207,2,1443,1374,69,691,609,82,651,583,68,36,24,12,4,2,2,0,0,0,0,0,0
95GG05,3056,2800,256,3052,2796,256,2361,2247,114,76,74,2,496,476,20,1789,1697,92,691,549,142,605,474,131,76,66,10,10,9,1,0,0,0,4,4,0
95GG06,2485,2381,104,2485,2381,104,2415,2318,97,202,200,2,1681,1600,81,532,518,14,70,63,7,61,54,7,5,5,0,4,4,0,0,0,0,0,0,0
95GG07,2409,2269,140,2409,2269,140,2087,2005,82,102,101,1,463,454,9,1522,1450,72,320,262,58,284,227,57,23,23,0,13,12,1,2,2,0,0,0,0
95GG08,2312,2151,161,2312,2151,161,1966,1864,102,338,326,12,1220,1161,59,408,377,31,346,287,59,330,271,59,2,2,0,14,14,0,0,0,0,0,0,0
95GG09,2738,2604,134,2738,2604,134,2396,2342,54,537,528,9,1225,1203,22,634,611,23,342,262,80,320,241,79,14,14,0,8,7,1,0,0,0,0,0,0
95GG10,2220,2017,203,2220,2017,203,2071,1880,191,80,78,2,149,148,1,1842,1654,188,149,137,12,137,126,11,12,11,1,0,0,0,0,0,0,0,0,0
95GG11,2866,2686,180,2864,2684,180,2456,2316,140,137,132,5,676,656,20,1643,1528,115,407,367,40,350,322,28,44,37,7,13,8,5,1,1,0,2,2,0
95GG12,4508,3429,1079,4479,3409,1070,2295,1921,374,114,107,7,226,221,5,1955,1593,362,2184,1488,696,944,762,182,1204,701,503,36,25,11,0,0,0,29,20,9
95GG13,2237,2116,121,2237,2116,121,1696,1647,49,340,333,7,784,763,21,572,551,21,540,468,72,516,445,71,23,22,1,1,1,0,1,1,0,0,0,0
95GG14,1860,1817,43,1860,1817,43,1773,1736,37,934,914,20,754,742,12,85,80,5,87,81,6,73,67,6,13,13,0,1,1,0,0,0,0,0,0,0
95GG15,2670,2544,126,2668,2542,126,2201,2120,81,778,757,21,946,909,37,477,454,23,467,422,45,453,409,44,12,11,1,2,2,0,0,0,0,2,2,0
95GG16,2397,2230,167,2386,2221,165,1766,1699,67,201,194,7,677,667,10,888,838,50,620,522,98,373,356,17,243,162,81,4,4,0,0,0,0,11,9,2
95GG17,2237,2137,100,2237,2137,100,2129,2041,88,303,298,5,1234,1211,23,592,532,60,108,96,12,93,86,7,14,9,5,1,1,0,0,0,0,0,0,0
95GG18,2283,2143,140,2283,2143,140,1923,1825,98,72,72,0,295,294,1,1556,1459,97,359,317,42,337,297,40,15,14,1,7,6,1,1,1,0,0,0,0
95GG19,2366,2239,127,2363,2236,127,1988,1904,84,152,151,1,502,501,1,1334,1252,82,375,332,43,354,315,39,15,13,2,6,4,2,0,0,0,3,3,0
95GG20,2879,2359,520,2875,2355,520,1754,1649,105,123,123,0,418,415,3,1213,1111,102,1121,706,415,1069,664,405,37,30,7,15,12,3,0,0,0,4,4,0
95GG21,2417,2262,155,2417,2262,155,1803,1750,53,130,130,0,266,266,0,1407,1354,53,614,512,102,578,484,94,24,21,3,12,7,5,0,0,0,0,0,0
95GG22,2282,2208,74,2282,2208,74,2005,1946,59,167,161,6,1186,1156,30,652,629,23,277,262,15,262,253,9,10,8,2,5,1,4,0,0,0,0,0,0
95GG23,1878,1821,57,1878,1821,57,1706,1667,39,509,502,7,870,845,25,327,320,7,172,154,18,162,145,17,5,5,0,5,4,1,0,0,0,0,0,0
95GG24,2092,1945,147,2092,1945,147,1868,1741,127,324,318,6,570,549,21,974,874,100,224,204,20,195,178,17,25,22,3,4,4,0,0,0,0,0,0,0
95GG25,2236,2194,42,2236,2194,42,1764,1742,22,164,164,0,680,674,6,920,904,16,472,452,20,448,432,16,21,18,3,3,2,1,0,0,0,0,0,0
95GG26,1753,1654,99,1753,1654,99,1633,1550,83,124,117,7,547,524,23,962,909,53,120,104,16,113,98,15,6,6,0,1,0,1,0,0,0,0,0,0
95GG27,2559,2467,92,2559,2467,92,1986,1973,13,196,195,1,705,698,7,1085,1080,5,573,494,79,563,485,78,6,6,0,4,3,1,0,0,0,0,0,0
95GG28,2411,2325,86,2411,2325,86,2177,2124,53,223,219,4,1014,986,28,940,919,21,234,201,33,224,191,33,10,10,0,0,0,0,0,0,0,0,0,0
95GG29,2924,2430,494,2922,2428,494,1905,1805,100,86,86,0,413,407,6,1406,1312,94,1017,623,394,970,589,381,34,29,5,13,5,8,0,0,0,2,2,0
95GG30,2172,2083,89,2172,2083,89,1831,1781,50,376,367,9,1116,1090,26,339,324,15,341,302,39,306,270,36,33,30,3,2,2,0,0,0,0,0,0,0
95GG31,2516,2463,53,2516,2463,53,2212,2185,27,120,118,2,1298,1288,10,794,779,15,304,278,26,287,266,21,16,11,5,1,1,0,0,0,0,0,0,0
95GG32,2804,2649,155,2800,2645,155,2633,2508,125,383,365,18,1173,1146,27,1077,997,80,157,128,29,149,120,29,7,7,0,1,1,0,10,9,1,4,4,0
95GG33,2371,2195,176,2371,2195,176,1855,1762,93,1024,982,42,469,451,18,362,329,33,516,433,83,417,359,58,74,54,20,25,20,5,0,0,0,0,0,0
95GG34,2102,1999,103,2102,1999,103,1765,1716,49,237,230,7,1030,1004,26,498,482,16,337,283,54,326,274,52,7,7,0,4,2,2,0,0,0,0,0,0
95GG35,2449,2244,205,2444,2240,204,1642,1580,62,98,98,0,229,229,0,1315,1253,62,802,660,142,769,634,135,24,22,2,9,4,5,0,0,0,5,4,1
95GG36,2586,2481,105,2586,2481,105,2396,2305,91,157,146,11,1809,1752,57,430,407,23,190,176,14,178,166,12,5,5,0,7,5,2,0,0,0,0,0,0
95GG37,2813,2687,126,2813,2687,126,2303,2209,94,280,271,9,985,951,34,1038,987,51,510,478,32,462,437,25,41,36,5,7,5,2,0,0,0,0,0,0
95GG38,3046,2915,131,3042,2911,131,2101,2045,56,288,278,10,1165,1144,21,648,623,25,940,865,75,843,776,67,89,83,6,8,6,2,1,1,0,4,4,0
95GG39,4029,3616,413,4023,3610,413,2035,1963,72,111,110,1,201,198,3,1723,1655,68,1988,1647,341,1917,1586,331,55,47,8,16,14,2,0,0,0,6,6,0
95GG40,1996,1861,135,1996,1861,135,1694,1605,89,153,151,2,338,335,3,1203,1119,84,300,254,46,288,246,42,7,7,0,5,1,4,2,2,0,0,0,0
95GG41,2289,2173,116,2289,2173,116,1952,1888,64,1304,1270,34,492,475,17,156,143,13,337,285,52,276,238,38,59,45,14,2,2,0,0,0,0,0,0,0
95GG42,2773,2606,167,2768,2601,167,2223,2135,88,711,698,13,938,906,32,574,531,43,545,466,79,427,371,56,111,89,22,7,6,1,0,0,0,5,5,0
95GG43,2444,2316,128,2444,2316,128,2100,2002,98,91,88,3,545,526,19,1464,1388,76,344,314,30,312,291,21,32,23,9,0,0,0,0,0,0,0,0,0
95GG44,2881,2705,176,2879,2703,176,2195,2066,129,116,115,1,220,220,0,1859,1731,128,684,637,47,602,568,34,68,57,11,14,12,2,0,0,0,2,2,0
95GG45,2200,2129,71,2198,2127,71,1867,1819,48,645,627,18,515,504,11,707,688,19,331,308,23,315,292,23,10,10,0,6,6,0,0,0,0,2,2,0
95GG46,1957,1932,25,1957,1932,25,1816,1798,18,111,111,0,797,794,3,908,893,15,140,133,7,131,124,7,5,5,0,4,4,0,1,1,0,0,0,0
95GG47,3176,2641,535,3163,2629,534,1889,1680,209,101,91,10,365,351,14,1423,1238,185,1273,948,325,868,672,196,374,262,112,31,14,17,1,1,0,13,12,1
95GG48,2081,2051,30,2081,2051,30,1931,1910,21,107,107,0,472,472,0,1352,1331,21,150,141,9,142,134,8,8,7,1,0,0,0,0,0,0,0,0,0
95GG49,3847,3351,496,3838,3347,491,2311,2108,203,162,147,15,369,341,28,1780,1620,160,1527,1239,288,965,792,173,510,429,81,52,18,34,0,0,0,9,4,5
95GG50,2844,2653,191,2844,2653,191,2505,2347,158,80,79,1,216,211,5,2209,2057,152,339,306,33,273,256,17,53,41,12,13,9,4,0,0,0,0,0,0
95GG51,2289,2081,208,2289,2081,208,2093,1912,181,112,111,1,573,562,11,1408,1239,169,196,169,27,176,154,22,13,9,4,7,6,1,0,0,0,0,0,0
95HH01,925,890,35,925,890,35,785,766,19,278,273,5,253,251,2,254,242,12,140,124,16,128,113,15,7,7,0,5,4,1,0,0,0,0,0,0
95HH02,1076,1063,13,1076,1063,13,1068,1055,13,569,562,7,484,478,6,15,15,0,8,8,0,7,7,0,1,1,0,0,0,0,0,0,0,0,0,0
95HH03,750,726,24,750,726,24,723,706,17,524,513,11,120,117,3,79,76,3,27,20,7,27,20,7,0,0,0,0,0,0,0,0,0,0,0,0
95HH04,1169,1160,9,1169,1160,9,1124,1116,8,671,666,5,411,408,3,42,42,0,45,44,1,44,43,1,1,1,0,0,0,0,0,0,0,0,0,0
95HH05,939,908,31,939,908,31,842,813,29,95,94,1,195,194,1,552,525,27,97,95,2,92,90,2,5,5,0,0,0,0,0,0,0,0,0,0
95HH06,1711,1682,29,1711,1682,29,1653,1630,23,1051,1039,12,484,480,4,118,111,7,55,49,6,42,36,6,5,5,0,8,8,0,3,3,0,0,0,0
95HH07,775,733,42,775,733,42,513,497,16,70,69,1,99,97,2,344,331,13,262,236,26,255,229,26,7,7,0,0,0,0,0,0,0,0,0,0
95HH08,1158,1083,75,1158,1083,75,964,908,56,488,462,26,282,272,10,194,174,20,194,175,19,179,161,18,15,14,1,0,0,0,0,0,0,0,0,0
95HH09,1590,1423,167,1590,1423,167,909,827,82,87,86,1,234,225,9,588,516,72,680,595,85,614,549,65,37,27,10,29,19,10,1,1,0,0,0,0
95HH10,983,945,38,983,945,38,946,919,27,548,540,8,185,177,8,213,202,11,37,26,11,36,26,10,1,0,1,0,0,0,0,0,0,0,0,0
95HH11,670,655,15,670,655,15,547,538,9,56,55,1,147,147,0,344,336,8,123,117,6,119,113,6,3,3,0,1,1,0,0,0,0,0,0,0
95HH12,637,626,11,637,626,11,631,620,11,198,195,3,322,317,5,111,108,3,6,6,0,6,6,0,0,0,0,0,0,0,0,0,0,0,0,0
95HH13,637,614,23,637,614,23,599,579,20,25,25,0,92,90,2,482,464,18,38,35,3,38,35,3,0,0,0,0,0,0,0,0,0,0,0,0
95HH14,789,764,25,789,764,25,625,606,19,56,55,1,138,135,3,431,416,15,164,158,6,159,153,6,1,1,0,4,4,0,0,0,0,0,0,0
95HH15,1111,1083,28,1111,1083,28,946,929,17,257,255,2,327,321,6,362,353,9,165,154,11,159,149,10,5,5,0,1,0,1,0,0,0,0,0,0
95HH16,963,917,46,963,917,46,850,824,26,401,388,13,237,235,2,212,201,11,113,93,20,87,77,10,19,13,6,7,3,4,0,0,0,0,0,0
95HH17,959,928,31,959,928,31,932,904,28,550,530,20,306,302,4,76,72,4,23,21,2,22,20,2,0,0,0,1,1,0,4,3,1,0,0,0
95II01,1305,1260,45,1305,1260,45,1224,1186,38,601,586,15,522,504,18,101,96,5,81,74,7,76,69,7,5,5,0,0,0,0,0,0,0,0,0,0
95II02,1977,1911,66,1977,1911,66,1579,1552,27,688,681,7,451,443,8,440,428,12,398,359,39,389,351,38,7,6,1,2,2,0,0,0,0,0,0,0
95II03,1339,1304,35,1339,1304,35,1291,1258,33,327,323,4,944,916,28,20,19,1,48,46,2,38,37,1,10,9,1,0,0,0,0,0,0,0,0,0
95II04,1732,1672,60,1732,1672,60,1561,1513,48,444,431,13,567,553,14,550,529,21,171,159,12,164,152,12,6,6,0,1,1,0,0,0,0,0,0,0
95II05,1332,1301,31,1332,1301,31,1238,1214,24,613,601,12,489,485,4,136,128,8,94,87,7,91,84,7,3,3,0,0,0,0,0,0,0,0,0,0
95II06,1324,1285,39,1324,1285,39,1255,1222,33,648,636,12,531,524,7,76,62,14,67,62,5,67,62,5,0,0,0,0,0,0,2,1,1,0,0,0
95II07,1049,991,58,1049,991,58,701,679,22,35,35,0,127,122,5,539,522,17,348,312,36,345,309,36,3,3,0,0,0,0,0,0,0,0,0,0
95II08,1118,1073,45,1118,1073,45,891,858,33,32,32,0,634,612,22,225,214,11,227,215,12,222,211,11,3,2,1,2,2,0,0,0,0,0,0,0
95II09,1509,1417,92,1506,1414,92,1309,1259,50,204,193,11,916,898,18,189,168,21,197,155,42,183,148,35,3,3,0,11,4,7,0,0,0,3,3,0
95II10,1179,1144,35,1179,1144,35,961,943,18,95,95,0,192,188,4,674,660,14,218,201,17,213,196,17,4,4,0,1,1,0,0,0,0,0,0,0
95II11,1082,1055,27,1082,1055,27,1015,994,21,292,284,8,709,696,13,14,14,0,67,61,6,64,58,6,3,3,0,0,0,0,0,0,0,0,0,0
95II12,1052,1007,45,1052,1007,45,965,938,27,534,523,11,407,392,15,24,23,1,87,69,18,77,59,18,2,2,0,8,8,0,0,0,0,0,0,0
95II13,1306,1253,53,1306,1253,53,944,919,25,182,175,7,402,397,5,360,347,13,362,334,28,356,328,28,3,3,0,3,3,0,0,0,0,0,0,0
95II14,1059,1026,33,1059,1026,33,1033,1010,23,449,441,8,535,520,15,49,49,0,25,15,10,25,15,10,0,0,0,0,0,0,1,1,0,0,0,0
95II15,1338,1319,19,1338,1319,19,1297,1278,19,608,602,6,643,631,12,46,45,1,41,41,0,36,36,0,3,3,0,2,2,0,0,0,0,0,0,0
95II16,926,890,36,926,890,36,861,837,24,30,29,1,574,559,15,257,249,8,65,53,12,65,53,12,0,0,0,0,0,0,0,0,0,0,0,0
95II17,1248,1190,58,1248,1190,58,904,877,27,217,212,5,435,422,13,252,243,9,344,313,31,338,307,31,3,3,0,3,3,0,0,0,0,0,0,0
95II18,1148,1090,58,1148,1090,58,826,796,30,38,37,1,211,202,9,577,557,20,321,293,28,318,290,28,3,3,0,0,0,0,1,1,0,0,0,0
95II19,1425,1389,36,1425,1389,36,1399,1366,33,907,892,15,292,276,16,200,198,2,24,21,3,22,20,2,2,1,1,0,0,0,2,2,0,0,0,0
95II20,1255,1211,44,1255,1211,44,1073,1044,29,259,247,12,684,670,14,130,127,3,182,167,15,172,157,15,9,9,0,1,1,0,0,0,0,0,0,0
95II21,1092,1045,47,1092,1045,47,911,881,30,63,62,1,258,257,1,590,562,28,181,164,17,175,158,17,6,6,0,0,0,0,0,0,0,0,0,0
95II22,1019,990,29,1019,990,29,902,881,21,200,194,6,367,362,5,335,325,10,117,109,8,113,107,6,4,2,2,0,0,0,0,0,0,0,0,0
95II23,935,910,25,935,910,25,897,874,23,102,101,1,630,611,19,165,162,3,38,36,2,37,36,1,0,0,0,1,0,1,0,0,0,0,0,0
95JJ01,928,892,36,928,892,36,924,889,35,717,691,26,173,164,9,34,34,0,3,2,1,2,2,0,0,0,0,1,0,1,1,1,0,0,0,0
95JJ02,1581,1074,507,1581,1074,507,1288,949,339,611,485,126,399,270,129,278,194,84,293,125,168,270,111,159,22,13,9,1,1,0,0,0,0,0,0,0
95JJ03,1039,1023,16,1039,1023,16,910,896,14,219,217,2,249,246,3,442,433,9,129,127,2,126,124,2,2,2,0,1,1,0,0,0,0,0,0,0
95JJ04,1625,1279,346,1625,1279,346,1479,1219,260,847,695,152,398,349,49,234,175,59,143,59,84,117,49,68,20,9,11,6,1,5,3,1,2,0,0,0
95JJ05,1007,892,115,1007,892,115,751,674,77,63,61,2,176,168,8,512,445,67,256,218,38,211,185,26,30,22,8,15,11,4,0,0,0,0,0,0
95JJ06,1105,1063,42,1105,1063,42,904,885,19,92,91,1,419,410,9,393,384,9,201,178,23,192,169,23,6,6,0,3,3,0,0,0,0,0,0,0
95JJ07,1134,1092,42,1134,1092,42,1041,1003,38,167,162,5,244,231,13,630,610,20,93,89,4,88,84,4,3,3,0,2,2,0,0,0,0,0,0,0
95JJ08,1406,1187,219,1406,1187,219,1348,1146,202,744,669,75,480,382,98,124,95,29,56,39,17,52,36,16,3,2,1,1,1,0,2,2,0,0,0,0
95JJ09,1343,839,504,1343,839,504,1221,822,399,734,544,190,359,239,120,128,39,89,120,16,104,106,12,94,14,4,10,0,0,0,2,1,1,0,0,0
95JJ10,1070,1027,43,1068,1026,42,1022,984,38,656,633,23,181,176,5,185,175,10,43,40,3,35,35,0,1,1,0,7,4,3,3,2,1,2,1,1
95JJ11,1899,1542,357,1899,1542,357,1825,1493,332,1101,928,173,569,442,127,155,123,32,73,48,25,70,46,24,3,2,1,0,0,0,1,1,0,0,0,0
95JJ12,1051,1002,49,1051,1002,49,957,919,38,478,463,15,264,254,10,215,202,13,91,80,11,67,61,6,5,5,0,19,14,5,3,3,0,0,0,0
95JJ13,1517,1457,60,1517,1457,60,1481,1432,49,883,861,22,493,472,21,105,99,6,36,25,11,34,23,11,1,1,0,1,1,0,0,0,0,0,0,0
95JJ14,870,849,21,870,849,21,867,846,21,549,536,13,215,210,5,103,100,3,2,2,0,1,1,0,0,0,0,1,1,0,1,1,0,0,0,0
95JJ15,871,779,92,871,779,92,690,648,42,350,335,15,149,140,9,191,173,18,181,131,50,161,119,42,15,9,6,5,3,2,0,0,0,0,0,0
95JJ16,1432,916,516,1428,913,515,932,665,267,184,141,43,391,287,104,357,237,120,495,247,248,431,217,214,42,19,23,22,11,11,1,1,0,4,3,1
95JJ17,856,824,32,856,824,32,848,816,32,703,671,32,114,114,0,31,31,0,7,7,0,4,4,0,3,3,0,0,0,0,1,1,0,0,0,0
95JJ18,1440,975,465,1440,975,465,833,666,167,221,175,46,218,179,39,394,312,82,607,309,298,458,239,219,113,50,63,36,20,16,0,0,0,0,0,0
95JJ19,1472,1128,344,1472,1128,344,1321,1052,269,853,706,147,345,266,79,123,80,43,150,76,74,142,71,71,6,3,3,2,2,0,1,0,1,0,0,0
95JJ20,1676,1618,58,1676,1618,58,1620,1564,56,780,759,21,604,579,25,236,226,10,56,54,2,55,53,2,1,1,0,0,0,0,0,0,0,0,0,0
95JJ21,1026,962,64,1026,962,64,930,883,47,299,285,14,347,338,9,284,260,24,96,79,17,94,77,17,0,0,0,2,2,0,0,0,0,0,0,0
95JJ22,1134,1088,46,1134,1088,46,1034,1004,30,695,683,12,225,219,6,114,102,12,100,84,16,85,74,11,7,6,1,8,4,4,0,0,0,0,0,0
95KK01,906,836,70,906,836,70,891,822,69,675,621,54,153,139,14,63,62,1,1,1,0,0,0,0,0,0,0,1,1,0,14,13,1,0,0,0
95KK02,768,722,46,768,722,46,752,708,44,440,412,28,193,188,5,119,108,11,11,9,2,6,6,0,0,0,0,5,3,2,5,5,0,0,0,0
95KK03,761,704,57,761,704,57,756,699,57,685,636,49,44,39,5,27,24,3,1,1,0,0,0,0,1,1,0,0,0,0,4,4,0,0,0,0
95KK04,1014,974,40,1014,974,40,969,933,36,381,370,11,289,277,12,299,286,13,45,41,4,40,37,3,2,2,0,3,2,1,0,0,0,0,0,0
95KK05,843,803,40,843,803,40,834,795,39,667,635,32,126,120,6,41,40,1,5,5,0,4,4,0,1,1,0,0,0,0,4,3,1,0,0,0
95KK06,761,737,24,761,737,24,724,706,18,255,253,2,203,201,2,266,252,14,37,31,6,26,22,4,6,4,2,5,5,0,0,0,0,0,0,0
95KK07,699,682,17,699,682,17,695,678,17,591,576,15,69,67,2,35,35,0,1,1,0,0,0,0,1,1,0,0,0,0,3,3,0,0,0,0
95KK08,1019,967,52,1019,967,52,996,944,52,455,428,27,333,325,8,208,191,17,21,21,0,11,11,0,0,0,0,10,10,0,2,2,0,0,0,0
95KK09,1029,947,82,1027,945,82,860,795,65,314,291,23,295,271,24,251,233,18,166,149,17,147,135,12,10,7,3,9,7,2,1,1,0,2,2,0
95KK10,739,699,40,739,699,40,729,690,39,619,590,29,76,71,5,34,29,5,1,1,0,0,0,0,1,1,0,0,0,0,9,8,1,0,0,0
95KK11,1016,982,34,1016,982,34,979,948,31,310,297,13,353,348,5,316,303,13,37,34,3,28,26,2,7,6,1,2,2,0,0,0,0,0,0,0
95KK12,848,776,72,848,776,72,829,763,66,518,478,40,174,168,6,137,117,20,17,11,6,6,6,0,5,2,3,6,3,3,2,2,0,0,0,0
95KK13,664,642,22,664,642,22,661,639,22,487,469,18,85,85,0,89,85,4,2,2,0,2,2,0,0,0,0,0,0,0,1,1,0,0,0,0
95KK14,738,703,35,738,703,35,715,685,30,432,413,19,153,142,11,130,130,0,19,15,4,13,13,0,3,2,1,3,0,3,4,3,1,0,0,0
95KK15,1006,921,85,1006,921,85,1001,916,85,785,708,77,143,139,4,73,69,4,3,3,0,1,1,0,1,1,0,1,1,0,2,2,0,0,0,0
95KK16,847,809,38,847,809,38,757,741,16,279,278,1,319,314,5,159,149,10,90,68,22,79,62,17,6,2,4,5,4,1,0,0,0,0,0,0
95LL01,1617,1579,38,1617,1579,38,1591,1557,34,1030,1003,27,432,426,6,129,128,1,18,15,3,9,9,0,3,1,2,6,5,1,8,7,1,0,0,0
95LL02,1555,1367,188,1555,1367,188,1340,1191,149,394,376,18,227,219,8,719,596,123,213,174,39,137,114,23,47,42,5,29,18,11,2,2,0,0,0,0
95LL03,1167,1092,75,1167,1092,75,941,879,62,184,176,8,353,330,23,404,373,31,223,210,13,217,204,13,5,5,0,1,1,0,3,3,0,0,0,0
95LL04,1131,1090,41,1131,1090,41,1122,1081,41,383,369,14,315,303,12,424,409,15,7,7,0,6,6,0,1,1,0,0,0,0,2,2,0,0,0,0
95LL05,1502,1454,48,1502,1454,48,1492,1446,46,1011,975,36,389,384,5,92,87,5,10,8,2,6,6,0,3,2,1,1,0,1,0,0,0,0,0,0
95LL06,1498,1408,90,1498,1408,90,1384,1305,79,440,423,17,610,569,41,334,313,21,114,103,11,106,96,10,6,6,0,2,1,1,0,0,0,0,0,0
95LL07,1059,1001,58,1059,1001,58,943,892,51,60,59,1,140,136,4,743,697,46,116,109,7,99,94,5,14,13,1,3,2,1,0,0,0,0,0,0
95LL08,1398,1326,72,1396,1324,72,1280,1214,66,219,218,1,429,423,6,632,573,59,115,109,6,108,104,4,6,4,2,1,1,0,1,1,0,2,2,0
95LL09,1493,1395,98,1493,1395,98,1183,1114,69,127,123,4,359,351,8,697,640,57,310,281,29,277,254,23,9,8,1,24,19,5,0,0,0,0,0,0
95LL10,1803,1741,62,1803,1741,62,1726,1679,47,1099,1069,30,488,483,5,139,127,12,69,56,13,62,51,11,3,3,0,4,2,2,8,6,2,0,0,0
95LL11,1519,1424,95,1519,1424,95,1504,1411,93,872,827,45,331,315,16,301,269,32,13,11,2,11,10,1,0,0,0,2,1,1,2,2,0,0,0,0
95LL12,1520,1492,28,1520,1492,28,1469,1441,28,214,213,1,390,383,7,865,845,20,49,49,0,45,45,0,3,3,0,1,1,0,2,2,0,0,0,0
95LL13,1190,1097,93,1190,1097,93,1099,1043,56,247,243,4,339,326,13,513,474,39,62,53,9,57,48,9,4,4,0,1,1,0,29,1,28,0,0,0
95LL14,995,970,25,995,970,25,990,965,25,127,126,1,354,348,6,509,491,18,5,5,0,3,3,0,2,2,0,0,0,0,0,0,0,0,0,0
95LL15,1432,1330,102,1430,1330,100,1249,1169,80,471,451,20,379,366,13,399,352,47,181,161,20,145,139,6,27,17,10,9,5,4,0,0,0,2,0,2
95LL16,2370,2282,88,2370,2282,88,2342,2254,88,1188,1155,33,843,806,37,311,293,18,26,26,0,19,19,0,6,6,0,1,1,0,2,2,0,0,0,0
95LL17,1150,1106,44,1150,1106,44,1109,1066,43,339,331,8,424,404,20,346,331,15,41,40,1,40,39,1,1,1,0,0,0,0,0,0,0,0,0,0
95LL18,1423,1331,92,1423,1331,92,1385,1297,88,592,571,21,701,655,46,92,71,21,38,34,4,32,28,4,5,5,0,1,1,0,0,0,0,0,0,0
95LL19,1982,1904,78,1982,1904,78,1945,1873,72,1154,1116,38,456,446,10,335,311,24,36,30,6,34,28,6,2,2,0,0,0,0,1,1,0,0,0,0
95LL20,979,942,37,979,942,37,934,901,33,81,79,2,382,369,13,471,453,18,45,41,4,42,39,3,2,2,0,1,0,1,0,0,0,0,0,0
95LL21,1776,1662,114,1776,1662,114,1576,1476,100,361,350,11,677,645,32,538,481,57,199,185,14,160,151,9,27,23,4,12,11,1,1,1,0,0,0,0
95LL22,1482,1424,58,1482,1424,58,1333,1294,39,277,264,13,552,540,12,504,490,14,149,130,19,146,127,19,3,3,0,0,0,0,0,0,0,0,0,0
95LL23,1046,973,73,1046,973,73,976,906,70,139,130,9,326,307,19,511,469,42,70,67,3,65,63,2,3,2,1,2,2,0,0,0,0,0,0,0
95LL24,1389,1312,77,1389,1312,77,1371,1294,77,986,930,56,285,269,16,100,95,5,14,14,0,11,11,0,2,2,0,1,1,0,4,4,0,0,0,0
95LL25,1825,1739,86,1825,1739,86,1805,1719,86,1042,1005,37,468,448,20,295,266,29,20,20,0,17,17,0,2,2,0,1,1,0,0,0,0,0,0,0
95LL26,1624,1490,134,1624,1490,134,1484,1371,113,478,465,13,294,281,13,712,625,87,140,119,21,119,107,12,16,9,7,5,3,2,0,0,0,0,0,0
95MM01,1942,1897,45,1942,1897,45,1833,1801,32,596,586,10,826,809,17,411,406,5,109,96,13,98,86,12,10,9,1,1,1,0,0,0,0,0,0,0
95MM02,1167,1144,23,1167,1144,23,1101,1082,19,693,681,12,203,200,3,205,201,4,65,62,3,59,56,3,6,6,0,0,0,0,1,0,1,0,0,0
95MM03,1206,1155,51,1206,1155,51,1198,1148,50,839,809,30,234,226,8,125,113,12,5,4,1,3,3,0,2,1,1,0,0,0,3,3,0,0,0,0
95MM04,908,890,18,908,890,18,851,834,17,66,66,0,259,255,4,526,513,13,57,56,1,45,45,0,8,8,0,4,3,1,0,0,0,0,0,0
95MM05,1095,1062,33,1091,1060,31,854,840,14,74,74,0,185,183,2,595,583,12,237,220,17,228,215,13,7,4,3,2,1,1,0,0,0,4,2,2
95MM06,962,949,13,962,949,13,859,855,4,100,100,0,151,150,1,608,605,3,103,94,9,102,93,9,1,1,0,0,0,0,0,0,0,0,0,0
95MM07,1228,1201,27,1228,1201,27,1074,1054,20,327,319,8,302,301,1,445,434,11,154,147,7,147,141,6,6,5,1,1,1,0,0,0,0,0,0,0
95MM08,1300,1238,62,1300,1238,62,1129,1089,40,343,338,5,498,482,16,288,269,19,171,149,22,167,147,20,3,2,1,1,0,1,0,0,0,0,0,0
95MM09,1250,1220,30,1250,1220,30,1216,1191,25,789,775,14,278,275,3,149,141,8,34,29,5,28,28,0,0,0,0,6,1,5,0,0,0,0,0,0
95MM10,1010,987,23,1010,987,23,952,935,17,96,96,0,333,332,1,523,507,16,58,52,6,53,48,5,5,4,1,0,0,0,0,0,0,0,0,0
95MM11,860,855,5,860,855,5,758,754,4,68,68,0,276,273,3,414,413,1,101,100,1,99,98,1,2,2,0,0,0,0,1,1,0,0,0,0
95MM12,2036,1976,60,2036,1976,60,1861,1815,46,472,454,18,867,859,8,522,502,20,174,160,14,167,153,14,5,5,0,2,2,0,1,1,0,0,0,0
95MM13,3015,2990,25,3015,2990,25,2902,2879,23,1020,1006,14,1206,1199,7,676,674,2,111,109,2,108,106,2,3,3,0,0,0,0,2,2,0,0,0,0
95MM14,1297,1176,121,1291,1170,121,992,892,100,132,125,7,162,159,3,698,608,90,297,276,21,257,249,8,34,22,12,6,5,1,2,2,0,6,6,0
95MM15,1611,1570,41,1611,1570,41,1544,1510,34,963,939,24,347,341,6,234,230,4,66,59,7,56,51,5,9,7,2,1,1,0,1,1,0,0,0,0
95MM16,2138,2079,59,2138,2079,59,2009,1959,50,777,762,15,757,739,18,475,458,17,128,119,9,116,110,6,12,9,3,0,0,0,1,1,0,0,0,0
95MM17,1376,1347,29,1376,1347,29,1305,1283,22,318,315,3,731,727,4,256,241,15,71,64,7,66,60,6,5,4,1,0,0,0,0,0,0,0,0,0
95MM18,1795,1766,29,1795,1766,29,1760,1731,29,885,873,12,554,549,5,321,309,12,35,35,0,34,34,0,1,1,0,0,0,0,0,0,0,0,0,0
95MM19,1314,1269,45,1314,1269,45,1201,1168,33,243,239,4,825,801,24,133,128,5,113,101,12,99,87,12,14,14,0,0,0,0,0,0,0,0,0,0
95MM20,1516,1469,47,1516,1469,47,1474,1432,42,292,290,2,847,817,30,335,325,10,42,37,5,41,36,5,1,1,0,0,0,0,0,0,0,0,0,0
95MM21,1277,1254,23,1277,1254,23,1266,1243,23,408,403,5,551,544,7,307,296,11,11,11,0,11,11,0,0,0,0,0,0,0,0,0,0,0,0,0
95MM22,999,973,26,999,973,26,954,929,25,312,303,9,469,463,6,173,163,10,45,44,1,34,34,0,10,9,1,1,1,0,0,0,0,0,0,0
95MM23,1229,1074,155,1210,1070,140,934,879,55,39,38,1,200,195,5,695,646,49,276,191,85,217,150,67,54,38,16,5,3,2,0,0,0,19,4,15
95MM24,906,892,14,906,892,14,875,863,12,97,96,1,267,263,4,511,504,7,31,29,2,30,28,2,1,1,0,0,0,0,0,0,0,0,0,0
95MM25,2219,2188,31,2219,2188,31,1950,1936,14,367,365,2,833,829,4,750,742,8,269,252,17,250,234,16,17,16,1,2,2,0,0,0,0,0,0,0
95MM26,1068,1056,12,1068,1056,12,1029,1019,10,224,223,1,580,574,6,225,222,3,39,37,2,37,35,2,2,2,0,0,0,0,0,0,0,0,0,0
95MM27,1891,1614,277,1882,1607,275,894,822,72,99,98,1,159,150,9,636,574,62,988,785,203,827,677,150,137,88,49,24,20,4,0,0,0,9,7,2
95MM28,1248,1095,153,1229,1088,141,761,702,59,34,34,0,57,53,4,670,615,55,468,386,82,338,307,31,107,64,43,23,15,8,0,0,0,19,7,12
95MM29,1631,1490,141,1631,1490,141,1430,1326,104,167,160,7,385,383,2,878,783,95,200,164,36,135,113,22,28,25,3,37,26,11,1,0,1,0,0,0
95MM30,938,903,35,938,903,35,722,696,26,40,40,0,103,102,1,579,554,25,216,207,9,192,187,5,21,18,3,3,2,1,0,0,0,0,0,0
95NN01,1347,1201,146,1347,1201,146,1276,1158,118,607,568,39,384,344,40,285,246,39,68,40,28,45,28,17,14,6,8,9,6,3,3,3,0,0,0,0
95NN02,849,836,13,849,836,13,824,812,12,515,512,3,157,157,0,152,143,9,25,24,1,23,22,1,2,2,0,0,0,0,0,0,0,0,0,0
95NN03,1210,1133,77,1210,1133,77,1090,1033,57,459,443,16,299,288,11,332,302,30,120,100,20,85,79,6,15,10,5,20,11,9,0,0,0,0,0,0
95NN04,1233,1175,58,1233,1175,58,1135,1087,48,234,229,5,325,321,4,576,537,39,98,88,10,85,75,10,8,8,0,5,5,0,0,0,0,0,0,0
95NN05,1123,1075,48,1123,1075,48,983,944,39,275,267,8,395,390,5,313,287,26,139,130,9,130,123,7,1,0,1,8,7,1,1,1,0,0,0,0
95NN06,1299,1237,62,1299,1237,62,1218,1167,51,482,462,20,478,465,13,258,240,18,79,69,10,44,41,3,12,9,3,23,19,4,2,1,1,0,0,0
95NN07,1309,1246,63,1309,1246,63,1121,1099,22,274,269,5,506,501,5,341,329,12,187,146,41,144,129,15,22,13,9,21,4,17,1,1,0,0,0,0
95NN08,1252,1196,56,1252,1196,56,1216,1166,50,740,708,32,268,263,5,208,195,13,35,29,6,16,15,1,5,5,0,14,9,5,1,1,0,0,0,0
95NN09,1134,1092,42,1132,1090,42,1114,1076,38,804,773,31,171,169,2,139,134,5,13,10,3,11,8,3,1,1,0,1,1,0,5,4,1,2,2,0
95NN10,1513,1290,223,1513,1290,223,1168,1045,123,768,717,51,202,186,16,198,142,56,345,245,100,293,212,81,44,27,17,8,6,2,0,0,0,0,0,0
95NN11,1352,1297,55,1352,1297,55,1344,1290,54,835,799,36,286,279,7,223,212,11,4,4,0,1,1,0,3,3,0,0,0,0,4,3,1,0,0,0
95NN12,1309,1128,181,1309,1128,181,1148,1041,107,488,451,37,297,280,17,363,310,53,159,85,74,143,73,70,9,6,3,7,6,1,2,2,0,0,0,0
95NN13,1116,1064,52,1116,1064,52,1096,1047,49,929,887,42,137,131,6,30,29,1,10,7,3,5,3,2,5,4,1,0,0,0,10,10,0,0,0,0
95NN14,1394,1205,189,1394,1205,189,1374,1191,183,737,671,66,336,307,29,301,213,88,15,12,3,7,6,1,8,6,2,0,0,0,5,2,3,0,0,0
95NN15,1311,1230,81,1311,1230,81,1145,1089,56,297,283,14,282,278,4,566,528,38,166,141,25,149,127,22,8,8,0,9,6,3,0,0,0,0,0,0
95NN16,1172,1128,44,1172,1128,44,1151,1110,41,943,905,38,146,145,1,62,60,2,13,11,2,9,7,2,4,4,0,0,0,0,8,7,1,0,0,0
95NN17,1011,928,83,1011,928,83,856,805,51,329,304,25,304,293,11,223,208,15,150,118,32,142,113,29,6,3,3,2,2,0,5,5,0,0,0,0
95NN18,1107,1023,84,1107,1023,84,1019,960,59,623,598,25,115,104,11,281,258,23,88,63,25,62,41,21,23,21,2,3,1,2,0,0,0,0,0,0
95NN19,1413,1336,77,1413,1336,77,1305,1247,58,748,728,20,312,289,23,245,230,15,108,89,19,97,83,14,2,2,0,9,4,5,0,0,0,0,0,0
95NN20,1143,1073,70,1143,1073,70,1109,1048,61,861,813,48,182,176,6,66,59,7,27,19,8,21,15,6,4,4,0,2,0,2,7,6,1,0,0,0
95NN21,1342,1151,191,1338,1151,187,1099,1004,95,590,551,39,231,208,23,278,245,33,239,147,92,197,131,66,33,8,25,9,8,1,0,0,0,4,0,4
95NN22,1147,1003,144,1145,1002,143,1112,978,134,686,608,78,257,240,17,169,130,39,26,17,9,18,11,7,2,2,0,6,4,2,7,7,0,2,1,1
95NN23,1287,1159,128,1287,1159,128,1263,1138,125,809,733,76,287,257,30,167,148,19,22,19,3,19,17,2,2,2,0,1,0,1,2,2,0,0,0,0
95OO01,860,809,51,860,809,51,855,804,51,736,698,38,92,81,11,27,25,2,1,1,0,1,1,0,0,0,0,0,0,0,4,4,0,0,0,0
95OO02,800,703,97,800,703,97,784,690,94,656,581,75,52,52,0,76,57,19,14,11,3,10,10,0,2,0,2,2,1,1,2,2,0,0,0,0
95OO03,1022,914,108,1022,914,108,955,869,86,625,566,59,200,190,10,130,113,17,58,36,22,37,27,10,3,3,0,18,6,12,9,9,0,0,0,0
95OO04,932,877,55,932,877,55,904,855,49,599,566,33,199,189,10,106,100,6,22,17,5,10,8,2,5,5,0,7,4,3,6,5,1,0,0,0
95OO05,1068,1021,47,1068,1021,47,955,918,37,177,172,5,319,315,4,459,431,28,112,102,10,105,95,10,6,6,0,1,1,0,1,1,0,0,0,0
95OO06,992,941,51,992,941,51,973,927,46,655,621,34,189,183,6,129,123,6,19,14,5,15,11,4,3,2,1,1,1,0,0,0,0,0,0,0
95OO07,902,854,48,902,854,48,897,849,48,643,612,31,170,161,9,84,76,8,4,4,0,4,4,0,0,0,0,0,0,0,1,1,0,0,0,0
95OO08,926,887,39,926,887,39,914,877,37,660,637,23,215,205,10,39,35,4,8,7,1,3,3,0,2,2,0,3,2,1,4,3,1,0,0,0
95OO09,805,744,61,805,744,61,771,717,54,563,519,44,146,139,7,62,59,3,22,18,4,17,15,2,2,2,0,3,1,2,12,9,3,0,0,0
95OO10,1210,1163,47,1210,1163,47,1176,1129,47,459,446,13,627,596,31,90,87,3,19,19,0,15,15,0,3,3,0,1,1,0,15,15,0,0,0,0
95OO11,1024,956,68,1024,956,68,929,882,47,201,195,6,351,341,10,377,346,31,88,67,21,73,53,20,8,7,1,7,7,0,7,7,0,0,0,0
95OO12,1049,999,50,1049,999,50,1036,986,50,467,448,19,444,415,29,125,123,2,11,11,0,9,9,0,2,2,0,0,0,0,2,2,0,0,0,0
95OO13,1017,976,41,1017,976,41,968,940,28,337,325,12,495,485,10,136,130,6,49,36,13,39,26,13,9,9,0,1,1,0,0,0,0,0,0,0
95OO14,909,866,43,909,866,43,900,859,41,601,579,22,177,172,5,122,108,14,4,2,2,2,0,2,2,2,0,0,0,0,5,5,0,0,0,0
95OO15,892,870,22,892,870,22,828,810,18,220,214,6,311,305,6,297,291,6,64,60,4,54,50,4,10,10,0,0,0,0,0,0,0,0,0,0
95OO16,911,853,58,911,853,58,852,808,44,462,432,30,221,219,2,169,157,12,58,44,14,37,34,3,7,5,2,14,5,9,1,1,0,0,0,0
95OO17,1026,978,48,1026,978,48,1009,966,43,694,672,22,235,217,18,80,77,3,11,7,4,10,7,3,0,0,0,1,0,1,6,5,1,0,0,0
95OO18,1163,1099,64,1163,1099,64,1017,976,41,382,365,17,407,404,3,228,207,21,145,122,23,121,103,18,18,15,3,6,4,2,1,1,0,0,0,0
95OO19,1128,1046,82,1128,1046,82,1063,1003,60,603,585,18,349,327,22,111,91,20,59,38,21,22,22,0,24,10,14,13,6,7,6,5,1,0,0,0
95OO20,887,854,33,887,854,33,861,831,30,289,282,7,355,348,7,217,201,16,26,23,3,21,18,3,5,5,0,0,0,0,0,0,0,0,0,0
95OO21,948,904,44,948,904,44,783,757,26,305,294,11,330,323,7,148,140,8,165,147,18,139,130,9,8,8,0,18,9,9,0,0,0,0,0,0
95OO22,1003,956,47,1003,956,47,992,947,45,781,757,24,194,175,19,17,15,2,4,4,0,3,3,0,1,1,0,0,0,0,7,5,2,0,0,0
95PP01,995,950,45,995,950,45,989,946,43,742,715,27,191,182,9,56,49,7,4,3,1,2,2,0,0,0,0,2,1,1,2,1,1,0,0,0
95PP02,1040,933,107,1040,933,107,1020,918,102,833,747,86,130,121,9,57,50,7,18,13,5,5,3,2,5,5,0,8,5,3,2,2,0,0,0,0
95PP03,1190,971,219,1190,971,219,1166,956,210,871,696,175,213,188,25,82,72,10,17,9,8,4,4,0,0,0,0,13,5,8,7,6,1,0,0,0
95PP04,1174,1081,93,1174,1081,93,1147,1070,77,915,868,47,167,151,16,65,51,14,27,11,16,23,8,15,3,2,1,1,1,0,0,0,0,0,0,0
95PP05,914,822,92,914,822,92,902,817,85,731,661,70,96,92,4,75,64,11,6,2,4,4,0,4,1,1,0,1,1,0,6,3,3,0,0,0
95PP06,1665,1554,111,1665,1554,111,1515,1446,69,551,534,17,678,645,33,286,267,19,150,108,42,137,97,40,10,8,2,3,3,0,0,0,0,0,0,0
95PP07,1092,987,105,1092,987,105,1073,971,102,785,723,62,143,133,10,145,115,30,16,13,3,4,4,0,8,7,1,4,2,2,3,3,0,0,0,0
95PP08,1073,960,113,1073,960,113,1053,946,107,846,757,89,155,139,16,52,50,2,13,8,5,5,5,0,3,3,0,5,0,5,7,6,1,0,0,0
95PP09,820,757,63,820,757,63,664,618,46,62,59,3,204,194,10,398,365,33,155,138,17,128,123,5,12,10,2,15,5,10,1,1,0,0,0,0
95PP10,847,798,49,847,798,49,839,790,49,720,671,49,81,81,0,38,38,0,3,3,0,1,1,0,1,1,0,1,1,0,5,5,0,0,0,0
95PP11,1098,1040,58,1098,1040,58,1008,971,37,388,375,13,306,303,3,314,293,21,89,68,21,82,62,20,7,6,1,0,0,0,1,1,0,0,0,0
95PP12,964,891,73,964,891,73,957,885,72,838,776,62,98,89,9,21,20,1,6,5,1,2,2,0,4,3,1,0,0,0,1,1,0,0,0,0
95PP13,1122,1060,62,1122,1060,62,1044,995,49,420,404,16,353,338,15,271,253,18,77,64,13,63,58,5,4,2,2,10,4,6,1,1,0,0,0,0
95PP14,1506,1347,159,1506,1347,159,1477,1326,151,975,885,90,340,305,35,162,136,26,26,19,7,11,8,3,6,6,0,9,5,4,3,2,1,0,0,0
95PP15,1151,1089,62,1151,1089,62,1142,1082,60,777,753,24,264,243,21,101,86,15,9,7,2,5,4,1,2,1,1,2,2,0,0,0,0,0,0,0
95PP16,766,705,61,766,705,61,750,690,60,647,597,50,77,70,7,26,23,3,13,12,1,13,12,1,0,0,0,0,0,0,3,3,0,0,0,0
95PP17,1105,1028,77,1105,1028,77,1052,992,60,416,386,30,346,335,11,290,271,19,53,36,17,19,18,1,22,9,13,12,9,3,0,0,0,0,0,0
95PP18,1168,1093,75,1168,1093,75,1151,1082,69,779,730,49,290,274,16,82,78,4,13,7,6,3,3,0,4,4,0,6,0,6,4,4,0,0,0,0
95PP19,1030,933,97,1030,933,97,1008,915,93,641,585,56,205,191,14,162,139,23,17,15,2,11,9,2,5,5,0,1,1,0,5,3,2,0,0,0
95PP20,1582,1379,203,1582,1379,203,1276,1160,116,446,426,20,392,364,28,438,370,68,305,218,87,245,187,58,26,18,8,34,13,21,1,1,0,0,0,0
95PP21,833,783,50,833,783,50,811,765,46,616,578,38,91,90,1,104,97,7,12,8,4,5,5,0,5,1,4,2,2,0,10,10,0,0,0,0
95PP22,1086,1010,76,1084,1008,76,1035,966,69,568,529,39,311,293,18,156,144,12,48,41,7,47,40,7,0,0,0,1,1,0,1,1,0,2,2,0
95PP23,945,898,47,945,898,47,920,875,45,714,683,31,132,126,6,74,66,8,25,23,2,11,11,0,2,2,0,12,10,2,0,0,0,0,0,0
95QQ01,765,707,58,765,707,58,707,655,52,153,149,4,92,90,2,462,416,46,58,52,6,56,50,6,2,2,0,0,0,0,0,0,0,0,0,0
95QQ02,1095,996,99,1095,996,99,1063,972,91,572,519,53,319,300,19,172,153,19,30,22,8,28,21,7,1,0,1,1,1,0,2,2,0,0,0,0
95QQ03,532,507,25,532,507,25,439,420,19,23,23,0,96,92,4,320,305,15,93,87,6,91,85,6,2,2,0,0,0,0,0,0,0,0,0,0
95QQ04,706,692,14,706,692,14,686,673,13,138,135,3,135,133,2,413,405,8,20,19,1,20,19,1,0,0,0,0,0,0,0,0,0,0,0,0
95QQ05,1177,1127,50,1175,1125,50,1120,1087,33,774,750,24,302,295,7,44,42,2,55,38,17,53,38,15,2,0,2,0,0,0,0,0,0,2,2,0
95QQ06,874,754,120,874,754,120,832,729,103,342,294,48,274,245,29,216,190,26,35,23,12,21,14,7,8,6,2,6,3,3,7,2,5,0,0,0
95QQ07,1031,919,112,1031,919,112,695,645,50,158,149,9,114,113,1,423,383,40,335,273,62,275,231,44,36,28,8,24,14,10,1,1,0,0,0,0
95QQ08,719,698,21,719,698,21,558,546,12,26,26,0,192,186,6,340,334,6,161,152,9,159,150,9,1,1,0,1,1,0,0,0,0,0,0,0
95QQ09,879,838,41,876,835,41,811,770,41,353,334,19,227,223,4,231,213,18,65,65,0,60,60,0,5,5,0,0,0,0,0,0,0,3,3,0
95QQ10,807,688,119,807,688,119,765,654,111,488,435,53,106,94,12,171,125,46,36,28,8,21,17,4,11,8,3,4,3,1,6,6,0,0,0,0
95QQ11,818,776,42,818,776,42,785,749,36,462,441,21,187,181,6,136,127,9,32,26,6,29,25,4,2,0,2,1,1,0,1,1,0,0,0,0
95QQ12,847,758,89,847,758,89,712,664,48,154,140,14,140,134,6,418,390,28,134,93,41,122,88,34,12,5,7,0,0,0,1,1,0,0,0,0
95QQ13,1141,1031,110,1141,1031,110,1122,1017,105,637,590,47,329,313,16,156,114,42,14,12,2,9,8,1,3,2,1,2,2,0,5,2,3,0,0,0
95QQ14,2143,2045,98,2143,2045,98,2045,1955,90,989,955,34,821,787,34,235,213,22,94,86,8,89,82,7,3,2,1,2,2,0,4,4,0,0,0,0
95QQ15,816,761,55,816,761,55,743,694,49,63,63,0,243,236,7,437,395,42,73,67,6,64,62,2,8,4,4,1,1,0,0,0,0,0,0,0
95RR01,1531,1502,29,1531,1502,29,1512,1484,28,1085,1060,25,359,357,2,68,67,1,18,17,1,13,13,0,4,4,0,1,0,1,1,1,0,0,0,0
95RR02,666,647,19,666,647,19,653,635,18,266,257,9,293,287,6,94,91,3,13,12,1,11,11,0,1,0,1,1,1,0,0,0,0,0,0,0
95RR03,655,617,38,655,617,38,567,533,34,79,78,1,153,151,2,335,304,31,88,84,4,81,77,4,5,5,0,2,2,0,0,0,0,0,0,0
95RR04,816,752,64,816,752,64,737,698,39,277,267,10,235,231,4,225,200,25,79,54,25,49,39,10,13,5,8,17,10,7,0,0,0,0,0,0
95RR05,988,966,22,988,966,22,954,935,19,339,334,5,436,429,7,179,172,7,34,31,3,34,31,3,0,0,0,0,0,0,0,0,0,0,0,0
95RR06,739,708,31,739,708,31,729,700,29,484,462,22,161,155,6,84,83,1,7,5,2,4,2,2,0,0,0,3,3,0,3,3,0,0,0,0
95RR07,878,859,19,878,859,19,874,855,19,443,436,7,387,376,11,44,43,1,2,2,0,1,1,0,1,1,0,0,0,0,2,2,0,0,0,0
95RR08,741,713,28,741,713,28,736,710,26,568,548,20,129,123,6,39,39,0,1,0,1,0,0,0,0,0,0,1,0,1,4,3,1,0,0,0
95RR09,1565,1381,184,1565,1381,184,1556,1373,183,567,553,14,515,482,33,474,338,136,9,8,1,5,4,1,3,3,0,1,1,0,0,0,0,0,0,0
95RR10,646,582,64,646,582,64,612,557,55,72,72,0,215,212,3,325,273,52,34,25,9,31,23,8,1,1,0,2,1,1,0,0,0,0,0,0
95RR11,682,652,30,682,652,30,679,650,29,430,409,21,161,154,7,88,87,1,1,1,0,1,1,0,0,0,0,0,0,0,2,1,1,0,0,0
95RR12,628,606,22,628,606,22,593,572,21,290,283,7,196,189,7,107,100,7,33,32,1,32,32,0,1,0,1,0,0,0,2,2,0,0,0,0
95RR13,699,657,42,699,657,42,565,540,25,212,203,9,108,105,3,245,232,13,134,117,17,110,103,7,12,5,7,12,9,3,0,0,0,0,0,0
95RR14,670,654,16,670,654,16,669,653,16,470,460,10,148,144,4,51,49,2,1,1,0,1,1,0,0,0,0,0,0,0,0,0,0,0,0,0
95RR15,825,802,23,825,802,23,817,795,22,592,574,18,149,148,1,76,73,3,5,4,1,5,4,1,0,0,0,0,0,0,3,3,0,0,0,0
95SS01,1735,1681,54,1735,1681,54,1705,1652,53,1210,1169,41,397,391,6,98,92,6,20,20,0,15,15,0,2,2,0,3,3,0,10,9,1,0,0,0
95SS02,1571,1530,41,1571,1530,41,1547,1508,39,936,918,18,450,430,20,161,160,1,24,22,2,23,21,2,1,1,0,0,0,0,0,0,0,0,0,0
95SS03,1231,1189,42,1231,1189,42,1213,1172,41,1122,1089,33,64,61,3,27,22,5,11,11,0,3,3,0,3,3,0,5,5,0,7,6,1,0,0,0
95SS04,3049,2935,114,3049,2935,114,2740,2659,81,754,734,20,1383,1350,33,603,575,28,307,275,32,297,265,32,10,10,0,0,0,0,2,1,1,0,0,0
95SS05,1504,1441,63,1504,1441,63,1402,1349,53,514,502,12,424,410,14,464,437,27,102,92,10,98,88,10,1,1,0,3,3,0,0,0,0,0,0,0
95SS06,2015,1935,80,2015,1935,80,1892,1824,68,270,266,4,902,872,30,720,686,34,123,111,12,117,105,12,4,4,0,2,2,0,0,0,0,0,0,0
95SS07,3579,3406,173,3579,3406,173,2997,2902,95,752,746,6,1662,1615,47,583,541,42,581,503,78,574,497,77,5,4,1,2,2,0,1,1,0,0,0,0
95SS08,1766,1670,96,1766,1670,96,1743,1652,91,1277,1216,61,279,267,12,187,169,18,14,11,3,5,5,0,3,3,0,6,3,3,9,7,2,0,0,0
95SS09,1402,1334,68,1402,1334,68,1360,1295,65,933,900,33,205,194,11,222,201,21,39,36,3,35,32,3,4,4,0,0,0,0,3,3,0,0,0,0
95SS10,1706,1607,99,1706,1607,99,1395,1353,42,500,497,3,510,498,12,385,358,27,311,254,57,296,243,53,5,5,0,10,6,4,0,0,0,0,0,0
95SS11,1965,1863,102,1965,1863,102,1937,1837,100,1317,1260,57,457,426,31,163,151,12,18,16,2,12,11,1,3,3,0,3,2,1,10,10,0,0,0,0
95SS12,1288,1251,37,1286,1250,36,1142,1115,27,503,494,9,339,335,4,300,286,14,144,135,9,138,130,8,6,5,1,0,0,0,0,0,0,2,1,1
95SS13,1447,1336,111,1447,1336,111,1110,1049,61,80,79,1,259,251,8,771,719,52,337,287,50,284,258,26,30,17,13,23,12,11,0,0,0,0,0,0
95SS14,1310,1246,64,1310,1246,64,1226,1171,55,332,322,10,302,287,15,592,562,30,84,75,9,82,74,8,0,0,0,2,1,1,0,0,0,0,0,0
95SS15,1615,1516,99,1615,1516,99,1505,1416,89,974,927,47,250,240,10,281,249,32,109,99,10,95,90,5,7,6,1,7,3,4,1,1,0,0,0,0
95SS16,1184,1152,32,1184,1152,32,996,974,22,189,188,1,403,399,4,404,387,17,188,178,10,176,168,8,9,9,0,3,1,2,0,0,0,0,0,0
95SS17,1831,1749,82,1831,1749,82,1644,1596,48,260,246,14,699,683,16,685,667,18,187,153,34,184,150,34,3,3,0,0,0,0,0,0,0,0,0,0
95SS18,1395,1342,53,1395,1342,53,1090,1049,41,172,166,6,389,371,18,529,512,17,305,293,12,299,289,10,4,4,0,2,0,2,0,0,0,0,0,0
95SS19,1290,1236,54,1290,1236,54,1086,1042,44,123,121,2,197,191,6,766,730,36,203,193,10,185,179,6,18,14,4,0,0,0,1,1,0,0,0,0
95SS20,1133,1096,37,1133,1096,37,1115,1080,35,472,465,7,537,515,22,106,100,6,18,16,2,15,13,2,3,3,0,0,0,0,0,0,0,0,0,0
95SS21,1715,1656,59,1715,1656,59,1700,1647,53,1152,1116,36,428,414,14,120,117,3,9,6,3,4,4,0,4,2,2,1,0,1,6,3,3,0,0,0
95SS22,1297,1254,43,1297,1254,43,1268,1226,42,554,540,14,597,576,21,117,110,7,29,28,1,24,24,0,0,0,0,5,4,1,0,0,0,0,0,0
95SS23,1591,1532,59,1591,1532,59,1509,1461,48,762,738,24,491,476,15,256,247,9,79,68,11,75,65,10,3,3,0,1,0,1,3,3,0,0,0,0
95SS24,2032,1914,118,2032,1914,118,1904,1799,105,1124,1094,30,520,463,57,260,242,18,127,114,13,121,109,12,4,3,1,2,2,0,1,1,0,0,0,0
95SS25,1163,1117,46,1163,1117,46,964,931,33,61,60,1,204,204,0,699,667,32,197,184,13,193,180,13,3,3,0,1,1,0,2,2,0,0,0,0
95SS26,1363,1314,49,1363,1314,49,1275,1239,36,294,291,3,466,456,10,515,492,23,88,75,13,83,70,13,2,2,0,3,3,0,0,0,0,0,0,0
95SS27,1249,1194,55,1249,1194,55,908,874,34,81,80,1,347,337,10,480,457,23,341,320,21,324,303,21,12,12,0,5,5,0,0,0,0,0,0,0
95SS28,1133,1071,62,1133,1071,62,1017,970,47,75,72,3,372,361,11,570,537,33,116,101,15,105,93,12,4,4,0,7,4,3,0,0,0,0,0,0
95SS29,1093,1031,62,1093,1031,62,858,843,15,37,37,0,118,118,0,703,688,15,235,188,47,229,182,47,5,5,0,1,1,0,0,0,0,0,0,0
95SS30,1172,1125,47,1168,1121,47,1097,1056,41,605,582,23,451,441,10,41,33,8,71,65,6,67,62,5,4,3,1,0,0,0,0,0,0,4,4,0
95TT01,868,838,30,868,838,30,860,830,30,727,701,26,99,97,2,34,32,2,4,4,0,1,1,0,2,2,0,1,1,0,4,4,0,0,0,0
95TT02,909,857,52,909,857,52,895,848,47,530,514,16,206,199,7,159,135,24,11,6,5,4,4,0,3,1,2,4,1,3,3,3,0,0,0,0
95TT03,1228,1175,53,1228,1175,53,1202,1152,50,514,497,17,451,441,10,237,214,23,24,21,3,11,11,0,5,4,1,8,6,2,2,2,0,0,0,0
95TT04,1074,1018,56,1074,1018,56,987,950,37,512,497,15,276,264,12,199,189,10,85,66,19,76,61,15,5,2,3,4,3,1,2,2,0,0,0,0
95TT05,1168,1129,39,1168,1129,39,1075,1044,31,420,410,10,362,358,4,293,276,17,93,85,8,71,70,1,6,6,0,16,9,7,0,0,0,0,0,0
95TT06,920,886,34,920,886,34,906,874,32,616,593,23,185,180,5,105,101,4,12,11,1,10,10,0,1,0,1,1,1,0,2,1,1,0,0,0
95TT07,901,874,27,901,874,27,894,867,27,723,702,21,117,113,4,54,52,2,1,1,0,1,1,0,0,0,0,0,0,0,6,6,0,0,0,0
95TT08,880,851,29,880,851,29,858,830,28,709,688,21,107,103,4,42,39,3,10,9,1,7,6,1,0,0,0,3,3,0,12,12,0,0,0,0
95TT09,902,874,28,902,874,28,894,866,28,744,722,22,113,109,4,37,35,2,3,3,0,1,1,0,2,2,0,0,0,0,5,5,0,0,0,0
95TT10,1086,1056,30,1086,1056,30,1035,1008,27,285,275,10,400,399,1,350,334,16,51,48,3,40,39,1,2,2,0,9,7,2,0,0,0,0,0,0
95TT11,962,945,17,962,945,17,957,940,17,750,736,14,142,141,1,65,63,2,2,2,0,0,0,0,2,2,0,0,0,0,3,3,0,0,0,0
95TT12,936,898,38,936,898,38,922,886,36,638,613,25,208,206,2,76,67,9,11,9,2,8,6,2,1,1,0,2,2,0,3,3,0,0,0,0
95TT13,1123,1107,16,1123,1107,16,1077,1069,8,403,401,2,361,358,3,313,310,3,46,38,8,34,33,1,4,4,0,8,1,7,0,0,0,0,0,0
95TT14,858,830,28,858,830,28,789,769,20,307,298,9,261,255,6,221,216,5,68,60,8,57,54,3,3,3,0,8,3,5,1,1,0,0,0,0
95TT15,856,833,23,856,833,23,849,828,21,558,543,15,150,147,3,141,138,3,5,3,2,3,3,0,0,0,0,2,0,2,2,2,0,0,0,0
95TT16,895,866,29,895,866,29,879,852,27,598,579,19,175,171,4,106,102,4,11,10,1,2,2,0,7,7,0,2,1,1,5,4,1,0,0,0
95UU01,408,384,24,408,384,24,403,382,21,231,221,10,111,101,10,61,60,1,4,1,3,0,0,0,1,1,0,3,0,3,1,1,0,0,0,0
95UU02,576,439,137,576,439,137,572,435,137,241,181,60,261,205,56,70,49,21,3,3,0,2,2,0,0,0,0,1,1,0,1,1,0,0,0,0
95UU03,540,381,159,540,381,159,419,318,101,276,223,53,103,72,31,40,23,17,121,63,58,80,43,37,12,3,9,29,17,12,0,0,0,0,0,0
95UU04,530,350,180,530,350,180,456,321,135,114,98,16,128,93,35,214,130,84,74,29,45,44,25,19,17,3,14,13,1,12,0,0,0,0,0,0
95UU05,391,373,18,391,373,18,390,372,18,236,224,12,130,126,4,24,22,2,1,1,0,1,1,0,0,0,0,0,0,0,0,0,0,0,0,0
95UU06,672,569,103,669,568,101,653,557,96,432,361,71,133,120,13,88,76,12,16,11,5,9,6,3,6,4,2,1,1,0,0,0,0,3,1,2
95UU07,452,307,145,452,307,145,444,303,141,279,213,66,120,77,43,45,13,32,7,3,4,4,2,2,1,1,0,2,0,2,1,1,0,0,0,0
95UU08,573,461,112,573,461,112,509,421,88,265,216,49,150,137,13,94,68,26,64,40,24,52,32,20,5,4,1,7,4,3,0,0,0,0,0,0
95UU09,712,594,118,712,594,118,707,593,114,426,355,71,177,155,22,104,83,21,5,1,4,2,0,2,2,1,1,1,0,1,0,0,0,0,0,0
95UU10,538,420,118,538,420,118,485,407,78,319,279,40,133,103,30,33,25,8,53,13,40,49,9,40,3,3,0,1,1,0,0,0,0,0,0,0
95UU11,393,355,38,393,355,38,387,349,38,300,269,31,85,78,7,2,2,0,6,6,0,5,5,0,1,1,0,0,0,0,0,0,0,0,0,0
95UU12,658,564,94,658,564,94,603,521,82,186,167,19,202,187,15,215,167,48,55,43,12,36,32,4,9,6,3,10,5,5,0,0,0,0,0,0
95UU13,398,333,65,398,333,65,392,327,65,252,208,44,110,98,12,30,21,9,4,4,0,1,1,0,3,3,0,0,0,0,2,2,0,0,0,0
95UU14,772,718,54,772,718,54,747,694,53,331,299,32,269,253,16,147,142,5,24,24,0,21,21,0,2,2,0,1,1,0,1,0,1,0,0,0
95UU15,395,360,35,395,360,35,392,357,35,235,217,18,118,110,8,39,30,9,2,2,0,0,0,0,1,1,0,1,1,0,1,1,0,0,0,0
95VV01,1304,1171,133,1304,1171,133,1280,1152,128,687,613,74,395,370,25,198,169,29,19,14,5,12,8,4,2,2,0,5,4,1,5,5,0,0,0,0
95VV02,1015,985,30,1015,985,30,851,830,21,81,79,2,269,265,4,501,486,15,164,155,9,139,138,1,19,12,7,6,5,1,0,0,0,0,0,0
95VV03,1021,996,25,1021,996,25,1002,977,25,226,219,7,461,450,11,315,308,7,17,17,0,10,10,0,5,5,0,2,2,0,2,2,0,0,0,0
95VV04,1125,1052,73,1125,1052,73,1110,1037,73,846,789,57,236,229,7,28,19,9,4,4,0,2,2,0,2,2,0,0,0,0,11,11,0,0,0,0
95VV05,1432,1364,68,1432,1364,68,1384,1322,62,1043,986,57,278,273,5,63,63,0,44,38,6,34,29,5,8,7,1,2,2,0,4,4,0,0,0,0
95VV06,1205,1153,52,1205,1153,52,1172,1123,49,695,655,40,386,378,8,91,90,1,26,25,1,18,18,0,4,3,1,4,4,0,7,5,2,0,0,0
95VV07,1720,1657,63,1720,1657,63,1558,1520,38,674,657,17,552,545,7,332,318,14,162,137,25,119,103,16,33,27,6,10,7,3,0,0,0,0,0,0
95VV08,1120,1006,114,1120,1006,114,1111,997,114,806,710,96,251,237,14,54,50,4,7,7,0,6,6,0,1,1,0,0,0,0,2,2,0,0,0,0
95VV09,1054,967,87,1054,967,87,998,926,72,438,384,54,412,399,13,148,143,5,53,39,14,36,31,5,4,3,1,13,5,8,3,2,1,0,0,0
95VV10,1221,1186,35,1215,1186,29,1125,1104,21,158,155,3,492,490,2,475,459,16,90,82,8,71,67,4,12,10,2,7,5,2,0,0,0,6,0,6
95VV11,1527,1484,43,1527,1484,43,1509,1466,43,780,752,28,626,611,15,103,103,0,15,15,0,14,14,0,1,1,0,0,0,0,3,3,0,0,0,0
95VV12,1201,1164,37,1201,1164,37,1174,1138,36,254,247,7,603,587,16,317,304,13,25,25,0,19,19,0,5,5,0,1,1,0,2,1,1,0,0,0
95VV13,1090,1054,36,1090,1054,36,1077,1046,31,914,884,30,157,156,1,6,6,0,4,2,2,2,2,0,1,0,1,1,0,1,9,6,3,0,0,0
95VV14,1327,1287,40,1327,1287,40,1166,1133,33,470,459,11,400,386,14,296,288,8,161,154,7,145,140,5,11,9,2,5,5,0,0,0,0,0,0,0
95VV15,1162,1140,22,1162,1140,22,1103,1082,21,221,220,1,475,467,8,407,395,12,58,57,1,50,49,1,8,8,0,0,0,0,1,1,0,0,0,0
95VV16,1101,1043,58,1101,1043,58,1066,1009,57,630,581,49,393,387,6,43,41,2,30,29,1,24,24,0,6,5,1,0,0,0,5,5,0,0,0,0
95VV17,1512,1410,102,1512,1410,102,1502,1402,100,906,826,80,500,489,11,96,87,9,6,4,2,2,2,0,1,1,0,3,1,2,4,4,0,0,0,0
95VV18,1455,1402,53,1455,1402,53,1352,1307,45,579,564,15,488,475,13,285,268,17,100,92,8,78,75,3,7,6,1,15,11,4,3,3,0,0,0,0
95VV19,1220,1172,48,1220,1172,48,1166,1123,43,503,477,26,495,483,12,168,163,5,53,49,4,45,42,3,6,5,1,2,2,0,1,0,1,0,0,0
95VV20,1048,925,123,1048,925,123,1023,903,120,812,725,87,185,155,30,26,23,3,7,6,1,2,2,0,5,4,1,0,0,0,18,16,2,0,0,0
95VV21,1306,1253,53,1306,1253,53,1288,1237,51,931,887,44,291,288,3,66,62,4,6,6,0,4,4,0,2,2,0,0,0,0,12,10,2,0,0,0
95VV22,1034,956,78,1034,956,78,1015,943,72,627,579,48,230,221,9,158,143,15,10,8,2,2,2,0,3,2,1,5,4,1,9,5,4,0,0,0
95VV23,1231,1123,108,1231,1123,108,1017,946,71,491,451,40,361,347,14,165,148,17,214,177,37,198,165,33,7,6,1,9,6,3,0,0,0,0,0,0
95VV24,1368,1258,110,1368,1258,110,1109,1058,51,410,392,18,351,334,17,348,332,16,258,199,59,223,179,44,31,17,14,4,3,1,1,1,0,0,0,0
95VV25,1350,1227,123,1350,1227,123,1338,1219,119,969,862,107,323,313,10,46,44,2,9,6,3,8,6,2,0,0,0,1,0,1,3,2,1,0,0,0
95VV26,1240,1172,68,1240,1172,68,1222,1154,68,745,695,50,404,388,16,73,71,2,13,13,0,5,5,0,4,4,0,4,4,0,5,5,0,0,0,0
95VV27,928,912,16,928,912,16,853,838,15,121,121,0,271,270,1,461,447,14,75,74,1,62,62,0,10,10,0,3,2,1,0,0,0,0,0,0
95VV28,1379,1343,36,1379,1343,36,1193,1159,34,363,360,3,350,345,5,480,454,26,186,184,2,163,162,1,19,18,1,4,4,0,0,0,0,0,0,0
95VV29,1123,1071,52,1123,1071,52,1108,1058,50,772,731,41,246,239,7,90,88,2,5,5,0,2,2,0,3,3,0,0,0,0,10,8,2,0,0,0
95VV30,1126,1098,28,1126,1098,28,1010,985,25,340,333,7,588,576,12,82,76,6,116,113,3,112,109,3,4,4,0,0,0,0,0,0,0,0,0,0
95WW01,1329,1257,72,1329,1257,72,1111,1064,47,182,176,6,360,350,10,569,538,31,218,193,25,208,184,24,6,6,0,4,3,1,0,0,0,0,0,0
95WW02,1589,1533,56,1589,1533,56,1398,1352,46,674,662,12,350,336,14,374,354,20,191,181,10,184,177,7,3,3,0,4,1,3,0,0,0,0,0,0
95WW03,1648,1583,65,1648,1583,65,1410,1356,54,378,372,6,449,432,17,583,552,31,238,227,11,225,217,8,6,5,1,7,5,2,0,0,0,0,0,0
95WW04,1112,1098,14,1112,1098,14,1096,1085,11,201,199,2,599,593,6,296,293,3,16,13,3,16,13,3,0,0,0,0,0,0,0,0,0,0,0,0
95WW05,1208,1157,51,1208,1157,51,1069,1034,35,317,307,10,577,562,15,175,165,10,139,123,16,132,119,13,6,4,2,1,0,1,0,0,0,0,0,0
95WW06,1269,1198,71,1269,1198,71,1203,1144,59,819,783,36,246,236,10,138,125,13,63,51,12,62,50,12,1,1,0,0,0,0,3,3,0,0,0,0
95WW07,1668,1602,66,1668,1602,66,1635,1571,64,824,787,37,625,613,12,186,171,15,29,28,1,26,25,1,1,1,0,2,2,0,4,3,1,0,0,0
95WW08,1065,1037,28,1065,1037,28,1059,1031,28,310,301,9,706,687,19,43,43,0,6,6,0,6,6,0,0,0,0,0,0,0,0,0,0,0,0,0
95WW09,1152,1111,41,1152,1111,41,1049,1021,28,575,564,11,208,198,10,266,259,7,103,90,13,99,86,13,4,4,0,0,0,0,0,0,0,0,0,0
95WW10,1197,1176,21,1197,1176,21,1173,1152,21,170,170,0,380,373,7,623,609,14,24,24,0,23,23,0,1,1,0,0,0,0,0,0,0,0,0,0
95WW11,1142,1106,36,1142,1106,36,1091,1064,27,650,641,9,374,365,9,67,58,9,51,42,9,48,40,8,1,1,0,2,1,1,0,0,0,0,0,0
95WW12,1151,1100,51,1151,1100,51,869,841,28,88,86,2,158,152,6,623,603,20,282,259,23,272,249,23,2,2,0,8,8,0,0,0,0,0,0,0
95WW13,1480,1433,47,1480,1433,47,1403,1361,42,674,660,14,433,419,14,296,282,14,75,70,5,72,67,5,1,1,0,2,2,0,2,2,0,0,0,0
95WW14,1091,1043,48,1091,1043,48,759,738,21,56,56,0,243,237,6,460,445,15,332,305,27,327,300,27,5,5,0,0,0,0,0,0,0,0,0,0
95WW15,1247,1229,18,1247,1229,18,1196,1184,12,382,378,4,766,758,8,48,48,0,51,45,6,50,44,6,1,1,0,0,0,0,0,0,0,0,0,0
95WW16,1307,1260,47,1307,1260,47,1090,1056,34,114,110,4,676,662,14,300,284,16,217,204,13,210,197,13,7,7,0,0,0,0,0,0,0,0,0,0
95WW17,1029,991,38,1029,991,38,895,868,27,368,365,3,206,204,2,321,299,22,134,123,11,131,120,11,2,2,0,1,1,0,0,0,0,0,0,0
95WW18,1044,1000,44,1044,1000,44,1002,961,41,114,110,4,705,680,25,183,171,12,42,39,3,35,34,1,3,3,0,4,2,2,0,0,0,0,0,0
95WW19,2257,2204,53,2257,2204,53,2152,2109,43,1640,1620,20,390,376,14,122,113,9,104,94,10,104,94,10,0,0,0,0,0,0,1,1,0,0,0,0
95WW20,3184,2974,210,3184,2974,210,2998,2804,194,1308,1274,34,1283,1138,145,407,392,15,181,166,15,168,155,13,5,5,0,8,6,2,5,4,1,0,0,0
95WW21,1540,1481,59,1540,1481,59,1268,1231,37,112,109,3,374,370,4,782,752,30,272,250,22,268,246,22,2,2,0,2,2,0,0,0,0,0,0,0
95WW22,1249,1228,21,1249,1228,21,1174,1158,16,255,255,0,286,283,3,633,620,13,75,70,5,71,66,5,4,4,0,0,0,0,0,0,0,0,0,0
95WW23,1539,1455,84,1539,1455,84,1253,1200,53,755,725,30,206,196,10,292,279,13,286,255,31,277,248,29,9,7,2,0,0,0,0,0,0,0,0,0
95WW24,1649,1578,71,1649,1578,71,1031,1007,24,83,79,4,521,515,6,427,413,14,618,571,47,610,564,46,6,5,1,2,2,0,0,0,0,0,0,0
95WW25,1234,1137,97,1234,1137,97,645,617,28,108,102,6,268,255,13,269,260,9,589,520,69,579,510,69,10,10,0,0,0,0,0,0,0,0,0,0
95XX01,1878,1849,29,1878,1849,29,1845,1820,25,1088,1073,15,699,690,9,58,57,1,33,29,4,31,27,4,2,2,0,0,0,0,0,0,0,0,0,0
95XX02,1153,1066,87,1153,1066,87,966,920,46,415,397,18,437,418,19,114,105,9,187,146,41,166,133,33,13,9,4,8,4,4,0,0,0,0,0,0
95XX03,1080,1057,23,1080,1057,23,1070,1050,20,670,660,10,381,375,6,19,15,4,10,7,3,6,6,0,4,1,3,0,0,0,0,0,0,0,0,0
95XX04,1436,1402,34,1436,1402,34,1402,1370,32,442,437,5,927,901,26,33,32,1,34,32,2,31,29,2,2,2,0,1,1,0,0,0,0,0,0,0
95XX05,1321,1238,83,1321,1238,83,1025,966,59,517,499,18,194,177,17,314,290,24,296,272,24,284,264,20,4,4,0,8,4,4,0,0,0,0,0,0
95XX06,1703,1598,105,1703,1598,105,1583,1493,90,480,474,6,458,447,11,645,572,73,120,105,15,118,103,15,2,2,0,0,0,0,0,0,0,0,0,0
95XX07,1347,1278,69,1347,1278,69,1159,1117,42,676,659,17,388,372,16,95,86,9,188,161,27,178,154,24,4,1,3,6,6,0,0,0,0,0,0,0
95XX08,1226,1173,53,1224,1171,53,1000,977,23,470,460,10,495,485,10,35,32,3,224,194,30,222,193,29,1,1,0,1,0,1,0,0,0,2,2,0
95XX09,1325,1255,70,1325,1255,70,1125,1074,51,484,463,21,563,537,26,78,74,4,200,181,19,198,179,19,0,0,0,2,2,0,0,0,0,0,0,0
95XX10,1918,1842,76,1918,1842,76,1815,1768,47,551,544,7,748,729,19,516,495,21,103,74,29,97,69,28,6,5,1,0,0,0,0,0,0,0,0,0
95XX11,2685,2621,64,2685,2621,64,2393,2340,53,679,668,11,798,777,21,916,895,21,292,281,11,290,279,11,2,2,0,0,0,0,0,0,0,0,0,0
95XX12,1071,1002,69,1071,1002,69,1019,956,63,846,796,50,121,115,6,52,45,7,52,46,6,48,42,6,2,2,0,2,2,0,0,0,0,0,0,0
95XX13,1262,1176,86,1262,1176,86,1159,1103,56,872,837,35,199,188,11,88,78,10,103,73,30,82,55,27,20,17,3,1,1,0,0,0,0,0,0,0
95XX14,1001,955,46,1001,955,46,964,924,40,723,694,29,196,187,9,45,43,2,37,31,6,24,19,5,11,10,1,2,2,0,0,0,0,0,0,0
95XX15,1253,1192,61,1253,1192,61,1000,961,39,148,139,9,409,397,12,443,425,18,253,231,22,252,230,22,1,1,0,0,0,0,0,0,0,0,0,0
95XX16,1510,1392,118,1510,1392,118,1333,1241,92,912,848,64,185,172,13,236,221,15,108,94,14,99,86,13,7,7,0,2,1,1,69,57,12,0,0,0
95XX17,1654,1425,229,1631,1414,217,1154,1062,92,173,168,5,228,214,14,753,680,73,477,352,125,216,174,42,223,147,76,38,31,7,0,0,0,23,11,12
95XX18,1460,1348,112,1454,1342,112,1074,1011,63,239,229,10,327,315,12,508,467,41,380,331,49,345,307,38,28,18,10,7,6,1,0,0,0,6,6,0
95XX19,1181,1106,75,1176,1104,72,968,929,39,618,600,18,225,209,16,125,120,5,208,175,33,167,148,19,39,26,13,2,1,1,0,0,0,5,2,3
95XX20,1474,1363,111,1474,1363,111,1154,1059,95,114,110,4,454,436,18,586,513,73,320,304,16,311,295,16,9,9,0,0,0,0,0,0,0,0,0,0
95XX21,1282,1176,106,1282,1176,106,962,926,36,631,614,17,216,210,6,115,102,13,320,250,70,285,221,64,34,28,6,1,1,0,0,0,0,0,0,0
95XX22,1067,1010,57,1067,1010,57,1032,977,55,193,187,6,510,498,12,329,292,37,35,33,2,22,22,0,4,3,1,9,8,1,0,0,0,0,0,0
95XX23,1525,1451,74,1525,1451,74,1215,1159,56,85,81,4,602,588,14,528,490,38,310,292,18,291,274,17,18,18,0,1,0,1,0,0,0,0,0,0
95XX24,1226,1184,42,1226,1184,42,1127,1097,30,298,290,8,810,788,22,19,19,0,99,87,12,98,86,12,1,1,0,0,0,0,0,0,0,0,0,0
95XX25,1138,1096,42,1138,1096,42,947,913,34,112,111,1,495,476,19,340,326,14,191,183,8,184,176,8,7,7,0,0,0,0,0,0,0,0,0,0
95YY01,918,861,57,918,861,57,885,840,45,680,644,36,144,138,6,61,58,3,32,20,12,17,15,2,10,3,7,5,2,3,1,1,0,0,0,0
95YY02,943,883,60,938,882,56,880,833,47,393,369,24,263,255,8,224,209,15,58,49,9,52,44,8,4,4,0,2,1,1,0,0,0,5,1,4
95YY03,1044,991,53,1044,991,53,1039,987,52,966,916,50,63,62,1,10,9,1,3,2,1,1,1,0,1,1,0,1,0,1,2,2,0,0,0,0
95YY04,1334,1270,64,1334,1270,64,1218,1173,45,620,603,17,353,340,13,245,230,15,116,97,19,108,90,18,7,7,0,1,0,1,0,0,0,0,0,0
95YY05,844,745,99,844,745,99,791,716,75,250,232,18,258,246,12,283,238,45,53,29,24,18,16,2,12,9,3,23,4,19,0,0,0,0,0,0
95YY06,926,858,68,926,858,68,911,847,64,540,509,31,150,142,8,221,196,25,15,11,4,6,6,0,0,0,0,9,5,4,0,0,0,0,0,0
95YY07,960,912,48,960,912,48,953,906,47,785,763,22,124,103,21,44,40,4,5,5,0,3,3,0,1,1,0,1,1,0,2,1,1,0,0,0
95YY08,834,789,45,834,789,45,814,775,39,568,537,31,145,139,6,101,99,2,16,12,4,10,8,2,1,0,1,5,4,1,4,2,2,0,0,0
95YY09,1101,1014,87,1101,1014,87,925,885,40,453,442,11,291,280,11,181,163,18,176,129,47,150,115,35,8,8,0,18,6,12,0,0,0,0,0,0
95YY10,738,705,33,738,705,33,738,705,33,700,668,32,35,34,1,3,3,0,0,0,0,0,0,0,0,0,0,0,0,0,0,0,0,0,0,0
95YY11,901,820,81,901,820,81,853,800,53,458,430,28,156,151,5,239,219,20,46,18,28,43,16,27,0,0,0,3,2,1,2,2,0,0,0,0
95YY12,1002,932,70,1002,932,70,940,885,55,673,645,28,157,148,9,110,92,18,60,45,15,53,43,10,3,1,2,4,1,3,2,2,0,0,0,0
95YY13,1155,1118,37,1155,1118,37,1081,1051,30,258,256,2,498,481,17,325,314,11,74,67,7,69,62,7,4,4,0,1,1,0,0,0,0,0,0,0
95YY14,1200,1147,53,1200,1147,53,1164,1118,46,471,452,19,562,543,19,131,123,8,36,29,7,36,29,7,0,0,0,0,0,0,0,0,0,0,0,0
95YY15,983,889,94,979,885,94,872,791,81,250,233,17,196,189,7,426,369,57,107,94,13,101,89,12,6,5,1,0,0,0,0,0,0,4,4,0
95YY16,834,798,36,834,798,36,832,796,36,747,717,30,69,64,5,16,15,1,1,1,0,1,1,0,0,0,0,0,0,0,1,1,0,0,0,0
95YY17,800,746,54,800,746,54,791,737,54,634,590,44,126,123,3,31,24,7,7,7,0,4,4,0,0,0,0,3,3,0,2,2,0,0,0,0
95YY18,796,746,50,796,746,50,782,736,46,652,615,37,79,75,4,51,46,5,12,8,4,4,4,0,2,2,0,6,2,4,2,2,0,0,0,0
95YY19,782,707,75,782,707,75,636,597,39,218,206,12,228,218,10,190,173,17,146,110,36,119,93,26,17,14,3,10,3,7,0,0,0,0,0,0
95YY20,782,721,61,782,721,61,775,716,59,666,619,47,69,66,3,40,31,9,5,3,2,3,1,2,1,1,0,1,1,0,2,2,0,0,0,0
95YY21,843,791,52,843,791,52,825,777,48,688,648,40,67,63,4,70,66,4,15,12,3,7,5,2,3,2,1,5,5,0,3,2,1,0,0,0
95ZZ01,1040,994,46,1040,994,46,1031,986,45,714,686,28,222,216,6,95,84,11,6,5,1,5,4,1,1,1,0,0,0,0,3,3,0,0,0,0
95ZZ02,780,751,29,780,751,29,774,745,29,97,96,1,229,223,6,448,426,22,6,6,0,4,4,0,2,2,0,0,0,0,0,0,0,0,0,0
95ZZ03,958,884,74,958,884,74,894,846,48,298,289,9,334,303,31,262,254,8,63,37,26,19,18,1,4,4,0,40,15,25,1,1,0,0,0,0
95ZZ04,953,911,42,953,911,42,945,905,40,703,674,29,197,189,8,45,42,3,7,5,2,4,3,1,1,1,0,2,1,1,1,1,0,0,0,0
95ZZ05,831,769,62,831,769,62,821,763,58,608,558,50,122,121,1,91,84,7,7,3,4,4,2,2,2,1,1,1,0,1,3,3,0,0,0,0
95ZZ06,826,786,40,826,786,40,758,731,27,114,113,1,201,199,2,443,419,24,68,55,13,58,50,8,5,4,1,5,1,4,0,0,0,0,0,0
95ZZ07,1051,1010,41,1051,1010,41,1047,1009,38,575,557,18,321,309,12,151,143,8,2,1,1,0,0,0,0,0,0,2,1,1,2,0,2,0,0,0
95ZZ08,1011,934,77,1011,934,77,995,925,70,695,648,47,209,197,12,91,80,11,6,4,2,2,2,0,2,1,1,2,1,1,10,5,5,0,0,0
95ZZ09,936,881,55,936,881,55,907,866,41,393,378,15,320,301,19,194,187,7,28,14,14,6,3,3,4,4,0,18,7,11,1,1,0,0,0,0
95ZZ10,1365,1262,103,1365,1262,103,1220,1152,68,558,543,15,404,394,10,258,215,43,145,110,35,131,101,30,8,7,1,6,2,4,0,0,0,0,0,0
95ZZ11,807,745,62,807,745,62,790,731,59,656,605,51,91,88,3,43,38,5,10,8,2,1,1,0,4,4,0,5,3,2,7,6,1,0,0,0
95ZZ12,920,868,52,920,868,52,906,855,51,284,279,5,264,251,13,358,325,33,14,13,1,8,8,0,2,1,1,4,4,0,0,0,0,0,0,0
95ZZ13,920,879,41,920,879,41,914,873,41,618,597,21,195,184,11,101,92,9,2,2,0,1,1,0,0,0,0,1,1,0,4,4,0,0,0,0
95ZZ14,1133,1111,22,1133,1111,22,1113,1093,20,419,414,5,491,484,7,203,195,8,20,18,2,19,17,2,1,1,0,0,0,0,0,0,0,0,0,0
95ZZ15,834,804,30,834,804,30,828,800,28,617,595,22,149,143,6,62,62,0,3,3,0,2,2,0,1,1,0,0,0,0,3,1,2,0,0,0
95ZZ16,1290,1228,62,1290,1228,62,1194,1148,46,437,433,4,398,375,23,359,340,19,96,80,16,87,73,14,8,6,2,1,1,0,0,0,0,0,0,0
