CODE,NAME
N00000001,N00000001
N00000002,N00000002
N00000003,N00000003
N00000004,N00000004
N00000005,N00000005
N00000006,N00000006
N00000007,N00000007
N00000008,N00000008
N00000009,N00000009
N00000010,N00000010
N00000011,N00000011
N00000012,N00000012
N00000013,N00000013
N00000014,N00000014
N00000015,N00000015
N00000016,N00000016
N00000017,N00000017
N00000018,N00000018
N00000019,N00000019
N00000020,N00000020
N00000021,N00000021
N00000022,N00000022
N00000023,N00000023
N00000024,N00000024
N00000025,N00000025
N00000026,N00000026
N00000027,N00000027
N00000028,N00000028
N00000029,N00000029
N00000030,N00000030
N00000031,N00000031
N00000032,N00000032
N00000033,N00000033
N00000034,N00000034
N00000035,N00000035
N00000036,N00000036
N00000037,N00000037
N00000038,N00000038
N00000039,N00000039
N00000040,N00000040
N00000041,N00000041
N00000042,N00000042
N00000043,N00000043
N00000044,N00000044
N00000045,N00000045
N00000046,N00000046
N00000047,N00000047
N00000048,N00000048
N00000049,N00000049
N00000050,N00000050
N00000051,N00000051
N00000052,N00000052
N00000053,N00000053
N00000054,N00000054
N00000055,N00000055
N00000056,N00000056
N00000057,N00000057
N00000058,N00000058
N00000059,N00000059
N00000060,N00000060
N00000061,N00000061
N00000062,N00000062
N00000063,N00000063
N00000064,N00000064
N00000065,N00000065
N00000066,N00000066
N00000067,N00000067
N00000068,N00000068
N00000069,N00000069
N00000070,N00000070
N00000071,N00000071
N00000072,N00000072
N00000073,N00000073
N00000074,N00000074
N00000075,N00000075
N00000076,N00000076
N00000077,N00000077
N00000078,N00000078
N00000079,N00000079
N00000080,N00000080
N00000081,N00000081
N00000082,N00000082
N00000083,N00000083
N00000084,N00000084
N00000085,N00000085
N00000086,N00000086
N00000087,N00000087
N00000088,N00000088
N00000089,N00000089
N00000090,N00000090
N00000091,N00000091
N00000092,N00000092
N00000093,N00000093
N00000094,N00000094
N00000095,N00000095
N00000096,N00000096
N00000097,N00000097
N00000098,N00000098
N00000099,N00000099
N00000100,N00000100
N00000101,N00000101
N00000102,N00000102
N00000103,N00000103
N00000104,N00000104
N00000105,N00000105
N00000106,N00000106
N00000107,N00000107
N00000108,N00000108
N00000109,N00000109
N00000110,N00000110
N00000111,N00000111
N00000112,N00000112
N00000113,N00000113
N00000114,N00000114
N00000115,N00000115
N00000116,N00000116
N00000117,N00000117
N00000118,N00000118
N00000119,N00000119
N00000120,N00000120
N00000121,N00000121
N00000122,N00000122
N00000123,N00000123
N00000124,N00000124
N00000125,N00000125
N00000126,N00000126
N00000127,N00000127
N00000128,N00000128
N00000129,N00000129
N00000130,N00000130
N00000131,N00000131
N00000132,N00000132
N00000133,N00000133
N00000134,N00000134
N00000135,N00000135
N00000136,N00000136
N00000137,N00000137
N00000138,N00000138
N00000139,N00000139
N00000140,N00000140
N00000141,N00000141
N00000142,N00000142
N00000143,N00000143
N00000144,N00000144
N00000145,N00000145
N00000146,N00000146
N00000147,N00000147
N00000148,N00000148
N00000149,N00000149
N00000150,N00000150
N00000151,N00000151
N00000152,N00000152
N00000153,N00000153
N00000154,N00000154
N00000155,N00000155
N00000156,N00000156
N00000157,N00000157
N00000158,N00000158
N00000159,N00000159
N00000160,N00000160
N00000161,N00000161
N00000162,N00000162
N00000163,N00000163
N00000164,N00000164
N00000165,N00000165
N00000166,N00000166
N00000167,N00000167
N00000168,N00000168
N00000169,N00000169
N00000170,N00000170
N00000171,N00000171
N00000172,N00000172
N00000173,N00000173
N00000174,N00000174
N00000175,N00000175
N00000176,N00000176
N00000177,N00000177
N00000178,N00000178
N00000179,N00000179
N00000180,N00000180
N00000181,N00000181
N00000182,N00000182
N00000183,N00000183
N00000184,N00000184
N00000185,N00000185
N00000186,N00000186
N00000187,N00000187
N00000188,N00000188
N00000189,N00000189
N00000190,N00000190
N00000191,N00000191
N00000192,N00000192
N00000193,N00000193
N00000194,N00000194
N00000195,N00000195
N00000196,N00000196
N00000197,N00000197
N00000198,N00000198
N00000199,N00000199
N00000200,N00000200
N00000201,N00000201
N00000202,N00000202
N00000203,N00000203
N00000204,N00000204
N00000205,N00000205
N00000206,N00000206
N00000207,N00000207
N00000208,N00000208
N00000209,N00000209
N00000210,N00000210
N00000211,N00000211
N00000212,N00000212
N00000213,N00000213
N00000214,N00000214
N00000215,N00000215
N00000216,N00000216
N00000217,N00000217
N00000218,N00000218
N00000219,N00000219
N00000220,N00000220
N00000221,N00000221
N00000222,N00000222
N00000223,N00000223
N00000224,N00000224
N00000225,N00000225
N00000226,N00000226
N00000227,N00000227
N00000228,N00000228
N00000229,N00000229
N00000230,N00000230
N00000231,N00000231
N00000232,N00000232
N00000233,N00000233
N00000234,N00000234
N00000235,N00000235
N00000236,N00000236
N00000237,N00000237
N00000238,N00000238
N00000239,N00000239
N00000240,N00000240
N00000241,N00000241
N00000242,N00000242
N00000243,N00000243
N00000244,N00000244
N00000245,N00000245
N00000246,N00000246
N00000247,N00000247
N00000248,N00000248
N00000249,N00000249
N00000250,N00000250
N00000251,N00000251
N00000252,N00000252
N00000253,N00000253
N00000254,N00000254
N00000255,N00000255
N00000256,N00000256
N00000257,N00000257
N00000258,N00000258
N00000259,N00000259
N00000260,N00000260
N00000261,N00000261
N00000262,N00000262
N00000263,N00000263
N00000264,N00000264
N00000265,N00000265
N00000266,N00000266
N00000267,N00000267
N00000268,N00000268
N00000269,N00000269
N00000270,N00000270
N00000271,N00000271
N00000272,N00000272
N00000273,N00000273
N00000274,N00000274
N00000275,N00000275
N00000276,N00000276
N00000277,N00000277
N00000278,N00000278
N00000279,N00000279
N00000280,N00000280
N00000281,N00000281
N00000282,N00000282
N00000283,N00000283
N00000284,N00000284
N00000285,N00000285
N00000286,N00000286
N00000287,N00000287
N00000288,N00000288
N00000289,N00000289
N00000290,N00000290
N00000291,N00000291
N00000292,N00000292
N00000293,N00000293
N00000294,N00000294
N00000295,N00000295
N00000296,N00000296
N00000297,N00000297
N00000298,N00000298
N00000299,N00000299
N00000300,N00000300
N00000301,N00000301
N00000302,N00000302
N00000303,N00000303
N00000304,N00000304
N00000305,N00000305
N00000306,N00000306
N00000307,N00000307
N00000308,N00000308
N00000309,N00000309
N00000310,N00000310
N00000311,N00000311
N00000312,N00000312
N00000313,N00000313
N00000314,N00000314
N00000315,N00000315
N00000316,N00000316
N00000317,N00000317
N00000318,N00000318
N00000319,N00000319
N00000320,N00000320
N00000321,N00000321
N00000322,N00000322
N00000323,N00000323
N00000324,N00000324
N00000325,N00000325
N00000326,N00000326
N00000327,N00000327
N00000328,N00000328
N00000329,N00000329
N00000330,N00000330
N00000331,N00000331
N00000332,N00000332
N00000333,N00000333
N00000334,N00000334
N00000335,N00000335
N00000336,N00000336
N00000337,N00000337
N00000338,N00000338
N00000339,N00000339
N00000340,N00000340
N00000341,N00000341
N00000342,N00000342
N00000343,N00000343
N00000344,N00000344
N00000345,N00000345
N00000346,N00000346
N00000347,N00000347
N00000348,N00000348
N00000349,N00000349
N00000350,N00000350
N00000351,N00000351
N00000352,N00000352
N00000353,N00000353
N00000354,N00000354
N00000355,N00000355
N00000356,N00000356
N00000357,N00000357
N00000358,N00000358
N00000359,N00000359
N00000360,N00000360
N00000361,N00000361
N00000362,N00000362
N00000363,N00000363
N00000364,N00000364
N00000365,N00000365
N00000366,N00000366
N00000367,N00000367
N00000368,N00000368
N00000369,N00000369
N00000370,N00000370
N00000371,N00000371
N00000372,N00000372
N00000373,N00000373
N00000374,N00000374
N00000375,N00000375
N00000376,N00000376
N00000377,N00000377
N00000378,N00000378
N00000379,N00000379
N00000380,N00000380
N00000381,N00000381
N00000382,N00000382
N00000383,N00000383
N00000384,N00000384
N00000385,N00000385
N00000386,N00000386
N00000387,N00000387
N00000388,N00000388
N00000389,N00000389
N00000390,N00000390
N00000391,N00000391
N00000392,N00000392
N00000393,N00000393
N00000394,N00000394
N00000395,N00000395
N00000396,N00000396
N00000397,N00000397
N00000398,N00000398
N00000399,N00000399
N00000400,N00000400
N00000401,N00000401
N00000402,N00000402
N00000403,N00000403
N00000404,N00000404
N00000405,N00000405
N00000406,N00000406
N00000407,N00000407
N00000408,N00000408
N00000409,N00000409
N00000410,N00000410
N00000411,N00000411
N00000412,N00000412
N00000413,N00000413
N00000414,N00000414
N00000415,N00000415
N00000416,N00000416
N00000417,N00000417
N00000418,N00000418
N00000419,N00000419
N00000420,N00000420
N00000421,N00000421
N00000422,N00000422
N00000423,N00000423
N00000424,N00000424
N00000425,N00000425
N00000426,N00000426
N00000427,N00000427
N00000428,N00000428
N00000429,N00000429
N00000430,N00000430
N00000431,N00000431
N00000432,N00000432
N00000433,N00000433
N00000434,N00000434
N00000435,N00000435
N00000436,N00000436
N00000437,N00000437
N00000438,N00000438
N00000439,N00000439
N00000440,N00000440
N00000441,N00000441
N00000442,N00000442
N00000443,N00000443
N00000444,N00000444
N00000445,N00000445
N00000446,N00000446
N00000447,N00000447
N00000448,N00000448
N00000449,N00000449
N00000450,N00000450
N00000451,N00000451
N00000452,N00000452
N00000453,N00000453
N00000454,N00000454
N00000455,N00000455
N00000456,N00000456
N00000457,N00000457
N00000458,N00000458
N00000459,N00000459
N00000460,N00000460
N00000461,N00000461
N00000462,N00000462
N00000463,N00000463
N00000464,N00000464
N00000465,N00000465
N00000466,N00000466
N00000467,N00000467
N00000468,N00000468
N00000469,N00000469
N00000470,N00000470
N00000471,N00000471
N00000472,N00000472
N00000473,N00000473
N00000474,N00000474
N00000475,N00000475
N00000476,N00000476
N00000477,N00000477
N00000478,N00000478
N00000479,N00000479
N00000480,N00000480
N00000481,N00000481
N00000482,N00000482
N00000483,N00000483
N00000484,N00000484
N00000485,N00000485
N00000486,N00000486
N00000487,N00000487
N00000488,N00000488
N00000489,N00000489
N00000490,N00000490
N00000491,N00000491
N00000492,N00000492
N00000493,N00000493
N00000494,N00000494
N00000495,N00000495
N00000496,N00000496
N00000497,N00000497
N00000498,N00000498
N00000499,N00000499
N00000500,N00000500
N00000501,N00000501
N00000502,N00000502
N00000503,N00000503
N00000504,N00000504
N00000505,N00000505
N00000506,N00000506
N00000507,N00000507
N00000508,N00000508
N00000509,N00000509
N00000510,N00000510
N00000511,N00000511
N00000512,N00000512
N00000513,N00000513
N00000514,N00000514
N00000515,N00000515
N00000516,N00000516
N00000517,N00000517
N00000518,N00000518
N00000519,N00000519
N00000520,N00000520
N00000521,N00000521
N00000522,N00000522
N00000523,N00000523
N00000524,N00000524
N00000525,N00000525
N00000526,N00000526
N00000527,N00000527
N00000528,N00000528
N00000529,N00000529
N00000530,N00000530
N00000531,N00000531
N00000532,N00000532
N00000533,N00000533
N00000534,N00000534
N00000535,N00000535
N00000536,N00000536
N00000537,N00000537
N00000538,N00000538
N00000539,N00000539
N00000540,N00000540
N00000541,N00000541
N00000542,N00000542
N00000543,N00000543
N00000544,N00000544
N00000545,N00000545
N00000546,N00000546
N00000547,N00000547
N00000548,N00000548
N00000549,N00000549
N00000550,N00000550
N00000551,N00000551
N00000552,N00000552
N00000553,N00000553
N00000554,N00000554
N00000555,N00000555
N00000556,N00000556
N00000557,N00000557
N00000558,N00000558
N00000559,N00000559
N00000560,N00000560
N00000561,N00000561
N00000562,N00000562
N00000563,N00000563
N00000564,N00000564
N00000565,N00000565
N00000566,N00000566
N00000567,N00000567
N00000568,N00000568
N00000569,N00000569
N00000570,N00000570
N00000571,N00000571
N00000572,N00000572
N00000573,N00000573
N00000574,N00000574
N00000575,N00000575
N00000576,N00000576
N00000577,N00000577
N00000578,N00000578
N00000579,N00000579
N00000580,N00000580
N00000581,N00000581
N00000582,N00000582
N00000583,N00000583
N00000584,N00000584
N00000585,N00000585
N00000586,N00000586
N00000587,N00000587
N00000588,N00000588
N00000589,N00000589
N00000590,N00000590
N00000591,N00000591
N00000592,N00000592
N00000593,N00000593
N00000594,N00000594
N00000595,N00000595
N00000596,N00000596
N00000597,N00000597
N00000598,N00000598
N00000599,N00000599
N00000600,N00000600
N00000601,N00000601
N00000602,N00000602
N00000603,N00000603
N00000604,N00000604
N00000605,N00000605
N00000606,N00000606
N00000607,N00000607
N00000608,N00000608
N00000609,N00000609
N00000610,N00000610
N00000611,N00000611
N00000612,N00000612
N00000613,N00000613
N00000614,N00000614
N00000615,N00000615
N00000616,N00000616
N00000617,N00000617
N00000618,N00000618
N00000619,N00000619
N00000620,N00000620
N00000621,N00000621
N00000622,N00000622
N00000623,N00000623
N00000624,N00000624
N00000625,N00000625
N00000626,N00000626
N00000627,N00000627
N00000628,N00000628
N00000629,N00000629
N00000630,N00000630
N00000631,N00000631
N00000632,N00000632
N00000633,N00000633
N00000634,N00000634
N00000635,N00000635
N00000636,N00000636
N00000637,N00000637
N00000638,N00000638
N00000639,N00000639
N00000640,N00000640
N00000641,N00000641
N00000642,N00000642
N00000643,N00000643
N00000644,N00000644
N00000645,N00000645
N00000646,N00000646
N00000647,N00000647
N00000648,N00000648
N00000649,N00000649
N00000650,N00000650
N00000651,N00000651
N00000652,N00000652
N00000653,N00000653
N00000654,N00000654
N00000655,N00000655
N00000656,N00000656
N00000657,N00000657
N00000658,N00000658
N00000659,N00000659
N00000660,N00000660
N00000661,N00000661
N00000662,N00000662
N00000663,N00000663
N00000664,N00000664
N00000665,N00000665
N00000666,N00000666
N00000667,N00000667
N00000668,N00000668
N00000669,N00000669
N00000670,N00000670
N00000671,N00000671
N00000672,N00000672
N00000673,N00000673
N00000674,N00000674
N00000675,N00000675
N00000676,N00000676
N00000677,N00000677
N00000678,N00000678
N00000679,N00000679
N00000680,N00000680
N00000681,N00000681
N00000682,N00000682
N00000683,N00000683
N00000684,N00000684
N00000685,N00000685
N00000686,N00000686
N00000687,N00000687
N00000688,N00000688
N00000689,N00000689
N00000690,N00000690
N00000691,N00000691
N00000692,N00000692
N00000693,N00000693
N00000694,N00000694
N00000695,N00000695
N00000696,N00000696
N00000697,N00000697
N00000698,N00000698
N00000699,N00000699
N00000700,N00000700
N00000701,N00000701
N00000702,N00000702
N00000703,N00000703
N00000704,N00000704
N00000705,N00000705
N00000706,N00000706
N00000707,N00000707
N00000708,N00000708
N00000709,N00000709
N00000710,N00000710
N00000711,N00000711
N00000712,N00000712
N00000713,N00000713
N00000714,N00000714
N00000715,N00000715
N00000716,N00000716
N00000717,N00000717
N00000718,N00000718
N00000719,N00000719
N00000720,N00000720
N00000721,N00000721
N00000722,N00000722
N00000723,N00000723
N00000724,N00000724
N00000725,N00000725
N00000726,N00000726
N00000727,N00000727
N00000728,N00000728
N00000729,N00000729
N00000730,N00000730
N00000731,N00000731
N00000732,N00000732
N00000733,N00000733
N00000734,N00000734
N00000735,N00000735
N00000736,N00000736
N00000737,N00000737
N00000738,N00000738
N00000739,N00000739
N00000740,N00000740
N00000741,N00000741
N00000742,N00000742
N00000743,N00000743
N00000744,N00000744
N00000745,N00000745
N00000746,N00000746
N00000747,N00000747
N00000748,N00000748
N00000749,N00000749
N00000750,N00000750
N00000751,N00000751
N00000752,N00000752
N00000753,N00000753
N00000754,N00000754
N00000755,N00000755
N00000756,N00000756
N00000757,N00000757
N00000758,N00000758
N00000759,N00000759
N00000760,N00000760
N00000761,N00000761
N00000762,N00000762
N00000763,N00000763
N00000764,N00000764
N00000765,N00000765
N00000766,N00000766
N00000767,N00000767
N00000768,N00000768
N00000769,N00000769
N00000770,N00000770
N00000771,N00000771
N00000772,N00000772
N00000773,N00000773
N00000774,N00000774
N00000775,N00000775
N00000776,N00000776
N00000777,N00000777
N00000778,N00000778
N00000779,N00000779
N00000780,N00000780
N00000781,N00000781
N00000782,N00000782
N00000783,N00000783
N00000784,N00000784
N00000785,N00000785
N00000786,N00000786
N00000787,N00000787
N00000788,N00000788
N00000789,N00000789
N00000790,N00000790
N00000791,N00000791
N00000792,N00000792
N00000793,N00000793
N00000794,N00000794
N00000795,N00000795
N00000796,N00000796
N00000797,N00000797
N00000798,N00000798
N00000799,N00000799
N00000800,N00000800
N00000801,N00000801
N00000802,N00000802
N00000803,N00000803
N00000804,N00000804
N00000805,N00000805
N00000806,N00000806
N00000807,N00000807
N00000808,N00000808
N00000809,N00000809
N00000810,N00000810
N00000811,N00000811
N00000812,N00000812
N00000813,N00000813
N00000814,N00000814
N00000815,N00000815
N00000816,N00000816
N00000817,N00000817
N00000818,N00000818
N00000819,N00000819
N00000820,N00000820
N00000821,N00000821
N00000822,N00000822
N00000823,N00000823
N00000824,N00000824
N00000825,N00000825
N00000826,N00000826
N00000827,N00000827
N00000828,N00000828
N00000829,N00000829
N00000830,N00000830
N00000831,N00000831
N00000832,N00000832
N00000833,N00000833
N00000834,N00000834
N00000835,N00000835
N00000836,N00000836
N00000837,N00000837
N00000838,N00000838
N00000839,N00000839
N00000840,N00000840
N00000841,N00000841
N00000842,N00000842
N00000843,N00000843
N00000844,N00000844
N00000845,N00000845
N00000846,N00000846
N00000847,N00000847
N00000848,N00000848
N00000849,N00000849
N00000850,N00000850
N00000851,N00000851
N00000852,N00000852
N00000853,N00000853
N00000854,N00000854
N00000855,N00000855
N00000856,N00000856
N00000857,N00000857
N00000858,N00000858
N00000859,N00000859
N00000860,N00000860
N00000861,N00000861
N00000862,N00000862
N00000863,N00000863
N00000864,N00000864
N00000865,N00000865
N00000866,N00000866
N00000867,N00000867
N00000868,N00000868
N00000869,N00000869
N00000870,N00000870
N00000871,N00000871
N00000872,N00000872
N00000873,N00000873
N00000874,N00000874
N00000875,N00000875
N00000876,N00000876
N00000877,N00000877
N00000878,N00000878
N00000879,N00000879
N00000880,N00000880
N00000881,N00000881
N00000882,N00000882
N00000883,N00000883
N00000884,N00000884
N00000885,N00000885
N00000886,N00000886
N00000887,N00000887
N00000888,N00000888
N00000889,N00000889
N00000890,N00000890
N00000891,N00000891
N00000892,N00000892
N00000893,N00000893
N00000894,N00000894
N00000895,N00000895
N00000896,N00000896
N00000897,N00000897
N00000898,N00000898
N00000899,N00000899
N00000900,N00000900
N00000901,N00000901
N00000902,N00000902
N00000903,N00000903
N00000904,N00000904
N00000905,N00000905
N00000906,N00000906
N00000907,N00000907
N00000908,N00000908
N00000909,N00000909
N00000910,N00000910
N00000911,N00000911
N00000912,N00000912
N00000913,N00000913
N00000914,N00000914
N00000915,N00000915
N00000916,N00000916
N00000917,N00000917
N00000918,N00000918
N00000919,N00000919
N00000920,N00000920
N00000921,N00000921
N00000922,N00000922
N00000923,N00000923
N00000924,N00000924
N00000925,N00000925
N00000926,N00000926
N00000927,N00000927
N00000928,N00000928
N00000929,N00000929
N00000930,N00000930
N00000931,N00000931
N00000932,N00000932
N00000933,N00000933
N00000934,N00000934
N00000935,N00000935
N00000936,N00000936
N00000937,N00000937
N00000938,N00000938
N00000939,N00000939
N00000940,N00000940
N00000941,N00000941
N00000942,N00000942
N00000943,N00000943
N00000944,N00000944
N00000945,N00000945
N00000946,N00000946
N00000947,N00000947
N00000948,N00000948
N00000949,N00000949
N00000950,N00000950
N00000951,N00000951
N00000952,N00000952
N00000953,N00000953
N00000954,N00000954
N00000955,N00000955
N00000956,N00000956
N00000957,N00000957
N00000958,N00000958
N00000959,N00000959
N00000960,N00000960
N00000961,N00000961
N00000962,N00000962
N00000963,N00000963
N00000964,N00000964
N00000965,N00000965
N00000966,N00000966
N00000967,N00000967
N00000968,N00000968
N00000969,N00000969
N00000970,N00000970
N00000971,N00000971
N00000972,N00000972
N00000973,N00000973
N00000974,N00000974
N00000975,N00000975
N00000976,N00000976
N00000977,N00000977
N00000978,N00000978
N00000979,N00000979
N00000980,N00000980
N00000981,N00000981
N00000982,N00000982
N00000983,N00000983
N00000984,N00000984
N00000985,N00000985
N00000986,N00000986
N00000987,N00000987
N00000988,N00000988
N00000989,N00000989
N00000990,N00000990
N00000991,N00000991
N00000992,N00000992
N00000993,N00000993
N00000994,N00000994
N00000995,N00000995
N00000996,N00000996
N00000997,N00000997
N00000998,N00000998
N00000999,N00000999
N00001000,N00001000
N00001001,N00001001
N00001002,N00001002
N00001003,N00001003
N00001004,N00001004
N00001005,N00001005
N00001006,N00001006
N00001007,N00001007
N00001008,N00001008
N00001009,N00001009
N00001010,N00001010
N00001011,N00001011
N00001012,N00001012
N00001013,N00001013
N00001014,N00001014
N00001015,N00001015
N00001016,N00001016
N00001017,N00001017
N00001018,N00001018
N00001019,N00001019
N00001020,N00001020
N00001021,N00001021
N00001022,N00001022
N00001023,N00001023
N00001024,N00001024
N00001025,N00001025
N00001026,N00001026
N00001027,N00001027
N00001028,N00001028
N00001029,N00001029
N00001030,N00001030
N00001031,N00001031
N00001032,N00001032
N00001033,N00001033
N00001034,N00001034
N00001035,N00001035
N00001036,N00001036
N00001037,N00001037
N00001038,N00001038
N00001039,N00001039
N00001040,N00001040
N00001041,N00001041
N00001042,N00001042
N00001043,N00001043
N00001044,N00001044
N00001045,N00001045
N00001046,N00001046
N00001047,N00001047
N00001048,N00001048
N00001049,N00001049
N00001050,N00001050
N00001051,N00001051
N00001052,N00001052
N00001053,N00001053
N00001054,N00001054
N00001055,N00001055
N00001056,N00001056
N00001057,N00001057
N00001058,N00001058
N00001059,N00001059
N00001060,N00001060
N00001061,N00001061
N00001062,N00001062
N00001063,N00001063
N00001064,N00001064
N00001065,N00001065
N00001066,N00001066
N00001067,N00001067
N00001068,N00001068
N00001069,N00001069
N00001070,N00001070
N00001071,N00001071
N00001072,N00001072
N00001073,N00001073
N00001074,N00001074
N00001075,N00001075
N00001076,N00001076
N00001077,N00001077
N00001078,N00001078
N00001079,N00001079
N00001080,N00001080
N00001081,N00001081
N00001082,N00001082
N00001083,N00001083
N00001084,N00001084
N00001085,N00001085
N00001086,N00001086
N00001087,N00001087
N00001088,N00001088
N00001089,N00001089
N00001090,N00001090
N00001091,N00001091
N00001092,N00001092
N00001093,N00001093
N00001094,N00001094
N00001095,N00001095
N00001096,N00001096
N00001097,N00001097
N00001098,N00001098
N00001099,N00001099
N00001100,N00001100
N00001101,N00001101
N00001102,N00001102
N00001103,N00001103
N00001104,N00001104
N00001105,N00001105
N00001106,N00001106
N00001107,N00001107
N00001108,N00001108
N00001109,N00001109
N00001110,N00001110
N00001111,N00001111
N00001112,N00001112
N00001113,N00001113
N00001114,N00001114
N00001115,N00001115
N00001116,N00001116
N00001117,N00001117
N00001118,N00001118
N00001119,N00001119
N00001120,N00001120
N00001121,N00001121
N00001122,N00001122
N00001123,N00001123
N00001124,N00001124
N00001125,N00001125
N00001126,N00001126
N00001127,N00001127
N00001128,N00001128
N00001129,N00001129
N00001130,N00001130
N00001131,N00001131
N00001132,N00001132
N00001133,N00001133
N00001134,N00001134
N00001135,N00001135
N00001136,N00001136
N00001137,N00001137
N00001138,N00001138
N00001139,N00001139
N00001140,N00001140
N00001141,N00001141
N00001142,N00001142
N00001143,N00001143
N00001144,N00001144
N00001145,N00001145
N00001146,N00001146
N00001147,N00001147
N00001148,N00001148
N00001149,N00001149
N00001150,N00001150
N00001151,N00001151
N00001152,N00001152
N00001153,N00001153
N00001154,N00001154
N00001155,N00001155
N00001156,N00001156
N00001157,N00001157
N00001158,N00001158
N00001159,N00001159
N00001160,N00001160
N00001161,N00001161
N00001162,N00001162
N00001163,N00001163
N00001164,N00001164
N00001165,N00001165
N00001166,N00001166
N00001167,N00001167
N00001168,N00001168
N00001169,N00001169
N00001170,N00001170
N00001171,N00001171
N00001172,N00001172
N00001173,N00001173
N00001174,N00001174
N00001175,N00001175
N00001176,N00001176
N00001177,N00001177
N00001178,N00001178
N00001179,N00001179
N00001180,N00001180
N00001181,N00001181
N00001182,N00001182
N00001183,N00001183
N00001184,N00001184
N00001185,N00001185
N00001186,N00001186
N00001187,N00001187
N00001188,N00001188
N00001189,N00001189
N00001190,N00001190
N00001191,N00001191
N00001192,N00001192
N00001193,N00001193
N00001194,N00001194
N00001195,N00001195
N00001196,N00001196
N00001197,N00001197
N00001198,N00001198
N00001199,N00001199
N00001200,N00001200
N00001201,N00001201
N00001202,N00001202
N00001203,N00001203
N00001204,N00001204
N00001205,N00001205
N00001206,N00001206
N00001207,N00001207
N00001208,N00001208
N00001209,N00001209
N00001210,N00001210
N00001211,N00001211
N00001212,N00001212
N00001213,N00001213
N00001214,N00001214
N00001215,N00001215
N00001216,N00001216
N00001217,N00001217
N00001218,N00001218
N00001219,N00001219
N00001220,N00001220
N00001221,N00001221
N00001222,N00001222
N00001223,N00001223
N00001224,N00001224
N00001225,N00001225
N00001226,N00001226
N00001227,N00001227
N00001228,N00001228
N00001229,N00001229
N00001230,N00001230
N00001231,N00001231
N00001232,N00001232
N00001233,N00001233
N00001234,N00001234
N00001235,N00001235
N00001236,N00001236
N00001237,N00001237
N00001238,N00001238
N00001239,N00001239
N00001240,N00001240
N00001241,N00001241
N00001242,N00001242
N00001243,N00001243
N00001244,N00001244
N00001245,N00001245
N00001246,N00001246
N00001247,N00001247
N00001248,N00001248
N00001249,N00001249
N00001250,N00001250
N00001251,N00001251
N00001252,N00001252
N00001253,N00001253
N00001254,N00001254
N00001255,N00001255
N00001256,N00001256
N00001257,N00001257
N00001258,N00001258
N00001259,N00001259
N00001260,N00001260
N00001261,N00001261
N00001262,N00001262
N00001263,N00001263
N00001264,N00001264
N00001265,N00001265
N00001266,N00001266
N00001267,N00001267
N00001268,N00001268
N00001269,N00001269
N00001270,N00001270
N00001271,N00001271
N00001272,N00001272
N00001273,N00001273
N00001274,N00001274
N00001275,N00001275
N00001276,N00001276
N00001277,N00001277
N00001278,N00001278
N00001279,N00001279
N00001280,N00001280
N00001281,N00001281
N00001282,N00001282
N00001283,N00001283
N00001284,N00001284
N00001285,N00001285
N00001286,N00001286
N00001287,N00001287
N00001288,N00001288
N00001289,N00001289
N00001290,N00001290
N00001291,N00001291
N00001292,N00001292
N00001293,N00001293
N00001294,N00001294
N00001295,N00001295
N00001296,N00001296
N00001297,N00001297
N00001298,N00001298
N00001299,N00001299
N00001300,N00001300
N00001301,N00001301
N00001302,N00001302
N00001303,N00001303
N00001304,N00001304
N00001305,N00001305
N00001306,N00001306
N00001307,N00001307
N00001308,N00001308
N00001309,N00001309
N00001310,N00001310
N00001311,N00001311
N00001312,N00001312
N00001313,N00001313
N00001314,N00001314
N00001315,N00001315
N00001316,N00001316
N00001317,N00001317
N00001318,N00001318
N00001319,N00001319
N00001320,N00001320
N00001321,N00001321
N00001322,N00001322
N00001323,N00001323
N00001324,N00001324
N00001325,N00001325
N00001326,N00001326
N00001327,N00001327
N00001328,N00001328
N00001329,N00001329
N00001330,N00001330
N00001331,N00001331
N00001332,N00001332
N00001333,N00001333
N00001334,N00001334
N00001335,N00001335
N00001336,N00001336
N00001337,N00001337
N00001338,N00001338
N00001339,N00001339
N00001340,N00001340
N00001341,N00001341
N00001342,N00001342
N00001343,N00001343
N00001344,N00001344
N00001345,N00001345
N00001346,N00001346
N00001347,N00001347
N00001348,N00001348
N00001349,N00001349
N00001350,N00001350
N00001351,N00001351
N00001352,N00001352
N00001353,N00001353
N00001354,N00001354
N00001355,N00001355
N00001356,N00001356
N00001357,N00001357
N00001358,N00001358
N00001359,N00001359
N00001360,N00001360
N00001361,N00001361
N00001362,N00001362
N00001363,N00001363
N00001364,N00001364
N00001365,N00001365
N00001366,N00001366
N00001367,N00001367
N00001368,N00001368
N00001369,N00001369
N00001370,N00001370
N00001371,N00001371
N00001372,N00001372
N00001373,N00001373
N00001374,N00001374
N00001375,N00001375
N00001376,N00001376
N00001377,N00001377
N00001378,N00001378
N00001379,N00001379
N00001380,N00001380
N00001381,N00001381
N00001382,N00001382
N00001383,N00001383
N00001384,N00001384
N00001385,N00001385
N00001386,N00001386
N00001387,N00001387
N00001388,N00001388
N00001389,N00001389
N00001390,N00001390
N00001391,N00001391
N00001392,N00001392
N00001393,N00001393
N00001394,N00001394
N00001395,N00001395
N00001396,N00001396
N00001397,N00001397
N00001398,N00001398
N00001399,N00001399
N00001400,N00001400
N00001401,N00001401
N00001402,N00001402
N00001403,N00001403
N00001404,N00001404
N00001405,N00001405
N00001406,N00001406
N00001407,N00001407
N00001408,N00001408
N00001409,N00001409
N00001410,N00001410
N00001411,N00001411
N00001412,N00001412
N00001413,N00001413
N00001414,N00001414
N00001415,N00001415
N00001416,N00001416
N00001417,N00001417
N00001418,N00001418
N00001419,N00001419
N00001420,N00001420
N00001421,N00001421
N00001422,N00001422
N00001423,N00001423
N00001424,N00001424
N00001425,N00001425
N00001426,N00001426
N00001427,N00001427
N00001428,N00001428
N00001429,N00001429
N00001430,N00001430
N00001431,N00001431
N00001432,N00001432
N00001433,N00001433
N00001434,N00001434
N00001435,N00001435
N00001436,N00001436
N00001437,N00001437
N00001438,N00001438
N00001439,N00001439
N00001440,N00001440
N00001441,N00001441
N00001442,N00001442
N00001443,N00001443
N00001444,N00001444
N00001445,N00001445
N00001446,N00001446
N00001447,N00001447
N00001448,N00001448
N00001449,N00001449
N00001450,N00001450
N00001451,N00001451
N00001452,N00001452
N00001453,N00001453
N00001454,N00001454
N00001455,N00001455
N00001456,N00001456
N00001457,N00001457
N00001458,N00001458
N00001459,N00001459
N00001460,N00001460
N00001461,N00001461
N00001462,N00001462
N00001463,N00001463
N00001464,N00001464
N00001465,N00001465
N00001466,N00001466
N00001467,N00001467
N00001468,N00001468
N00001469,N00001469
N00001470,N00001470
N00001471,N00001471
N00001472,N00001472
N00001473,N00001473
N00001474,N00001474
N00001475,N00001475
N00001476,N00001476
N00001477,N00001477
N00001478,N00001478
N00001479,N00001479
N00001480,N00001480
N00001481,N00001481
N00001482,N00001482
N00001483,N00001483
N00001484,N00001484
N00001485,N00001485
N00001486,N00001486
N00001487,N00001487
N00001488,N00001488
N00001489,N00001489
N00001490,N00001490
N00001491,N00001491
N00001492,N00001492
N00001493,N00001493
N00001494,N00001494
N00001495,N00001495
N00001496,N00001496
N00001497,N00001497
N00001498,N00001498
N00001499,N00001499
N00001500,N00001500
N00001501,N00001501
N00001502,N00001502
N00001503,N00001503
N00001504,N00001504
N00001505,N00001505
N00001506,N00001506
N00001507,N00001507
N00001508,N00001508
N00001509,N00001509
N00001510,N00001510
N00001511,N00001511
N00001512,N00001512
N00001513,N00001513
N00001514,N00001514
N00001515,N00001515
N00001516,N00001516
N00001517,N00001517
N00001518,N00001518
N00001519,N00001519
N00001520,N00001520
N00001521,N00001521
N00001522,N00001522
N00001523,N00001523
N00001524,N00001524
N00001525,N00001525
N00001526,N00001526
N00001527,N00001527
N00001528,N00001528
N00001529,N00001529
N00001530,N00001530
N00001531,N00001531
N00001532,N00001532
N00001533,N00001533
N00001534,N00001534
N00001535,N00001535
N00001536,N00001536
N00001537,N00001537
N00001538,N00001538
N00001539,N00001539
N00001540,N00001540
N00001541,N00001541
N00001542,N00001542
N00001543,N00001543
N00001544,N00001544
N00001545,N00001545
N00001546,N00001546
N00001547,N00001547
N00001548,N00001548
N00001549,N00001549
N00001550,N00001550
N00001551,N00001551
N00001552,N00001552
N00001553,N00001553
N00001554,N00001554
N00001555,N00001555
N00001556,N00001556
N00001557,N00001557
N00001558,N00001558
N00001559,N00001559
N00001560,N00001560
N00001561,N00001561
N00001562,N00001562
N00001563,N00001563
N00001564,N00001564
N00001565,N00001565
N00001566,N00001566
N00001567,N00001567
N00001568,N00001568
N00001569,N00001569
N00001570,N00001570
N00001571,N00001571
N00001572,N00001572
N00001573,N00001573
N00001574,N00001574
N00001575,N00001575
N00001576,N00001576
N00001577,N00001577
N00001578,N00001578
N00001579,N00001579
N00001580,N00001580
N00001581,N00001581
N00001582,N00001582
N00001583,N00001583
N00001584,N00001584
N00001585,N00001585
N00001586,N00001586
N00001587,N00001587
N00001588,N00001588
N00001589,N00001589
N00001590,N00001590
N00001591,N00001591
N00001592,N00001592
N00001593,N00001593
N00001594,N00001594
N00001595,N00001595
N00001596,N00001596
N00001597,N00001597
N00001598,N00001598
N00001599,N00001599
N00001600,N00001600
N00001601,N00001601
N00001602,N00001602
N00001603,N00001603
N00001604,N00001604
N00001605,N00001605
N00001606,N00001606
N00001607,N00001607
N00001608,N00001608
N00001609,N00001609
N00001610,N00001610
N00001611,N00001611
N00001612,N00001612
N00001613,N00001613
N00001614,N00001614
N00001615,N00001615
N00001616,N00001616
N00001617,N00001617
N00001618,N00001618
N00001619,N00001619
N00001620,N00001620
N00001621,N00001621
N00001622,N00001622
N00001623,N00001623
N00001624,N00001624
N00001625,N00001625
N00001626,N00001626
N00001627,N00001627
N00001628,N00001628
N00001629,N00001629
N00001630,N00001630
N00001631,N00001631
N00001632,N00001632
N00001633,N00001633
N00001634,N00001634
N00001635,N00001635
N00001636,N00001636
N00001637,N00001637
N00001638,N00001638
N00001639,N00001639
N00001640,N00001640
N00001641,N00001641
N00001642,N00001642
N00001643,N00001643
N00001644,N00001644
N00001645,N00001645
N00001646,N00001646
N00001647,N00001647
N00001648,N00001648
N00001649,N00001649
N00001650,N00001650
N00001651,N00001651
N00001652,N00001652
N00001653,N00001653
N00001654,N00001654
N00001655,N00001655
N00001656,N00001656
N00001657,N00001657
N00001658,N00001658
N00001659,N00001659
N00001660,N00001660
N00001661,N00001661
N00001662,N00001662
N00001663,N00001663
N00001664,N00001664
N00001665,N00001665
N00001666,N00001666
N00001667,N00001667
N00001668,N00001668
N00001669,N00001669
N00001670,N00001670
N00001671,N00001671
N00001672,N00001672
N00001673,N00001673
N00001674,N00001674
N00001675,N00001675
N00001676,N00001676
N00001677,N00001677
N00001678,N00001678
N00001679,N00001679
N00001680,N00001680
N00001681,N00001681
N00001682,N00001682
N00001683,N00001683
N00001684,N00001684
N00001685,N00001685
N00001686,N00001686
N00001687,N00001687
N00001688,N00001688
N00001689,N00001689
N00001690,N00001690
N00001691,N00001691
N00001692,N00001692
N00001693,N00001693
N00001694,N00001694
N00001695,N00001695
N00001696,N00001696
N00001697,N00001697
N00001698,N00001698
N00001699,N00001699
N00001700,N00001700
N00001701,N00001701
N00001702,N00001702
N00001703,N00001703
N00001704,N00001704
N00001705,N00001705
N00001706,N00001706
N00001707,N00001707
N00001708,N00001708
N00001709,N00001709
N00001710,N00001710
N00001711,N00001711
N00001712,N00001712
N00001713,N00001713
N00001714,N00001714
N00001715,N00001715
N00001716,N00001716
N00001717,N00001717
N00001718,N00001718
N00001719,N00001719
N00001720,N00001720
N00001721,N00001721
N00001722,N00001722
N00001723,N00001723
N00001724,N00001724
N00001725,N00001725
N00001726,N00001726
N00001727,N00001727
N00001728,N00001728
N00001729,N00001729
N00001730,N00001730
N00001731,N00001731
N00001732,N00001732
N00001733,N00001733
N00001734,N00001734
N00001735,N00001735
N00001736,N00001736
N00001737,N00001737
N00001738,N00001738
N00001739,N00001739
N00001740,N00001740
N00001741,N00001741
N00001742,N00001742
N00001743,N00001743
N00001744,N00001744
N00001745,N00001745
N00001746,N00001746
N00001747,N00001747
N00001748,N00001748
N00001749,N00001749
N00001750,N00001750
N00001751,N00001751
N00001752,N00001752
N00001753,N00001753
N00001754,N00001754
N00001755,N00001755
N00001756,N00001756
N00001757,N00001757
N00001758,N00001758
N00001759,N00001759
N00001760,N00001760
N00001761,N00001761
N00001762,N00001762
N00001763,N00001763
N00001764,N00001764
N00001765,N00001765
N00001766,N00001766
N00001767,N00001767
N00001768,N00001768
N00001769,N00001769
N00001770,N00001770
N00001771,N00001771
N00001772,N00001772
N00001773,N00001773
N00001774,N00001774
N00001775,N00001775
N00001776,N00001776
N00001777,N00001777
N00001778,N00001778
N00001779,N00001779
N00001780,N00001780
N00001781,N00001781
N00001782,N00001782
N00001783,N00001783
N00001784,N00001784
N00001785,N00001785
N00001786,N00001786
N00001787,N00001787
N00001788,N00001788
N00001789,N00001789
N00001790,N00001790
N00001791,N00001791
N00001792,N00001792
N00001793,N00001793
N00001794,N00001794
N00001795,N00001795
N00001796,N00001796
N00001797,N00001797
N00001798,N00001798
N00001799,N00001799
N00001800,N00001800
N00001801,N00001801
N00001802,N00001802
N00001803,N00001803
N00001804,N00001804
N00001805,N00001805
N00001806,N00001806
N00001807,N00001807
N00001808,N00001808
N00001809,N00001809
N00001810,N00001810
N00001811,N00001811
N00001812,N00001812
N00001813,N00001813
N00001814,N00001814
N00001815,N00001815
N00001816,N00001816
N00001817,N00001817
N00001818,N00001818
N00001819,N00001819
N00001820,N00001820
N00001821,N00001821
N00001822,N00001822
N00001823,N00001823
N00001824,N00001824
N00001825,N00001825
N00001826,N00001826
N00001827,N00001827
N00001828,N00001828
N00001829,N00001829
N00001830,N00001830
N00001831,N00001831
N00001832,N00001832
N00001833,N00001833
N00001834,N00001834
N00001835,N00001835
N00001836,N00001836
N00001837,N00001837
N00001838,N00001838
N00001839,N00001839
N00001840,N00001840
N00001841,N00001841
N00001842,N00001842
N00001843,N00001843
N00001844,N00001844
N00001845,N00001845
N00001846,N00001846
N00001847,N00001847
N00001848,N00001848
N00001849,N00001849
N00001850,N00001850
N00001851,N00001851
N00001852,N00001852
N00001853,N00001853
N00001854,N00001854
N00001855,N00001855
N00001856,N00001856
N00001857,N00001857
N00001858,N00001858
N00001859,N00001859
N00001860,N00001860
N00001861,N00001861
N00001862,N00001862
N00001863,N00001863
N00001864,N00001864
N00001865,N00001865
N00001866,N00001866
N00001867,N00001867
N00001868,N00001868
N00001869,N00001869
N00001870,N00001870
N00001871,N00001871
N00001872,N00001872
N00001873,N00001873
N00001874,N00001874
N00001875,N00001875
N00001876,N00001876
N00001877,N00001877
N00001878,N00001878
N00001879,N00001879
N00001880,N00001880
N00001881,N00001881
N00001882,N00001882
N00001883,N00001883
N00001884,N00001884
N00001885,N00001885
N00001886,N00001886
N00001887,N00001887
N00001888,N00001888
N00001889,N00001889
N00001890,N00001890
N00001891,N00001891
N00001892,N00001892
N00001893,N00001893
N00001894,N00001894
N00001895,N00001895
N00001896,N00001896
N00001897,N00001897
N00001898,N00001898
N00001899,N00001899
N00001900,N00001900
N00001901,N00001901
N00001902,N00001902
N00001903,N00001903
N00001904,N00001904
N00001905,N00001905
N00001906,N00001906
N00001907,N00001907
N00001908,N00001908
N00001909,N00001909
N00001910,N00001910
N00001911,N00001911
N00001912,N00001912
N00001913,N00001913
N00001914,N00001914
N00001915,N00001915
N00001916,N00001916
N00001917,N00001917
N00001918,N00001918
N00001919,N00001919
N00001920,N00001920
N00001921,N00001921
N00001922,N00001922
N00001923,N00001923
N00001924,N00001924
N00001925,N00001925
N00001926,N00001926
N00001927,N00001927
N00001928,N00001928
N00001929,N00001929
N00001930,N00001930
N00001931,N00001931
N00001932,N00001932
N00001933,N00001933
N00001934,N00001934
N00001935,N00001935
N00001936,N00001936
N00001937,N00001937
N00001938,N00001938
N00001939,N00001939
N00001940,N00001940
N00001941,N00001941
N00001942,N00001942
N00001943,N00001943
N00001944,N00001944
N00001945,N00001945
N00001946,N00001946
N00001947,N00001947
N00001948,N00001948
N00001949,N00001949
N00001950,N00001950
N00001951,N00001951
N00001952,N00001952
N00001953,N00001953
N00001954,N00001954
N00001955,N00001955
N00001956,N00001956
N00001957,N00001957
N00001958,N00001958
N00001959,N00001959
N00001960,N00001960
N00001961,N00001961
N00001962,N00001962
N00001963,N00001963
N00001964,N00001964
N00001965,N00001965
N00001966,N00001966
N00001967,N00001967
N00001968,N00001968
N00001969,N00001969
N00001970,N00001970
N00001971,N00001971
N00001972,N00001972
N00001973,N00001973
N00001974,N00001974
N00001975,N00001975
N00001976,N00001976
N00001977,N00001977
N00001978,N00001978
N00001979,N00001979
N00001980,N00001980
N00001981,N00001981
N00001982,N00001982
N00001983,N00001983
N00001984,N00001984
N00001985,N00001985
N00001986,N00001986
N00001987,N00001987
N00001988,N00001988
N00001989,N00001989
N00001990,N00001990
N00001991,N00001991
N00001992,N00001992
N00001993,N00001993
N00001994,N00001994
N00001995,N00001995
N00001996,N00001996
N00001997,N00001997
N00001998,N00001998
N00001999,N00001999
N00002000,N00002000
N00002001,N00002001
N00002002,N00002002
N00002003,N00002003
N00002004,N00002004
N00002005,N00002005
N00002006,N00002006
N00002007,N00002007
N00002008,N00002008
N00002009,N00002009
N00002010,N00002010
N00002011,N00002011
N00002012,N00002012
N00002013,N00002013
N00002014,N00002014
N00002015,N00002015
N00002016,N00002016
N00002017,N00002017
N00002018,N00002018
N00002019,N00002019
N00002020,N00002020
N00002021,N00002021
N00002022,N00002022
N00002023,N00002023
N00002024,N00002024
N00002025,N00002025
N00002026,N00002026
N00002027,N00002027
N00002028,N00002028
N00002029,N00002029
N00002030,N00002030
N00002031,N00002031
N00002032,N00002032
N00002033,N00002033
N00002034,N00002034
N00002035,N00002035
N00002036,N00002036
N00002037,N00002037
N00002038,N00002038
N00002039,N00002039
N00002040,N00002040
N00002041,N00002041
N00002042,N00002042
N00002043,N00002043
N00002044,N00002044
N00002045,N00002045
N00002046,N00002046
N00002047,N00002047
N00002048,N00002048
N00002049,N00002049
N00002050,N00002050
N00002051,N00002051
N00002052,N00002052
N00002053,N00002053
N00002054,N00002054
N00002055,N00002055
N00002056,N00002056
N00002057,N00002057
N00002058,N00002058
N00002059,N00002059
N00002060,N00002060
N00002061,N00002061
N00002062,N00002062
N00002063,N00002063
N00002064,N00002064
N00002065,N00002065
N00002066,N00002066
N00002067,N00002067
N00002068,N00002068
N00002069,N00002069
N00002070,N00002070
N00002071,N00002071
N00002072,N00002072
N00002073,N00002073
N00002074,N00002074
N00002075,N00002075
N00002076,N00002076
N00002077,N00002077
N00002078,N00002078
N00002079,N00002079
N00002080,N00002080
N00002081,N00002081
N00002082,N00002082
N00002083,N00002083
N00002084,N00002084
N00002085,N00002085
N00002086,N00002086
N00002087,N00002087
N00002088,N00002088
N00002089,N00002089
N00002090,N00002090
N00002091,N00002091
N00002092,N00002092
N00002093,N00002093
N00002094,N00002094
N00002095,N00002095
N00002096,N00002096
N00002097,N00002097
N00002098,N00002098
N00002099,N00002099
N00002100,N00002100
N00002101,N00002101
N00002102,N00002102
N00002103,N00002103
N00002104,N00002104
N00002105,N00002105
N00002106,N00002106
N00002107,N00002107
N00002108,N00002108
N00002109,N00002109
N00002110,N00002110
N00002111,N00002111
N00002112,N00002112
N00002113,N00002113
N00002114,N00002114
N00002115,N00002115
N00002116,N00002116
N00002117,N00002117
N00002118,N00002118
N00002119,N00002119
N00002120,N00002120
N00002121,N00002121
N00002122,N00002122
N00002123,N00002123
N00002124,N00002124
N00002125,N00002125
N00002126,N00002126
N00002127,N00002127
N00002128,N00002128
N00002129,N00002129
N00002130,N00002130
N00002131,N00002131
N00002132,N00002132
N00002133,N00002133
N00002134,N00002134
N00002135,N00002135
N00002136,N00002136
N00002137,N00002137
N00002138,N00002138
N00002139,N00002139
N00002140,N00002140
N00002141,N00002141
N00002142,N00002142
N00002143,N00002143
N00002144,N00002144
N00002145,N00002145
N00002146,N00002146
N00002147,N00002147
N00002148,N00002148
N00002149,N00002149
N00002150,N00002150
N00002151,N00002151
N00002152,N00002152
N00002153,N00002153
N00002154,N00002154
N00002155,N00002155
N00002156,N00002156
N00002157,N00002157
N00002158,N00002158
N00002159,N00002159
N00002160,N00002160
N00002161,N00002161
N00002162,N00002162
N00002163,N00002163
N00002164,N00002164
N00002165,N00002165
N00002166,N00002166
N00002167,N00002167
N00002168,N00002168
N00002169,N00002169
N00002170,N00002170
N00002171,N00002171
N00002172,N00002172
N00002173,N00002173
N00002174,N00002174
N00002175,N00002175
N00002176,N00002176
N00002177,N00002177
N00002178,N00002178
N00002179,N00002179
N00002180,N00002180
N00002181,N00002181
N00002182,N00002182
N00002183,N00002183
N00002184,N00002184
N00002185,N00002185
N00002186,N00002186
N00002187,N00002187
N00002188,N00002188
N00002189,N00002189
N00002190,N00002190
N00002191,N00002191
N00002192,N00002192
N00002193,N00002193
N00002194,N00002194
N00002195,N00002195
N00002196,N00002196
N00002197,N00002197
N00002198,N00002198
N00002199,N00002199
N00002200,N00002200
N00002201,N00002201
N00002202,N00002202
N00002203,N00002203
N00002204,N00002204
N00002205,N00002205
N00002206,N00002206
N00002207,N00002207
N00002208,N00002208
N00002209,N00002209
N00002210,N00002210
N00002211,N00002211
N00002212,N00002212
N00002213,N00002213
N00002214,N00002214
N00002215,N00002215
N00002216,N00002216
N00002217,N00002217
N00002218,N00002218
N00002219,N00002219
N00002220,N00002220
N00002221,N00002221
N00002222,N00002222
N00002223,N00002223
N00002224,N00002224
N00002225,N00002225
N00002226,N00002226
N00002227,N00002227
N00002228,N00002228
N00002229,N00002229
N00002230,N00002230
N00002231,N00002231
N00002232,N00002232
N00002233,N00002233
N00002234,N00002234
N00002235,N00002235
N00002236,N00002236
N00002237,N00002237
N00002238,N00002238
N00002239,N00002239
N00002240,N00002240
N00002241,N00002241
N00002242,N00002242
N00002243,N00002243
N00002244,N00002244
N00002245,N00002245
N00002246,N00002246
N00002247,N00002247
N00002248,N00002248
N00002249,N00002249
N00002250,N00002250
N00002251,N00002251
N00002252,N00002252
N00002253,N00002253
N00002254,N00002254
N00002255,N00002255
N00002256,N00002256
N00002257,N00002257
N00002258,N00002258
N00002259,N00002259
N00002260,N00002260
N00002261,N00002261
N00002262,N00002262
N00002263,N00002263
N00002264,N00002264
N00002265,N00002265
N00002266,N00002266
N00002267,N00002267
N00002268,N00002268
N00002269,N00002269
N00002270,N00002270
N00002271,N00002271
N00002272,N00002272
N00002273,N00002273
N00002274,N00002274
N00002275,N00002275
N00002276,N00002276
N00002277,N00002277
N00002278,N00002278
N00002279,N00002279
N00002280,N00002280
N00002281,N00002281
N00002282,N00002282
N00002283,N00002283
N00002284,N00002284
N00002285,N00002285
N00002286,N00002286
N00002287,N00002287
N00002288,N00002288
N00002289,N00002289
N00002290,N00002290
N00002291,N00002291
N00002292,N00002292
N00002293,N00002293
N00002294,N00002294
N00002295,N00002295
N00002296,N00002296
N00002297,N00002297
N00002298,N00002298
N00002299,N00002299
N00002300,N00002300
N00002301,N00002301
N00002302,N00002302
N00002303,N00002303
N00002304,N00002304
N00002305,N00002305
N00002306,N00002306
N00002307,N00002307
N00002308,N00002308
N00002309,N00002309
N00002310,N00002310
N00002311,N00002311
N00002312,N00002312
N00002313,N00002313
N00002314,N00002314
N00002315,N00002315
N00002316,N00002316
N00002317,N00002317
N00002318,N00002318
N00002319,N00002319
N00002320,N00002320
N00002321,N00002321
N00002322,N00002322
N00002323,N00002323
N00002324,N00002324
N00002325,N00002325
N00002326,N00002326
N00002327,N00002327
N00002328,N00002328
N00002329,N00002329
N00002330,N00002330
N00002331,N00002331
N00002332,N00002332
N00002333,N00002333
N00002334,N00002334
N00002335,N00002335
N00002336,N00002336
N00002337,N00002337
N00002338,N00002338
N00002339,N00002339
N00002340,N00002340
N00002341,N00002341
N00002342,N00002342
N00002343,N00002343
N00002344,N00002344
N00002345,N00002345
N00002346,N00002346
N00002347,N00002347
N00002348,N00002348
N00002349,N00002349
N00002350,N00002350
N00002351,N00002351
N00002352,N00002352
N00002353,N00002353
N00002354,N00002354
N00002355,N00002355
N00002356,N00002356
N00002357,N00002357
N00002358,N00002358
N00002359,N00002359
N00002360,N00002360
N00002361,N00002361
N00002362,N00002362
N00002363,N00002363
N00002364,N00002364
N00002365,N00002365
N00002366,N00002366
N00002367,N00002367
N00002368,N00002368
N00002369,N00002369
N00002370,N00002370
N00002371,N00002371
N00002372,N00002372
N00002373,N00002373
N00002374,N00002374
N00002375,N00002375
N00002376,N00002376
N00002377,N00002377
N00002378,N00002378
N00002379,N00002379
N00002380,N00002380
N00002381,N00002381
N00002382,N00002382
N00002383,N00002383
N00002384,N00002384
N00002385,N00002385
N00002386,N00002386
N00002387,N00002387
N00002388,N00002388
N00002389,N00002389
N00002390,N00002390
N00002391,N00002391
N00002392,N00002392
N00002393,N00002393
N00002394,N00002394
N00002395,N00002395
N00002396,N00002396
N00002397,N00002397
N00002398,N00002398
N00002399,N00002399
N00002400,N00002400
N00002401,N00002401
N00002402,N00002402
N00002403,N00002403
N00002404,N00002404
N00002405,N00002405
N00002406,N00002406
N00002407,N00002407
N00002408,N00002408
N00002409,N00002409
N00002410,N00002410
N00002411,N00002411
N00002412,N00002412
N00002413,N00002413
N00002414,N00002414
N00002415,N00002415
N00002416,N00002416
N00002417,N00002417
N00002418,N00002418
N00002419,N00002419
N00002420,N00002420
N00002421,N00002421
N00002422,N00002422
N00002423,N00002423
N00002424,N00002424
N00002425,N00002425
N00002426,N00002426
N00002427,N00002427
N00002428,N00002428
N00002429,N00002429
N00002430,N00002430
N00002431,N00002431
N00002432,N00002432
N00002433,N00002433
N00002434,N00002434
N00002435,N00002435
N00002436,N00002436
N00002437,N00002437
N00002438,N00002438
N00002439,N00002439
N00002440,N00002440
N00002441,N00002441
N00002442,N00002442
N00002443,N00002443
N00002444,N00002444
N00002445,N00002445
N00002446,N00002446
N00002447,N00002447
N00002448,N00002448
N00002449,N00002449
N00002450,N00002450
N00002451,N00002451
N00002452,N00002452
N00002453,N00002453
N00002454,N00002454
N00002455,N00002455
N00002456,N00002456
N00002457,N00002457
N00002458,N00002458
N00002459,N00002459
N00002460,N00002460
N00002461,N00002461
N00002462,N00002462
N00002463,N00002463
N00002464,N00002464
N00002465,N00002465
N00002466,N00002466
N00002467,N00002467
N00002468,N00002468
N00002469,N00002469
N00002470,N00002470
N00002471,N00002471
N00002472,N00002472
N00002473,N00002473
N00002474,N00002474
N00002475,N00002475
N00002476,N00002476
N00002477,N00002477
N00002478,N00002478
N00002479,N00002479
N00002480,N00002480
N00002481,N00002481
N00002482,N00002482
N00002483,N00002483
N00002484,N00002484
N00002485,N00002485
N00002486,N00002486
N00002487,N00002487
N00002488,N00002488
N00002489,N00002489
N00002490,N00002490
N00002491,N00002491
N00002492,N00002492
N00002493,N00002493
N00002494,N00002494
N00002495,N00002495
N00002496,N00002496
N00002497,N00002497
N00002498,N00002498
N00002499,N00002499
N00002500,N00002500
N00002501,N00002501
N00002502,N00002502
N00002503,N00002503
N00002504,N00002504
N00002505,N00002505
N00002506,N00002506
N00002507,N00002507
N00002508,N00002508
N00002509,N00002509
N00002510,N00002510
N00002511,N00002511
N00002512,N00002512
N00002513,N00002513
N00002514,N00002514
N00002515,N00002515
N00002516,N00002516
N00002517,N00002517
N00002518,N00002518
N00002519,N00002519
N00002520,N00002520
N00002521,N00002521
N00002522,N00002522
N00002523,N00002523
N00002524,N00002524
N00002525,N00002525
N00002526,N00002526
N00002527,N00002527
N00002528,N00002528
N00002529,N00002529
N00002530,N00002530
N00002531,N00002531
N00002532,N00002532
N00002533,N00002533
N00002534,N00002534
N00002535,N00002535
N00002536,N00002536
N00002537,N00002537
N00002538,N00002538
N00002539,N00002539
N00002540,N00002540
N00002541,N00002541
N00002542,N00002542
N00002543,N00002543
N00002544,N00002544
N00002545,N00002545
N00002546,N00002546
N00002547,N00002547
N00002548,N00002548
N00002549,N00002549
N00002550,N00002550
N00002551,N00002551
N00002552,N00002552
N00002553,N00002553
N00002554,N00002554
N00002555,N00002555
N00002556,N00002556
N00002557,N00002557
N00002558,N00002558
N00002559,N00002559
N00002560,N00002560
N00002561,N00002561
N00002562,N00002562
N00002563,N00002563
N00002564,N00002564
N00002565,N00002565
N00002566,N00002566
N00002567,N00002567
N00002568,N00002568
N00002569,N00002569
N00002570,N00002570
N00002571,N00002571
N00002572,N00002572
N00002573,N00002573
N00002574,N00002574
N00002575,N00002575
N00002576,N00002576
N00002577,N00002577
N00002578,N00002578
N00002579,N00002579
N00002580,N00002580
N00002581,N00002581
N00002582,N00002582
N00002583,N00002583
N00002584,N00002584
N00002585,N00002585
N00002586,N00002586
N00002587,N00002587
N00002588,N00002588
N00002589,N00002589
N00002590,N00002590
N00002591,N00002591
N00002592,N00002592
N00002593,N00002593
N00002594,N00002594
N00002595,N00002595
N00002596,N00002596
N00002597,N00002597
N00002598,N00002598
N00002599,N00002599
N00002600,N00002600
N00002601,N00002601
N00002602,N00002602
N00002603,N00002603
N00002604,N00002604
N00002605,N00002605
N00002606,N00002606
N00002607,N00002607
N00002608,N00002608
N00002609,N00002609
N00002610,N00002610
N00002611,N00002611
N00002612,N00002612
N00002613,N00002613
N00002614,N00002614
N00002615,N00002615
N00002616,N00002616
N00002617,N00002617
N00002618,N00002618
N00002619,N00002619
N00002620,N00002620
N00002621,N00002621
N00002622,N00002622
N00002623,N00002623
N00002624,N00002624
N00002625,N00002625
N00002626,N00002626
N00002627,N00002627
N00002628,N00002628
N00002629,N00002629
N00002630,N00002630
N00002631,N00002631
N00002632,N00002632
N00002633,N00002633
N00002634,N00002634
N00002635,N00002635
N00002636,N00002636
N00002637,N00002637
N00002638,N00002638
N00002639,N00002639
N00002640,N00002640
N00002641,N00002641
N00002642,N00002642
N00002643,N00002643
N00002644,N00002644
N00002645,N00002645
N00002646,N00002646
N00002647,N00002647
N00002648,N00002648
N00002649,N00002649
N00002650,N00002650
N00002651,N00002651
N00002652,N00002652
N00002653,N00002653
N00002654,N00002654
N00002655,N00002655
N00002656,N00002656
N00002657,N00002657
N00002658,N00002658
N00002659,N00002659
N00002660,N00002660
N00002661,N00002661
N00002662,N00002662
N00002663,N00002663
N00002664,N00002664
N00002665,N00002665
N00002666,N00002666
N00002667,N00002667
N00002668,N00002668
N00002669,N00002669
N00002670,N00002670
N00002671,N00002671
N00002672,N00002672
N00002673,N00002673
N00002674,N00002674
N00002675,N00002675
N00002676,N00002676
N00002677,N00002677
N00002678,N00002678
N00002679,N00002679
N00002680,N00002680
N00002681,N00002681
N00002682,N00002682
N00002683,N00002683
N00002684,N00002684
N00002685,N00002685
N00002686,N00002686
N00002687,N00002687
N00002688,N00002688
N00002689,N00002689
N00002690,N00002690
N00002691,N00002691
N00002692,N00002692
N00002693,N00002693
N00002694,N00002694
N00002695,N00002695
N00002696,N00002696
N00002697,N00002697
N00002698,N00002698
N00002699,N00002699
N00002700,N00002700
N00002701,N00002701
N00002702,N00002702
N00002703,N00002703
N00002704,N00002704
N00002705,N00002705
N00002706,N00002706
N00002707,N00002707
N00002708,N00002708
N00002709,N00002709
N00002710,N00002710
N00002711,N00002711
N00002712,N00002712
N00002713,N00002713
N00002714,N00002714
N00002715,N00002715
N00002716,N00002716
N00002717,N00002717
N00002718,N00002718
N00002719,N00002719
N00002720,N00002720
N00002721,N00002721
N00002722,N00002722
N00002723,N00002723
N00002724,N00002724
N00002725,N00002725
N00002726,N00002726
N00002727,N00002727
N00002728,N00002728
N00002729,N00002729
N00002730,N00002730
N00002731,N00002731
N00002732,N00002732
N00002733,N00002733
N00002734,N00002734
N00002735,N00002735
N00002736,N00002736
N00002737,N00002737
N00002738,N00002738
N00002739,N00002739
N00002740,N00002740
N00002741,N00002741
N00002742,N00002742
N00002743,N00002743
N00002744,N00002744
N00002745,N00002745
N00002746,N00002746
N00002747,N00002747
N00002748,N00002748
N00002749,N00002749
N00002750,N00002750
N00002751,N00002751
N00002752,N00002752
N00002753,N00002753
N00002754,N00002754
N00002755,N00002755
N00002756,N00002756
N00002757,N00002757
N00002758,N00002758
N00002759,N00002759
N00002760,N00002760
N00002761,N00002761
N00002762,N00002762
N00002763,N00002763
N00002764,N00002764
N00002765,N00002765
N00002766,N00002766
N00002767,N00002767
N00002768,N00002768
N00002769,N00002769
N00002770,N00002770
N00002771,N00002771
N00002772,N00002772
N00002773,N00002773
N00002774,N00002774
N00002775,N00002775
N00002776,N00002776
N00002777,N00002777
N00002778,N00002778
N00002779,N00002779
N00002780,N00002780
N00002781,N00002781
N00002782,N00002782
N00002783,N00002783
N00002784,N00002784
N00002785,N00002785
N00002786,N00002786
N00002787,N00002787
N00002788,N00002788
N00002789,N00002789
N00002790,N00002790
N00002791,N00002791
N00002792,N00002792
N00002793,N00002793
N00002794,N00002794
N00002795,N00002795
N00002796,N00002796
N00002797,N00002797
N00002798,N00002798
N00002799,N00002799
N00002800,N00002800
N00002801,N00002801
N00002802,N00002802
N00002803,N00002803
N00002804,N00002804
N00002805,N00002805
N00002806,N00002806
N00002807,N00002807
N00002808,N00002808
N00002809,N00002809
N00002810,N00002810
N00002811,N00002811
N00002812,N00002812
N00002813,N00002813
N00002814,N00002814
N00002815,N00002815
N00002816,N00002816
N00002817,N00002817
N00002818,N00002818
N00002819,N00002819
N00002820,N00002820
N00002821,N00002821
N00002822,N00002822
N00002823,N00002823
N00002824,N00002824
N00002825,N00002825
N00002826,N00002826
N00002827,N00002827
N00002828,N00002828
N00002829,N00002829
N00002830,N00002830
N00002831,N00002831
N00002832,N00002832
N00002833,N00002833
N00002834,N00002834
N00002835,N00002835
N00002836,N00002836
N00002837,N00002837
N00002838,N00002838
N00002839,N00002839
N00002840,N00002840
N00002841,N00002841
N00002842,N00002842
N00002843,N00002843
N00002844,N00002844
N00002845,N00002845
N00002846,N00002846
N00002847,N00002847
N00002848,N00002848
N00002849,N00002849
N00002850,N00002850
N00002851,N00002851
N00002852,N00002852
N00002853,N00002853
N00002854,N00002854
N00002855,N00002855
N00002856,N00002856
N00002857,N00002857
N00002858,N00002858
N00002859,N00002859
N00002860,N00002860
N00002861,N00002861
N00002862,N00002862
N00002863,N00002863
N00002864,N00002864
N00002865,N00002865
N00002866,N00002866
N00002867,N00002867
N00002868,N00002868
N00002869,N00002869
N00002870,N00002870
N00002871,N00002871
N00002872,N00002872
N00002873,N00002873
N00002874,N00002874
N00002875,N00002875
N00002876,N00002876
N00002877,N00002877
N00002878,N00002878
N00002879,N00002879
N00002880,N00002880
N00002881,N00002881
N00002882,N00002882
N00002883,N00002883
N00002884,N00002884
N00002885,N00002885
N00002886,N00002886
N00002887,N00002887
N00002888,N00002888
N00002889,N00002889
N00002890,N00002890
N00002891,N00002891
N00002892,N00002892
N00002893,N00002893
N00002894,N00002894
N00002895,N00002895
N00002896,N00002896
N00002897,N00002897
N00002898,N00002898
N00002899,N00002899
N00002900,N00002900
N00002901,N00002901
N00002902,N00002902
N00002903,N00002903
N00002904,N00002904
N00002905,N00002905
N00002906,N00002906
N00002907,N00002907
N00002908,N00002908
N00002909,N00002909
N00002910,N00002910
N00002911,N00002911
N00002912,N00002912
N00002913,N00002913
N00002914,N00002914
N00002915,N00002915
N00002916,N00002916
N00002917,N00002917
N00002918,N00002918
N00002919,N00002919
N00002920,N00002920
N00002921,N00002921
N00002922,N00002922
N00002923,N00002923
N00002924,N00002924
N00002925,N00002925
N00002926,N00002926
N00002927,N00002927
N00002928,N00002928
N00002929,N00002929
N00002930,N00002930
N00002931,N00002931
N00002932,N00002932
N00002933,N00002933
N00002934,N00002934
N00002935,N00002935
N00002936,N00002936
N00002937,N00002937
N00002938,N00002938
N00002939,N00002939
N00002940,N00002940
N00002941,N00002941
N00002942,N00002942
N00002943,N00002943
N00002944,N00002944
N00002945,N00002945
N00002946,N00002946
N00002947,N00002947
N00002948,N00002948
N00002949,N00002949
N00002950,N00002950
N00002951,N00002951
N00002952,N00002952
N00002953,N00002953
N00002954,N00002954
N00002955,N00002955
N00002956,N00002956
N00002957,N00002957
N00002958,N00002958
N00002959,N00002959
N00002960,N00002960
N00002961,N00002961
N00002962,N00002962
N00002963,N00002963
N00002964,N00002964
N00002965,N00002965
N00002966,N00002966
N00002967,N00002967
N00002968,N00002968
N00002969,N00002969
N00002970,N00002970
N00002971,N00002971
N00002972,N00002972
N00002973,N00002973
N00002974,N00002974
N00002975,N00002975
N00002976,N00002976
N00002977,N00002977
N00002978,N00002978
N00002979,N00002979
N00002980,N00002980
N00002981,N00002981
N00002982,N00002982
N00002983,N00002983
N00002984,N00002984
N00002985,N00002985
N00002986,N00002986
N00002987,N00002987
N00002988,N00002988
N00002989,N00002989
N00002990,N00002990
N00002991,N00002991
N00002992,N00002992
N00002993,N00002993
N00002994,N00002994
N00002995,N00002995
N00002996,N00002996
N00002997,N00002997
N00002998,N00002998
N00002999,N00002999
N00003000,N00003000
N00003001,N00003001
N00003002,N00003002
N00003003,N00003003
N00003004,N00003004
N00003005,N00003005
N00003006,N00003006
N00003007,N00003007
N00003008,N00003008
N00003009,N00003009
N00003010,N00003010
N00003011,N00003011
N00003012,N00003012
N00003013,N00003013
N00003014,N00003014
N00003015,N00003015
N00003016,N00003016
N00003017,N00003017
N00003018,N00003018
N00003019,N00003019
N00003020,N00003020
N00003021,N00003021
N00003022,N00003022
N00003023,N00003023
N00003024,N00003024
N00003025,N00003025
N00003026,N00003026
N00003027,N00003027
N00003028,N00003028
N00003029,N00003029
N00003030,N00003030
N00003031,N00003031
N00003032,N00003032
N00003033,N00003033
N00003034,N00003034
N00003035,N00003035
N00003036,N00003036
N00003037,N00003037
N00003038,N00003038
N00003039,N00003039
N00003040,N00003040
N00003041,N00003041
N00003042,N00003042
N00003043,N00003043
N00003044,N00003044
N00003045,N00003045
N00003046,N00003046
N00003047,N00003047
N00003048,N00003048
N00003049,N00003049
N00003050,N00003050
N00003051,N00003051
N00003052,N00003052
N00003053,N00003053
N00003054,N00003054
N00003055,N00003055
N00003056,N00003056
N00003057,N00003057
N00003058,N00003058
N00003059,N00003059
N00003060,N00003060
N00003061,N00003061
N00003062,N00003062
N00003063,N00003063
N00003064,N00003064
N00003065,N00003065
N00003066,N00003066
N00003067,N00003067
N00003068,N00003068
N00003069,N00003069
N00003070,N00003070
N00003071,N00003071
N00003072,N00003072
N00003073,N00003073
N00003074,N00003074
N00003075,N00003075
N00003076,N00003076
N00003077,N00003077
N00003078,N00003078
N00003079,N00003079
N00003080,N00003080
N00003081,N00003081
N00003082,N00003082
N00003083,N00003083
N00003084,N00003084
N00003085,N00003085
N00003086,N00003086
N00003087,N00003087
N00003088,N00003088
N00003089,N00003089
N00003090,N00003090
N00003091,N00003091
N00003092,N00003092
N00003093,N00003093
N00003094,N00003094
N00003095,N00003095
N00003096,N00003096
N00003097,N00003097
N00003098,N00003098
N00003099,N00003099
N00003100,N00003100
N00003101,N00003101
N00003102,N00003102
N00003103,N00003103
N00003104,N00003104
N00003105,N00003105
N00003106,N00003106
N00003107,N00003107
N00003108,N00003108
N00003109,N00003109
N00003110,N00003110
N00003111,N00003111
N00003112,N00003112
N00003113,N00003113
N00003114,N00003114
N00003115,N00003115
N00003116,N00003116
N00003117,N00003117
N00003118,N00003118
N00003119,N00003119
N00003120,N00003120
N00003121,N00003121
N00003122,N00003122
N00003123,N00003123
N00003124,N00003124
N00003125,N00003125
N00003126,N00003126
N00003127,N00003127
N00003128,N00003128
N00003129,N00003129
N00003130,N00003130
N00003131,N00003131
N00003132,N00003132
N00003133,N00003133
N00003134,N00003134
N00003135,N00003135
N00003136,N00003136
N00003137,N00003137
N00003138,N00003138
N00003139,N00003139
N00003140,N00003140
N00003141,N00003141
N00003142,N00003142
N00003143,N00003143
N00003144,N00003144
N00003145,N00003145
N00003146,N00003146
N00003147,N00003147
N00003148,N00003148
N00003149,N00003149
N00003150,N00003150
N00003151,N00003151
N00003152,N00003152
N00003153,N00003153
N00003154,N00003154
N00003155,N00003155
N00003156,N00003156
N00003157,N00003157
N00003158,N00003158
N00003159,N00003159
N00003160,N00003160
N00003161,N00003161
N00003162,N00003162
N00003163,N00003163
N00003164,N00003164
N00003165,N00003165
N00003166,N00003166
N00003167,N00003167
N00003168,N00003168
N00003169,N00003169
N00003170,N00003170
N00003171,N00003171
N00003172,N00003172
N00003173,N00003173
N00003174,N00003174
N00003175,N00003175
N00003176,N00003176
N00003177,N00003177
N00003178,N00003178
N00003179,N00003179
N00003180,N00003180
N00003181,N00003181
N00003182,N00003182
N00003183,N00003183
N00003184,N00003184
N00003185,N00003185
N00003186,N00003186
N00003187,N00003187
N00003188,N00003188
N00003189,N00003189
N00003190,N00003190
N00003191,N00003191
N00003192,N00003192
N00003193,N00003193
N00003194,N00003194
N00003195,N00003195
N00003196,N00003196
N00003197,N00003197
N00003198,N00003198
N00003199,N00003199
N00003200,N00003200
N00003201,N00003201
N00003202,N00003202
N00003203,N00003203
N00003204,N00003204
N00003205,N00003205
N00003206,N00003206
N00003207,N00003207
N00003208,N00003208
N00003209,N00003209
N00003210,N00003210
N00003211,N00003211
N00003212,N00003212
N00003213,N00003213
N00003214,N00003214
N00003215,N00003215
N00003216,N00003216
N00003217,N00003217
N00003218,N00003218
N00003219,N00003219
N00003220,N00003220
N00003221,N00003221
N00003222,N00003222
N00003223,N00003223
N00003224,N00003224
N00003225,N00003225
N00003226,N00003226
N00003227,N00003227
N00003228,N00003228
N00003229,N00003229
N00003230,N00003230
N00003231,N00003231
N00003232,N00003232
N00003233,N00003233
N00003234,N00003234
N00003235,N00003235
N00003236,N00003236
N00003237,N00003237
N00003238,N00003238
N00003239,N00003239
N00003240,N00003240
N00003241,N00003241
N00003242,N00003242
N00003243,N00003243
N00003244,N00003244
N00003245,N00003245
N00003246,N00003246
N00003247,N00003247
N00003248,N00003248
N00003249,N00003249
N00003250,N00003250
N00003251,N00003251
N00003252,N00003252
N00003253,N00003253
N00003254,N00003254
N00003255,N00003255
N00003256,N00003256
N00003257,N00003257
N00003258,N00003258
N00003259,N00003259
N00003260,N00003260
N00003261,N00003261
N00003262,N00003262
N00003263,N00003263
N00003264,N00003264
N00003265,N00003265
N00003266,N00003266
N00003267,N00003267
N00003268,N00003268
N00003269,N00003269
N00003270,N00003270
N00003271,N00003271
N00003272,N00003272
N00003273,N00003273
N00003274,N00003274
N00003275,N00003275
N00003276,N00003276
N00003277,N00003277
N00003278,N00003278
N00003279,N00003279
N00003280,N00003280
N00003281,N00003281
N00003282,N00003282
N00003283,N00003283
N00003284,N00003284
N00003285,N00003285
N00003286,N00003286
N00003287,N00003287
N00003288,N00003288
N00003289,N00003289
N00003290,N00003290
N00003291,N00003291
N00003292,N00003292
N00003293,N00003293
N00003294,N00003294
N00003295,N00003295
N00003296,N00003296
N00003297,N00003297
N00003298,N00003298
N00003299,N00003299
N00003300,N00003300
N00003301,N00003301
N00003302,N00003302
N00003303,N00003303
N00003304,N00003304
N00003305,N00003305
N00003306,N00003306
N00003307,N00003307
N00003308,N00003308
N00003309,N00003309
N00003310,N00003310
N00003311,N00003311
N00003312,N00003312
N00003313,N00003313
N00003314,N00003314
N00003315,N00003315
N00003316,N00003316
N00003317,N00003317
N00003318,N00003318
N00003319,N00003319
N00003320,N00003320
N00003321,N00003321
N00003322,N00003322
N00003323,N00003323
N00003324,N00003324
N00003325,N00003325
N00003326,N00003326
N00003327,N00003327
N00003328,N00003328
N00003329,N00003329
N00003330,N00003330
N00003331,N00003331
N00003332,N00003332
N00003333,N00003333
N00003334,N00003334
N00003335,N00003335
N00003336,N00003336
N00003337,N00003337
N00003338,N00003338
N00003339,N00003339
N00003340,N00003340
N00003341,N00003341
N00003342,N00003342
N00003343,N00003343
N00003344,N00003344
N00003345,N00003345
N00003346,N00003346
N00003347,N00003347
N00003348,N00003348
N00003349,N00003349
N00003350,N00003350
N00003351,N00003351
N00003352,N00003352
N00003353,N00003353
N00003354,N00003354
N00003355,N00003355
N00003356,N00003356
N00003357,N00003357
N00003358,N00003358
N00003359,N00003359
N00003360,N00003360
N00003361,N00003361
N00003362,N00003362
N00003363,N00003363
N00003364,N00003364
N00003365,N00003365
N00003366,N00003366
N00003367,N00003367
N00003368,N00003368
N00003369,N00003369
N00003370,N00003370
N00003371,N00003371
N00003372,N00003372
N00003373,N00003373
N00003374,N00003374
N00003375,N00003375
N00003376,N00003376
N00003377,N00003377
N00003378,N00003378
N00003379,N00003379
N00003380,N00003380
N00003381,N00003381
N00003382,N00003382
N00003383,N00003383
N00003384,N00003384
N00003385,N00003385
N00003386,N00003386
N00003387,N00003387
N00003388,N00003388
N00003389,N00003389
N00003390,N00003390
N00003391,N00003391
N00003392,N00003392
N00003393,N00003393
N00003394,N00003394
N00003395,N00003395
N00003396,N00003396
N00003397,N00003397
N00003398,N00003398
N00003399,N00003399
N00003400,N00003400
N00003401,N00003401
N00003402,N00003402
N00003403,N00003403
N00003404,N00003404
N00003405,N00003405
N00003406,N00003406
N00003407,N00003407
N00003408,N00003408
N00003409,N00003409
N00003410,N00003410
N00003411,N00003411
N00003412,N00003412
N00003413,N00003413
N00003414,N00003414
N00003415,N00003415
N00003416,N00003416
N00003417,N00003417
N00003418,N00003418
N00003419,N00003419
N00003420,N00003420
N00003421,N00003421
N00003422,N00003422
N00003423,N00003423
N00003424,N00003424
N00003425,N00003425
N00003426,N00003426
N00003427,N00003427
N00003428,N00003428
N00003429,N00003429
N00003430,N00003430
N00003431,N00003431
N00003432,N00003432
N00003433,N00003433
N00003434,N00003434
N00003435,N00003435
N00003436,N00003436
N00003437,N00003437
N00003438,N00003438
N00003439,N00003439
N00003440,N00003440
N00003441,N00003441
N00003442,N00003442
N00003443,N00003443
N00003444,N00003444
N00003445,N00003445
N00003446,N00003446
N00003447,N00003447
N00003448,N00003448
N00003449,N00003449
N00003450,N00003450
N00003451,N00003451
N00003452,N00003452
N00003453,N00003453
N00003454,N00003454
N00003455,N00003455
N00003456,N00003456
N00003457,N00003457
N00003458,N00003458
N00003459,N00003459
N00003460,N00003460
N00003461,N00003461
N00003462,N00003462
N00003463,N00003463
N00003464,N00003464
N00003465,N00003465
N00003466,N00003466
N00003467,N00003467
N00003468,N00003468
N00003469,N00003469
N00003470,N00003470
N00003471,N00003471
N00003472,N00003472
N00003473,N00003473
N00003474,N00003474
N00003475,N00003475
N00003476,N00003476
N00003477,N00003477
N00003478,N00003478
N00003479,N00003479
N00003480,N00003480
N00003481,N00003481
N00003482,N00003482
N00003483,N00003483
N00003484,N00003484
N00003485,N00003485
N00003486,N00003486
N00003487,N00003487
N00003488,N00003488
N00003489,N00003489
N00003490,N00003490
N00003491,N00003491
N00003492,N00003492
N00003493,N00003493
N00003494,N00003494
N00003495,N00003495
N00003496,N00003496
N00003497,N00003497
N00003498,N00003498
N00003499,N00003499
N00003500,N00003500
N00003501,N00003501
N00003502,N00003502
N00003503,N00003503
N00003504,N00003504
N00003505,N00003505
N00003506,N00003506
N00003507,N00003507
N00003508,N00003508
N00003509,N00003509
N00003510,N00003510
N00003511,N00003511
N00003512,N00003512
N00003513,N00003513
N00003514,N00003514
N00003515,N00003515
N00003516,N00003516
N00003517,N00003517
N00003518,N00003518
N00003519,N00003519
N00003520,N00003520
N00003521,N00003521
N00003522,N00003522
N00003523,N00003523
N00003524,N00003524
N00003525,N00003525
N00003526,N00003526
N00003527,N00003527
N00003528,N00003528
N00003529,N00003529
N00003530,N00003530
N00003531,N00003531
N00003532,N00003532
N00003533,N00003533
N00003534,N00003534
N00003535,N00003535
N00003536,N00003536
N00003537,N00003537
N00003538,N00003538
N00003539,N00003539
N00003540,N00003540
N00003541,N00003541
N00003542,N00003542
N00003543,N00003543
N00003544,N00003544
N00003545,N00003545
N00003546,N00003546
N00003547,N00003547
N00003548,N00003548
N00003549,N00003549
N00003550,N00003550
N00003551,N00003551
N00003552,N00003552
N00003553,N00003553
N00003554,N00003554
N00003555,N00003555
N00003556,N00003556
N00003557,N00003557
N00003558,N00003558
N00003559,N00003559
N00003560,N00003560
N00003561,N00003561
N00003562,N00003562
N00003563,N00003563
N00003564,N00003564
N00003565,N00003565
N00003566,N00003566
N00003567,N00003567
N00003568,N00003568
N00003569,N00003569
N00003570,N00003570
N00003571,N00003571
N00003572,N00003572
N00003573,N00003573
N00003574,N00003574
N00003575,N00003575
N00003576,N00003576
N00003577,N00003577
N00003578,N00003578
N00003579,N00003579
N00003580,N00003580
N00003581,N00003581
N00003582,N00003582
N00003583,N00003583
N00003584,N00003584
N00003585,N00003585
N00003586,N00003586
N00003587,N00003587
N00003588,N00003588
N00003589,N00003589
N00003590,N00003590
N00003591,N00003591
N00003592,N00003592
N00003593,N00003593
N00003594,N00003594
N00003595,N00003595
N00003596,N00003596
N00003597,N00003597
N00003598,N00003598
N00003599,N00003599
N00003600,N00003600
N00003601,N00003601
N00003602,N00003602
N00003603,N00003603
N00003604,N00003604
N00003605,N00003605
N00003606,N00003606
N00003607,N00003607
N00003608,N00003608
N00003609,N00003609
N00003610,N00003610
N00003611,N00003611
N00003612,N00003612
N00003613,N00003613
N00003614,N00003614
N00003615,N00003615
N00003616,N00003616
N00003617,N00003617
N00003618,N00003618
N00003619,N00003619
N00003620,N00003620
N00003621,N00003621
N00003622,N00003622
N00003623,N00003623
N00003624,N00003624
N00003625,N00003625
N00003626,N00003626
N00003627,N00003627
N00003628,N00003628
N00003629,N00003629
N00003630,N00003630
N00003631,N00003631
N00003632,N00003632
N00003633,N00003633
N00003634,N00003634
N00003635,N00003635
N00003636,N00003636
N00003637,N00003637
N00003638,N00003638
N00003639,N00003639
N00003640,N00003640
N00003641,N00003641
N00003642,N00003642
N00003643,N00003643
N00003644,N00003644
N00003645,N00003645
N00003646,N00003646
N00003647,N00003647
N00003648,N00003648
N00003649,N00003649
N00003650,N00003650
N00003651,N00003651
N00003652,N00003652
N00003653,N00003653
N00003654,N00003654
N00003655,N00003655
N00003656,N00003656
N00003657,N00003657
N00003658,N00003658
N00003659,N00003659
N00003660,N00003660
N00003661,N00003661
N00003662,N00003662
N00003663,N00003663
N00003664,N00003664
N00003665,N00003665
N00003666,N00003666
N00003667,N00003667
N00003668,N00003668
N00003669,N00003669
N00003670,N00003670
N00003671,N00003671
N00003672,N00003672
N00003673,N00003673
N00003674,N00003674
N00003675,N00003675
N00003676,N00003676
N00003677,N00003677
N00003678,N00003678
N00003679,N00003679
N00003680,N00003680
N00003681,N00003681
N00003682,N00003682
N00003683,N00003683
N00003684,N00003684
N00003685,N00003685
N00003686,N00003686
N00003687,N00003687
N00003688,N00003688
N00003689,N00003689
N00003690,N00003690
N00003691,N00003691
N00003692,N00003692
N00003693,N00003693
N00003694,N00003694
N00003695,N00003695
N00003696,N00003696
N00003697,N00003697
N00003698,N00003698
N00003699,N00003699
N00003700,N00003700
N00003701,N00003701
N00003702,N00003702
N00003703,N00003703
N00003704,N00003704
N00003705,N00003705
N00003706,N00003706
N00003707,N00003707
N00003708,N00003708
N00003709,N00003709
N00003710,N00003710
N00003711,N00003711
N00003712,N00003712
N00003713,N00003713
N00003714,N00003714
N00003715,N00003715
N00003716,N00003716
N00003717,N00003717
N00003718,N00003718
N00003719,N00003719
N00003720,N00003720
N00003721,N00003721
N00003722,N00003722
N00003723,N00003723
N00003724,N00003724
N00003725,N00003725
N00003726,N00003726
N00003727,N00003727
N00003728,N00003728
N00003729,N00003729
N00003730,N00003730
N00003731,N00003731
N00003732,N00003732
N00003733,N00003733
N00003734,N00003734
N00003735,N00003735
N00003736,N00003736
N00003737,N00003737
N00003738,N00003738
N00003739,N00003739
N00003740,N00003740
N00003741,N00003741
N00003742,N00003742
N00003743,N00003743
N00003744,N00003744
N00003745,N00003745
N00003746,N00003746
N00003747,N00003747
N00003748,N00003748
N00003749,N00003749
N00003750,N00003750
N00003751,N00003751
N00003752,N00003752
N00003753,N00003753
N00003754,N00003754
N00003755,N00003755
N00003756,N00003756
N00003757,N00003757
N00003758,N00003758
N00003759,N00003759
N00003760,N00003760
N00003761,N00003761
N00003762,N00003762
N00003763,N00003763
N00003764,N00003764
N00003765,N00003765
N00003766,N00003766
N00003767,N00003767
N00003768,N00003768
N00003769,N00003769
N00003770,N00003770
N00003771,N00003771
N00003772,N00003772
N00003773,N00003773
N00003774,N00003774
N00003775,N00003775
N00003776,N00003776
N00003777,N00003777
N00003778,N00003778
N00003779,N00003779
N00003780,N00003780
N00003781,N00003781
N00003782,N00003782
N00003783,N00003783
N00003784,N00003784
N00003785,N00003785
N00003786,N00003786
N00003787,N00003787
N00003788,N00003788
N00003789,N00003789
N00003790,N00003790
N00003791,N00003791
N00003792,N00003792
N00003793,N00003793
N00003794,N00003794
N00003795,N00003795
N00003796,N00003796
N00003797,N00003797
N00003798,N00003798
N00003799,N00003799
N00003800,N00003800
N00003801,N00003801
N00003802,N00003802
N00003803,N00003803
N00003804,N00003804
N00003805,N00003805
N00003806,N00003806
N00003807,N00003807
N00003808,N00003808
N00003809,N00003809
N00003810,N00003810
N00003811,N00003811
N00003812,N00003812
N00003813,N00003813
N00003814,N00003814
N00003815,N00003815
N00003816,N00003816
N00003817,N00003817
N00003818,N00003818
N00003819,N00003819
N00003820,N00003820
N00003821,N00003821
N00003822,N00003822
N00003823,N00003823
N00003824,N00003824
N00003825,N00003825
N00003826,N00003826
N00003827,N00003827
N00003828,N00003828
N00003829,N00003829
N00003830,N00003830
N00003831,N00003831
N00003832,N00003832
N00003833,N00003833
N00003834,N00003834
N00003835,N00003835
N00003836,N00003836
N00003837,N00003837
N00003838,N00003838
N00003839,N00003839
N00003840,N00003840
N00003841,N00003841
N00003842,N00003842
N00003843,N00003843
N00003844,N00003844
N00003845,N00003845
N00003846,N00003846
N00003847,N00003847
N00003848,N00003848
N00003849,N00003849
N00003850,N00003850
N00003851,N00003851
N00003852,N00003852
N00003853,N00003853
N00003854,N00003854
N00003855,N00003855
N00003856,N00003856
N00003857,N00003857
N00003858,N00003858
N00003859,N00003859
N00003860,N00003860
N00003861,N00003861
N00003862,N00003862
N00003863,N00003863
N00003864,N00003864
N00003865,N00003865
N00003866,N00003866
N00003867,N00003867
N00003868,N00003868
N00003869,N00003869
N00003870,N00003870
N00003871,N00003871
N00003872,N00003872
N00003873,N00003873
N00003874,N00003874
N00003875,N00003875
N00003876,N00003876
N00003877,N00003877
N00003878,N00003878
N00003879,N00003879
N00003880,N00003880
N00003881,N00003881
N00003882,N00003882
N00003883,N00003883
N00003884,N00003884
N00003885,N00003885
N00003886,N00003886
N00003887,N00003887
N00003888,N00003888
N00003889,N00003889
N00003890,N00003890
N00003891,N00003891
N00003892,N00003892
N00003893,N00003893
N00003894,N00003894
N00003895,N00003895
N00003896,N00003896
N00003897,N00003897
N00003898,N00003898
N00003899,N00003899
N00003900,N00003900
N00003901,N00003901
N00003902,N00003902
N00003903,N00003903
N00003904,N00003904
N00003905,N00003905
N00003906,N00003906
N00003907,N00003907
N00003908,N00003908
N00003909,N00003909
N00003910,N00003910
N00003911,N00003911
N00003912,N00003912
N00003913,N00003913
N00003914,N00003914
N00003915,N00003915
N00003916,N00003916
N00003917,N00003917
N00003918,N00003918
N00003919,N00003919
N00003920,N00003920
N00003921,N00003921
N00003922,N00003922
N00003923,N00003923
N00003924,N00003924
N00003925,N00003925
N00003926,N00003926
N00003927,N00003927
N00003928,N00003928
N00003929,N00003929
N00003930,N00003930
N00003931,N00003931
N00003932,N00003932
N00003933,N00003933
N00003934,N00003934
N00003935,N00003935
N00003936,N00003936
N00003937,N00003937
N00003938,N00003938
N00003939,N00003939
N00003940,N00003940
N00003941,N00003941
N00003942,N00003942
N00003943,N00003943
N00003944,N00003944
N00003945,N00003945
N00003946,N00003946
N00003947,N00003947
N00003948,N00003948
N00003949,N00003949
N00003950,N00003950
N00003951,N00003951
N00003952,N00003952
N00003953,N00003953
N00003954,N00003954
N00003955,N00003955
N00003956,N00003956
N00003957,N00003957
N00003958,N00003958
N00003959,N00003959
N00003960,N00003960
N00003961,N00003961
N00003962,N00003962
N00003963,N00003963
N00003964,N00003964
N00003965,N00003965
N00003966,N00003966
N00003967,N00003967
N00003968,N00003968
N00003969,N00003969
N00003970,N00003970
N00003971,N00003971
N00003972,N00003972
N00003973,N00003973
N00003974,N00003974
N00003975,N00003975
N00003976,N00003976
N00003977,N00003977
N00003978,N00003978
N00003979,N00003979
N00003980,N00003980
N00003981,N00003981
N00003982,N00003982
N00003983,N00003983
N00003984,N00003984
N00003985,N00003985
N00003986,N00003986
N00003987,N00003987
N00003988,N00003988
N00003989,N00003989
N00003990,N00003990
N00003991,N00003991
N00003992,N00003992
N00003993,N00003993
N00003994,N00003994
N00003995,N00003995
N00003996,N00003996
N00003997,N00003997
N00003998,N00003998
N00003999,N00003999
N00004000,N00004000
N00004001,N00004001
N00004002,N00004002
N00004003,N00004003
N00004004,N00004004
N00004005,N00004005
N00004006,N00004006
N00004007,N00004007
N00004008,N00004008
N00004009,N00004009
N00004010,N00004010
N00004011,N00004011
N00004012,N00004012
N00004013,N00004013
N00004014,N00004014
N00004015,N00004015
N00004016,N00004016
N00004017,N00004017
N00004018,N00004018
N00004019,N00004019
N00004020,N00004020
N00004021,N00004021
N00004022,N00004022
N00004023,N00004023
N00004024,N00004024
N00004025,N00004025
N00004026,N00004026
N00004027,N00004027
N00004028,N00004028
N00004029,N00004029
N00004030,N00004030
N00004031,N00004031
N00004032,N00004032
N00004033,N00004033
N00004034,N00004034
N00004035,N00004035
N00004036,N00004036
N00004037,N00004037
N00004038,N00004038
N00004039,N00004039
N00004040,N00004040
N00004041,N00004041
N00004042,N00004042
N00004043,N00004043
N00004044,N00004044
N00004045,N00004045
N00004046,N00004046
N00004047,N00004047
N00004048,N00004048
N00004049,N00004049
N00004050,N00004050
N00004051,N00004051
N00004052,N00004052
N00004053,N00004053
N00004054,N00004054
N00004055,N00004055
N00004056,N00004056
N00004057,N00004057
N00004058,N00004058
N00004059,N00004059
N00004060,N00004060
N00004061,N00004061
N00004062,N00004062
N00004063,N00004063
N00004064,N00004064
N00004065,N00004065
N00004066,N00004066
N00004067,N00004067
N00004068,N00004068
N00004069,N00004069
N00004070,N00004070
N00004071,N00004071
N00004072,N00004072
N00004073,N00004073
N00004074,N00004074
N00004075,N00004075
N00004076,N00004076
N00004077,N00004077
N00004078,N00004078
N00004079,N00004079
N00004080,N00004080
N00004081,N00004081
N00004082,N00004082
N00004083,N00004083
N00004084,N00004084
N00004085,N00004085
N00004086,N00004086
N00004087,N00004087
N00004088,N00004088
N00004089,N00004089
N00004090,N00004090
N00004091,N00004091
N00004092,N00004092
N00004093,N00004093
N00004094,N00004094
N00004095,N00004095
N00004096,N00004096
N00004097,N00004097
N00004098,N00004098
N00004099,N00004099
N00004100,N00004100
N00004101,N00004101
N00004102,N00004102
N00004103,N00004103
N00004104,N00004104
N00004105,N00004105
N00004106,N00004106
N00004107,N00004107
N00004108,N00004108
N00004109,N00004109
N00004110,N00004110
N00004111,N00004111
N00004112,N00004112
N00004113,N00004113
N00004114,N00004114
N00004115,N00004115
N00004116,N00004116
N00004117,N00004117
N00004118,N00004118
N00004119,N00004119
N00004120,N00004120
N00004121,N00004121
N00004122,N00004122
N00004123,N00004123
N00004124,N00004124
N00004125,N00004125
N00004126,N00004126
N00004127,N00004127
N00004128,N00004128
N00004129,N00004129
N00004130,N00004130
N00004131,N00004131
N00004132,N00004132
N00004133,N00004133
N00004134,N00004134
N00004135,N00004135
N00004136,N00004136
N00004137,N00004137
N00004138,N00004138
N00004139,N00004139
N00004140,N00004140
N00004141,N00004141
N00004142,N00004142
N00004143,N00004143
N00004144,N00004144
N00004145,N00004145
N00004146,N00004146
N00004147,N00004147
N00004148,N00004148
N00004149,N00004149
N00004150,N00004150
N00004151,N00004151
N00004152,N00004152
N00004153,N00004153
N00004154,N00004154
N00004155,N00004155
N00004156,N00004156
N00004157,N00004157
N00004158,N00004158
N00004159,N00004159
N00004160,N00004160
N00004161,N00004161
N00004162,N00004162
N00004163,N00004163
N00004164,N00004164
N00004165,N00004165
N00004166,N00004166
N00004167,N00004167
N00004168,N00004168
N00004169,N00004169
N00004170,N00004170
N00004171,N00004171
N00004172,N00004172
N00004173,N00004173
N00004174,N00004174
N00004175,N00004175
N00004176,N00004176
N00004177,N00004177
N00004178,N00004178
N00004179,N00004179
N00004180,N00004180
N00004181,N00004181
N00004182,N00004182
N00004183,N00004183
N00004184,N00004184
N00004185,N00004185
N00004186,N00004186
N00004187,N00004187
N00004188,N00004188
N00004189,N00004189
N00004190,N00004190
N00004191,N00004191
N00004192,N00004192
N00004193,N00004193
N00004194,N00004194
N00004195,N00004195
N00004196,N00004196
N00004197,N00004197
N00004198,N00004198
N00004199,N00004199
N00004200,N00004200
N00004201,N00004201
N00004202,N00004202
N00004203,N00004203
N00004204,N00004204
N00004205,N00004205
N00004206,N00004206
N00004207,N00004207
N00004208,N00004208
N00004209,N00004209
N00004210,N00004210
N00004211,N00004211
N00004212,N00004212
N00004213,N00004213
N00004214,N00004214
N00004215,N00004215
N00004216,N00004216
N00004217,N00004217
N00004218,N00004218
N00004219,N00004219
N00004220,N00004220
N00004221,N00004221
N00004222,N00004222
N00004223,N00004223
N00004224,N00004224
N00004225,N00004225
N00004226,N00004226
N00004227,N00004227
N00004228,N00004228
N00004229,N00004229
N00004230,N00004230
N00004231,N00004231
N00004232,N00004232
N00004233,N00004233
N00004234,N00004234
N00004235,N00004235
N00004236,N00004236
N00004237,N00004237
N00004238,N00004238
N00004239,N00004239
N00004240,N00004240
N00004241,N00004241
N00004242,N00004242
N00004243,N00004243
N00004244,N00004244
N00004245,N00004245
N00004246,N00004246
N00004247,N00004247
N00004248,N00004248
N00004249,N00004249
N00004250,N00004250
N00004251,N00004251
N00004252,N00004252
N00004253,N00004253
N00004254,N00004254
N00004255,N00004255
N00004256,N00004256
N00004257,N00004257
N00004258,N00004258
N00004259,N00004259
N00004260,N00004260
N00004261,N00004261
N00004262,N00004262
N00004263,N00004263
N00004264,N00004264
N00004265,N00004265
N00004266,N00004266
N00004267,N00004267
N00004268,N00004268
N00004269,N00004269
N00004270,N00004270
N00004271,N00004271
N00004272,N00004272
N00004273,N00004273
N00004274,N00004274
N00004275,N00004275
N00004276,N00004276
N00004277,N00004277
N00004278,N00004278
N00004279,N00004279
N00004280,N00004280
N00004281,N00004281
N00004282,N00004282
N00004283,N00004283
N00004284,N00004284
N00004285,N00004285
N00004286,N00004286
N00004287,N00004287
N00004288,N00004288
N00004289,N00004289
N00004290,N00004290
N00004291,N00004291
N00004292,N00004292
N00004293,N00004293
N00004294,N00004294
N00004295,N00004295
N00004296,N00004296
N00004297,N00004297
N00004298,N00004298
N00004299,N00004299
N00004300,N00004300
N00004301,N00004301
N00004302,N00004302
N00004303,N00004303
N00004304,N00004304
N00004305,N00004305
N00004306,N00004306
N00004307,N00004307
N00004308,N00004308
N00004309,N00004309
N00004310,N00004310
N00004311,N00004311
N00004312,N00004312
N00004313,N00004313
N00004314,N00004314
N00004315,N00004315
N00004316,N00004316
N00004317,N00004317
N00004318,N00004318
N00004319,N00004319
N00004320,N00004320
N00004321,N00004321
N00004322,N00004322
N00004323,N00004323
N00004324,N00004324
N00004325,N00004325
N00004326,N00004326
N00004327,N00004327
N00004328,N00004328
N00004329,N00004329
N00004330,N00004330
N00004331,N00004331
N00004332,N00004332
N00004333,N00004333
N00004334,N00004334
N00004335,N00004335
N00004336,N00004336
N00004337,N00004337
N00004338,N00004338
N00004339,N00004339
N00004340,N00004340
N00004341,N00004341
N00004342,N00004342
N00004343,N00004343
N00004344,N00004344
N00004345,N00004345
N00004346,N00004346
N00004347,N00004347
N00004348,N00004348
N00004349,N00004349
N00004350,N00004350
N00004351,N00004351
N00004352,N00004352
N00004353,N00004353
N00004354,N00004354
N00004355,N00004355
N00004356,N00004356
N00004357,N00004357
N00004358,N00004358
N00004359,N00004359
N00004360,N00004360
N00004361,N00004361
N00004362,N00004362
N00004363,N00004363
N00004364,N00004364
N00004365,N00004365
N00004366,N00004366
N00004367,N00004367
N00004368,N00004368
N00004369,N00004369
N00004370,N00004370
N00004371,N00004371
N00004372,N00004372
N00004373,N00004373
N00004374,N00004374
N00004375,N00004375
N00004376,N00004376
N00004377,N00004377
N00004378,N00004378
N00004379,N00004379
N00004380,N00004380
N00004381,N00004381
N00004382,N00004382
N00004383,N00004383
N00004384,N00004384
N00004385,N00004385
N00004386,N00004386
N00004387,N00004387
N00004388,N00004388
N00004389,N00004389
N00004390,N00004390
N00004391,N00004391
N00004392,N00004392
N00004393,N00004393
N00004394,N00004394
N00004395,N00004395
N00004396,N00004396
N00004397,N00004397
N00004398,N00004398
N00004399,N00004399
N00004400,N00004400
N00004401,N00004401
N00004402,N00004402
N00004403,N00004403
N00004404,N00004404
N00004405,N00004405
N00004406,N00004406
N00004407,N00004407
N00004408,N00004408
N00004409,N00004409
N00004410,N00004410
N00004411,N00004411
N00004412,N00004412
N00004413,N00004413
N00004414,N00004414
N00004415,N00004415
N00004416,N00004416
N00004417,N00004417
N00004418,N00004418
N00004419,N00004419
N00004420,N00004420
N00004421,N00004421
N00004422,N00004422
N00004423,N00004423
N00004424,N00004424
N00004425,N00004425
N00004426,N00004426
N00004427,N00004427
N00004428,N00004428
N00004429,N00004429
N00004430,N00004430
N00004431,N00004431
N00004432,N00004432
N00004433,N00004433
N00004434,N00004434
N00004435,N00004435
N00004436,N00004436
N00004437,N00004437
N00004438,N00004438
N00004439,N00004439
N00004440,N00004440
N00004441,N00004441
N00004442,N00004442
N00004443,N00004443
N00004444,N00004444
N00004445,N00004445
N00004446,N00004446
N00004447,N00004447
N00004448,N00004448
N00004449,N00004449
N00004450,N00004450
N00004451,N00004451
N00004452,N00004452
N00004453,N00004453
N00004454,N00004454
N00004455,N00004455
N00004456,N00004456
N00004457,N00004457
N00004458,N00004458
N00004459,N00004459
N00004460,N00004460
N00004461,N00004461
N00004462,N00004462
N00004463,N00004463
N00004464,N00004464
N00004465,N00004465
N00004466,N00004466
N00004467,N00004467
N00004468,N00004468
N00004469,N00004469
N00004470,N00004470
N00004471,N00004471
N00004472,N00004472
N00004473,N00004473
N00004474,N00004474
N00004475,N00004475
N00004476,N00004476
N00004477,N00004477
N00004478,N00004478
N00004479,N00004479
N00004480,N00004480
N00004481,N00004481
N00004482,N00004482
N00004483,N00004483
N00004484,N00004484
N00004485,N00004485
N00004486,N00004486
N00004487,N00004487
N00004488,N00004488
N00004489,N00004489
N00004490,N00004490
N00004491,N00004491
N00004492,N00004492
N00004493,N00004493
N00004494,N00004494
N00004495,N00004495
N00004496,N00004496
N00004497,N00004497
N00004498,N00004498
N00004499,N00004499
N00004500,N00004500
N00004501,N00004501
N00004502,N00004502
N00004503,N00004503
N00004504,N00004504
N00004505,N00004505
N00004506,N00004506
N00004507,N00004507
N00004508,N00004508
N00004509,N00004509
N00004510,N00004510
N00004511,N00004511
N00004512,N00004512
N00004513,N00004513
N00004514,N00004514
N00004515,N00004515
N00004516,N00004516
N00004517,N00004517
N00004518,N00004518
N00004519,N00004519
N00004520,N00004520
N00004521,N00004521
N00004522,N00004522
N00004523,N00004523
N00004524,N00004524
N00004525,N00004525
N00004526,N00004526
N00004527,N00004527
N00004528,N00004528
N00004529,N00004529
N00004530,N00004530
N00004531,N00004531
N00004532,N00004532
N00004533,N00004533
N00004534,N00004534
N00004535,N00004535
N00004536,N00004536
N00004537,N00004537
