GeographyCode,DC6506NI0001,DC6506NI0002,DC6506NI0003,DC6506NI0004,DC6506NI0005,DC6506NI0006,DC6506NI0007,DC6506NI0008,DC6506NI0009,DC6506NI0010,DC6506NI0011,DC6506NI0012,DC6506NI0013,DC6506NI0014,DC6506NI0015,DC6506NI0016,DC6506NI0017,DC6506NI0018,DC6506NI0019,DC6506NI0020,DC6506NI0021,DC6506NI0022,DC6506NI0023,DC6506NI0024
95AA01S1,757,110,647,45,2,43,114,9,105,190,26,164,19,1,18,176,30,146,189,36,153,24,6,18
95AA01S2,1393,244,1149,300,12,288,148,13,135,233,37,196,62,6,56,188,44,144,413,127,286,49,5,44
95AA01S3,1194,219,975,237,15,222,130,14,116,186,36,150,57,8,49,147,27,120,375,112,263,62,7,55
95AA02W1,1468,164,1304,506,23,483,207,14,193,242,29,213,69,9,60,140,22,118,230,56,174,74,11,63
95AA03W1,1436,133,1303,565,13,552,210,14,196,219,28,191,60,5,55,163,25,138,167,39,128,52,9,43
95AA04W1,2373,453,1920,580,52,528,282,34,248,385,76,309,113,20,93,308,73,235,634,188,446,71,10,61
95AA05W1,2083,324,1759,513,16,497,243,33,210,298,54,244,141,11,130,260,63,197,546,138,408,82,9,73
95AA06S1,1437,199,1238,364,19,345,196,19,177,244,35,209,74,10,64,203,40,163,290,69,221,66,7,59
95AA06S2,1909,233,1676,444,35,409,274,21,253,388,46,342,73,4,69,268,46,222,395,76,319,67,5,62
95AA07W1,1714,281,1433,474,29,445,205,23,182,270,46,224,90,8,82,188,37,151,413,131,282,74,7,67
95AA08W1,1347,148,1199,497,25,472,191,23,168,225,28,197,51,4,47,130,21,109,164,32,132,89,15,74
95AA09W1,1772,198,1574,602,29,573,248,22,226,259,28,231,59,6,53,171,27,144,339,81,258,94,5,89
95AA10W1,1551,208,1343,514,31,483,208,24,184,239,39,200,79,8,71,166,33,133,273,62,211,72,11,61
95AA11S1,2227,310,1917,583,29,554,259,32,227,337,45,292,79,12,67,285,56,229,549,123,426,135,13,122
95AA11S2,1925,216,1709,316,7,309,247,19,228,367,37,330,86,6,80,270,33,237,541,111,430,98,3,95
95AA12W1,2162,421,1741,460,40,420,217,31,186,357,69,288,85,10,75,284,61,223,708,205,503,51,5,46
95AA13S1,1330,184,1146,341,15,326,154,11,143,226,28,198,55,9,46,155,32,123,330,78,252,69,11,58
95AA13S2,1198,168,1030,324,17,307,125,20,105,206,30,176,54,4,50,125,20,105,297,72,225,67,5,62
95AA14W1,1852,318,1534,435,32,403,162,25,137,289,39,250,135,13,122,217,44,173,540,158,382,74,7,67
95AA15S1,2016,222,1794,406,16,390,242,20,222,314,34,280,74,2,72,236,35,201,585,108,477,159,7,152
95AA15S2,1134,98,1036,310,10,300,152,14,138,204,17,187,44,6,38,125,18,107,207,31,176,92,2,90
95AA16W1,1463,117,1346,538,16,522,224,16,208,205,17,188,53,5,48,137,16,121,199,39,160,107,8,99
95AA17W1,1669,170,1499,462,22,440,248,27,221,325,36,289,66,3,63,187,16,171,303,58,245,78,8,70
95AA18W1,2063,403,1660,453,26,427,184,23,161,333,71,262,85,14,71,220,46,174,725,211,514,63,12,51
95AA19W1,2006,243,1763,635,40,595,227,21,206,322,42,280,110,15,95,230,38,192,416,82,334,66,5,61
95BB01S1,1242,208,1034,270,18,252,144,21,123,207,31,176,64,4,60,191,42,149,325,86,239,41,6,35
95BB01S2,1595,237,1358,342,15,327,218,17,201,291,55,236,91,14,77,256,45,211,353,82,271,44,9,35
95BB02W1,2020,232,1788,739,34,705,265,20,245,295,46,249,84,8,76,225,30,195,323,87,236,89,7,82
95BB03S1,1614,182,1432,542,22,520,233,25,208,234,29,205,93,14,79,159,25,134,278,57,221,75,10,65
95BB03S2,1788,255,1533,544,34,510,229,25,204,284,44,240,113,5,108,210,41,169,344,100,244,64,6,58
95BB04S1,1258,171,1087,348,10,338,144,15,129,209,32,177,63,2,61,138,21,117,311,86,225,45,5,40
95BB04S2,1356,255,1101,292,25,267,119,15,104,200,42,158,79,13,66,149,31,118,463,123,340,54,6,48
95BB05S1,1209,217,992,281,10,271,142,25,117,200,39,161,90,14,76,165,42,123,294,84,210,37,3,34
95BB05S2,1550,236,1314,406,15,391,192,17,175,241,39,202,96,5,91,192,45,147,367,106,261,56,9,47
95BB06W1,2484,251,2233,974,38,936,319,31,288,374,45,329,120,7,113,265,47,218,325,74,251,107,9,98
95BB07S1,1390,153,1237,456,18,438,162,15,147,180,22,158,78,7,71,173,24,149,285,64,221,56,3,53
95BB07S2,1055,147,908,274,13,261,145,17,128,173,23,150,76,6,70,142,32,110,197,52,145,48,4,44
95BB08S1,1085,102,983,446,16,430,174,14,160,155,20,135,66,4,62,104,14,90,102,29,73,38,5,33
95BB08S2,1017,135,882,194,10,184,159,11,148,176,32,144,70,5,65,147,24,123,229,47,182,42,6,36
95BB09S1,1129,173,956,270,19,251,109,15,94,167,29,138,80,6,74,147,28,119,309,71,238,47,5,42
95BB09S2,1378,255,1123,256,14,242,150,24,126,235,52,183,72,10,62,200,47,153,423,104,319,42,4,38
95BB10S1,1462,225,1237,416,18,398,172,25,147,209,38,171,55,5,50,160,31,129,370,98,272,80,10,70
95BB10S2,1366,283,1083,241,12,229,148,25,123,237,57,180,61,9,52,149,40,109,482,133,349,48,7,41
95BB11S1,1122,124,998,379,10,369,170,14,156,183,31,152,70,5,65,117,17,100,160,42,118,43,5,38
95BB11S2,1358,190,1168,407,16,391,165,25,140,218,40,178,89,10,79,140,22,118,271,69,202,68,8,60
95BB12S1,1115,118,997,437,23,414,174,19,155,146,14,132,49,5,44,107,10,97,152,43,109,50,4,46
95BB12S2,1062,213,849,191,17,174,120,15,105,182,38,144,41,8,33,128,24,104,353,105,248,47,6,41
95BB13S1,1050,163,887,216,17,199,137,15,122,215,32,183,45,7,38,137,23,114,262,68,194,38,1,37
95BB13S2,1197,146,1051,434,24,410,174,20,154,184,30,154,80,6,74,121,23,98,153,34,119,51,9,42
95BB13S3,1201,165,1036,221,11,210,172,16,156,233,30,203,66,9,57,175,32,143,288,63,225,46,4,42
95BB14S1,1234,219,1015,233,9,224,140,23,117,188,28,160,55,6,49,176,46,130,408,104,304,34,3,31
95BB14S2,1299,263,1036,232,17,215,117,16,101,214,43,171,58,7,51,155,29,126,476,145,331,47,6,41
95BB15S1,1535,216,1319,385,17,368,162,15,147,272,39,233,97,11,86,169,35,134,384,97,287,66,2,64
95BB15S2,1164,137,1027,332,21,311,184,13,171,203,35,168,73,3,70,139,20,119,187,39,148,46,6,40
95BB16S1,1281,238,1043,275,17,258,139,19,120,182,30,152,70,8,62,169,42,127,401,112,289,45,10,35
95BB16S2,1290,245,1045,253,19,234,133,13,120,199,34,165,68,11,57,149,33,116,447,127,320,41,8,33
95BB17S1,1352,147,1205,338,12,326,211,17,194,258,38,220,77,8,69,201,22,179,212,44,168,55,6,49
95BB17S2,1359,211,1148,352,19,333,177,22,155,218,33,185,80,6,74,166,32,134,320,85,235,46,14,32
95BB18S1,1328,165,1163,454,16,438,155,22,133,241,40,201,72,8,64,165,23,142,199,54,145,42,2,40
95BB18S2,1980,340,1640,433,21,412,208,27,181,341,43,298,120,18,102,289,71,218,537,152,385,52,8,44
95BB19S1,1318,187,1131,382,31,351,171,21,150,227,27,200,76,11,65,170,27,143,239,59,180,53,11,42
95BB19S2,1338,219,1119,188,12,176,168,29,139,293,48,245,71,8,63,219,42,177,364,75,289,35,5,30
95BB19S3,1063,159,904,206,13,193,165,11,154,206,34,172,66,9,57,162,22,140,221,65,156,37,5,32
95BB20S1,1499,275,1224,390,21,369,182,29,153,241,42,199,100,17,83,170,36,134,355,123,232,61,7,54
95BB20S2,1230,153,1077,423,19,404,177,18,159,193,27,166,68,7,61,144,29,115,168,45,123,57,8,49
95BB21S1,1853,194,1659,634,22,612,274,18,256,274,32,242,98,12,86,221,47,174,236,48,188,116,15,101
95BB21S2,1818,249,1569,460,20,440,219,20,199,309,50,259,113,11,102,231,37,194,421,107,314,65,4,61
95BB22S1,1145,124,1021,309,13,296,209,16,193,205,25,180,55,4,51,123,20,103,209,43,166,35,3,32
95BB22S2,1093,85,1008,399,13,386,193,11,182,166,15,151,50,2,48,114,18,96,126,18,108,45,8,37
95BB23S1,1303,220,1083,284,28,256,165,14,151,222,43,179,78,10,68,143,32,111,355,85,270,56,8,48
95BB23S2,1228,193,1035,217,10,207,145,22,123,238,33,205,71,8,63,175,44,131,326,69,257,56,7,49
95CC01W1,2046,254,1792,750,24,726,211,24,187,289,46,243,72,11,61,222,36,186,381,92,289,121,21,100
95CC02W1,2140,388,1752,634,42,592,226,31,195,344,67,277,104,20,84,261,60,201,496,160,336,75,8,67
95CC03W1,2141,258,1883,773,36,737,273,31,242,287,43,244,76,9,67,208,42,166,321,76,245,203,21,182
95CC04W1,1879,278,1601,659,41,618,230,35,195,230,33,197,94,7,87,222,44,178,348,103,245,96,15,81
95CC05W1,2112,300,1812,662,36,626,210,18,192,325,63,262,93,9,84,268,48,220,434,119,315,120,7,113
95CC06S1,1173,218,955,226,14,212,123,22,101,187,31,156,49,5,44,132,22,110,401,113,288,55,11,44
95CC06S2,1013,164,849,263,29,234,128,16,112,169,25,144,41,9,32,124,26,98,236,54,182,52,5,47
95CC07W1,2554,369,2185,779,42,737,275,42,233,391,52,339,138,19,119,344,70,274,519,131,388,108,13,95
95CC08W1,1988,252,1736,679,32,647,257,32,225,284,46,238,61,4,57,206,37,169,395,89,306,106,12,94
95CC09S1,1164,218,946,288,20,268,117,12,105,188,42,146,58,11,47,159,33,126,315,95,220,39,5,34
95CC09S2,1466,233,1233,339,16,323,161,13,148,231,47,184,92,13,79,215,47,168,346,90,256,82,7,75
95CC10W1,2101,385,1716,562,37,525,202,28,174,333,63,270,103,9,94,216,48,168,603,191,412,82,9,73
95CC11W1,1482,146,1336,597,24,573,142,15,127,218,26,192,54,5,49,141,19,122,231,50,181,99,7,92
95CC12W1,2119,331,1788,664,50,614,228,24,204,356,86,270,102,10,92,262,52,210,423,96,327,84,13,71
95CC13W1,1923,312,1611,577,36,541,227,27,200,323,58,265,79,11,68,231,50,181,422,118,304,64,12,52
95CC14W1,2328,339,1989,659,44,615,281,27,254,384,64,320,98,14,84,311,48,263,508,128,380,87,14,73
95CC15W1,2228,357,1871,673,28,645,254,26,228,340,64,276,102,12,90,234,60,174,544,161,383,81,6,75
95CC16W1,2155,321,1834,779,53,726,246,32,214,318,46,272,80,16,64,258,59,199,385,105,280,89,10,79
95CC17W1,2117,357,1760,595,46,549,217,29,188,334,68,266,100,19,81,258,49,209,532,140,392,81,6,75
95CC18W1,1899,331,1568,474,34,440,164,23,141,275,51,224,51,5,46,198,52,146,614,157,457,123,9,114
95CC19W1,2070,344,1726,602,32,570,224,26,198,325,67,258,97,12,85,233,47,186,510,146,364,79,14,65
95CC20S1,997,176,821,198,14,184,125,19,106,180,28,152,47,13,34,124,18,106,275,75,200,48,9,39
95CC20S2,1345,185,1160,383,22,361,155,16,139,215,30,185,60,8,52,162,24,138,281,76,205,89,9,80
95CC21W1,2289,353,1936,689,51,638,294,29,265,344,66,278,89,15,74,270,48,222,486,122,364,117,22,95
95CC22W1,1466,180,1286,517,20,497,169,16,153,202,33,169,37,3,34,152,25,127,261,73,188,128,10,118
95DD01W1,1765,316,1449,500,32,468,143,16,127,252,49,203,62,2,60,175,39,136,538,168,370,95,10,85
95DD02S1,1182,139,1043,407,25,382,141,16,125,189,28,161,75,1,74,144,24,120,174,37,137,52,8,44
95DD02S2,1859,298,1561,446,22,424,236,28,208,300,43,257,92,19,73,257,51,206,458,128,330,70,7,63
95DD03W1,2779,515,2264,583,39,544,251,30,221,426,78,348,108,15,93,341,69,272,921,264,657,149,20,129
95DD04W1,1512,135,1377,752,33,719,209,20,189,221,20,201,41,4,37,139,20,119,101,30,71,49,8,41
95DD05W1,1330,114,1216,599,21,578,188,17,171,214,20,194,39,6,33,132,16,116,105,28,77,53,6,47
95DD06W1,2216,358,1858,618,27,591,189,27,162,342,70,272,86,17,69,250,51,199,587,151,436,144,15,129
95DD07S1,1320,237,1083,472,36,436,126,20,106,183,34,149,51,10,41,137,33,104,291,95,196,60,9,51
95DD07S2,1390,244,1146,425,38,387,152,26,126,197,42,155,74,9,65,166,33,133,324,89,235,52,7,45
95DD08W1,1842,173,1669,766,47,719,244,21,223,204,29,175,69,7,62,119,13,106,235,47,188,205,9,196
95DD09W1,2059,364,1695,619,39,580,189,27,162,302,73,229,104,14,90,264,60,204,517,141,376,64,10,54
95DD10W1,2297,285,2012,833,27,806,274,24,250,323,47,276,114,14,100,286,49,237,376,115,261,91,9,82
95DD11W1,1718,167,1551,613,28,585,253,26,227,221,24,197,67,5,62,169,29,140,250,36,214,145,19,126
95DD12W1,2069,352,1717,648,32,616,204,35,169,318,46,272,129,21,108,246,52,194,453,156,297,71,10,61
95DD13W1,1435,158,1277,536,29,507,150,16,134,196,27,169,48,4,44,132,22,110,272,55,217,101,5,96
95DD14S1,1252,203,1049,381,28,353,144,19,125,175,40,135,67,7,60,170,31,139,283,74,209,32,4,28
95DD14S2,1348,312,1036,223,27,196,111,19,92,230,53,177,50,5,45,162,29,133,541,172,369,31,7,24
95DD15W1,2606,467,2139,657,34,623,284,32,252,396,83,313,130,18,112,366,83,283,681,203,478,92,14,78
95DD16W1,2368,382,1986,624,34,590,263,28,235,370,74,296,129,15,114,307,48,259,579,164,415,96,19,77
95DD17W1,2658,474,2184,727,50,677,239,39,200,411,93,318,141,24,117,317,60,257,748,199,549,75,9,66
95DD18W1,1635,220,1415,698,39,659,166,17,149,187,35,152,76,11,65,166,39,127,254,65,189,88,14,74
95DD19S1,1472,157,1315,444,23,421,202,16,186,238,20,218,72,4,68,180,25,155,273,66,207,63,3,60
95DD19S2,1189,187,1002,350,21,329,113,7,106,193,27,166,70,10,60,151,41,110,275,80,195,37,1,36
95DD20W1,1442,139,1303,678,40,638,213,17,196,224,31,193,57,5,52,116,15,101,107,27,80,47,4,43
95DD21W1,1744,222,1522,501,23,478,206,24,182,284,45,239,71,11,60,183,31,152,354,74,280,145,14,131
95DD22S1,1275,205,1070,421,22,399,104,14,90,187,36,151,66,12,54,156,29,127,297,88,209,44,4,40
95DD22S2,1244,189,1055,439,19,420,109,15,94,193,45,148,56,7,49,162,30,132,250,70,180,35,3,32
95DD23W1,2027,335,1692,608,43,565,193,20,173,292,52,240,117,18,99,258,53,205,493,140,353,66,9,57
95DD24W1,2152,293,1859,548,31,517,244,19,225,327,57,270,96,7,89,263,54,209,526,111,415,148,14,134
95EE01W1,1421,196,1225,443,26,417,160,17,143,251,44,207,92,8,84,188,38,150,241,56,185,46,7,39
95EE02W1,1644,235,1409,552,30,522,193,21,172,252,46,206,66,12,54,193,30,163,341,91,250,47,5,42
95EE03W1,1605,212,1393,549,27,522,208,18,190,246,43,203,66,10,56,169,36,133,292,69,223,75,9,66
95EE04W1,1602,226,1376,564,36,528,174,19,155,260,46,214,82,10,72,199,34,165,274,73,201,49,8,41
95EE05W1,1243,174,1069,421,15,406,145,15,130,193,40,153,52,7,45,144,26,118,245,67,178,43,4,39
95EE06W1,1700,245,1455,527,26,501,195,26,169,283,59,224,101,14,87,227,46,181,294,64,230,73,10,63
95EE07W1,1407,155,1252,536,35,501,198,22,176,240,28,212,61,5,56,152,25,127,171,38,133,49,2,47
95EE08W1,1457,231,1226,468,24,444,145,23,122,203,33,170,61,8,53,160,30,130,357,101,256,63,12,51
95EE09W1,1500,265,1235,494,34,460,159,21,138,256,46,210,80,12,68,161,43,118,288,97,191,62,12,50
95EE10W1,1388,159,1229,483,21,462,145,17,128,213,21,192,75,8,67,163,26,137,239,54,185,70,12,58
95EE11W1,1339,214,1125,420,22,398,138,19,119,207,41,166,64,11,53,157,30,127,288,79,209,65,12,53
95EE12W1,1968,206,1762,705,41,664,302,28,274,318,34,284,82,9,73,224,39,185,272,52,220,65,3,62
95EE13W1,1280,179,1101,506,23,483,126,19,107,195,30,165,44,3,41,123,28,95,234,71,163,52,5,47
95EE14W1,2083,288,1795,614,37,577,254,27,227,352,45,307,93,5,88,277,47,230,442,122,320,51,5,46
95EE15W1,1357,228,1129,458,24,434,165,24,141,221,47,174,63,10,53,160,35,125,245,78,167,45,10,35
95EE16W1,1614,226,1388,489,29,460,207,22,185,297,41,256,83,10,73,189,26,163,298,89,209,51,9,42
95FF01S1,1671,262,1409,343,21,322,203,20,183,289,40,249,62,7,55,261,42,219,459,123,336,54,9,45
95FF01S2,1989,333,1656,323,18,305,234,35,199,311,47,264,61,6,55,274,67,207,715,153,562,71,7,64
95FF02W1,2105,355,1750,576,38,538,225,35,190,323,57,266,141,26,115,275,66,209,456,118,338,109,15,94
95FF03W1,2304,287,2017,583,30,553,360,37,323,402,49,353,103,12,91,335,52,283,432,98,334,89,9,80
95FF04W1,2038,378,1660,571,38,533,220,33,187,311,70,241,79,16,63,258,65,193,519,147,372,80,9,71
95FF05W1,2045,265,1780,590,39,551,258,18,240,309,36,273,103,15,88,226,34,192,478,119,359,81,4,77
95FF06S1,1586,213,1373,423,18,405,168,18,150,235,27,208,70,7,63,222,34,188,401,100,301,67,9,58
95FF06S2,1507,303,1204,266,29,237,174,22,152,252,49,203,83,14,69,215,59,156,466,121,345,51,9,42
95FF07W1,2091,218,1873,733,37,696,310,41,269,333,41,292,89,8,81,214,29,185,298,54,244,114,8,106
95FF08W1,1941,256,1685,634,29,605,251,30,221,293,44,249,68,10,58,224,39,185,388,90,298,83,14,69
95FF09W1,1935,230,1705,664,22,642,264,22,242,306,41,265,81,11,70,185,33,152,346,93,253,89,8,81
95FF10W1,2625,413,2212,588,35,553,306,28,278,441,75,366,135,16,119,352,62,290,720,184,536,83,13,70
95FF11W1,2014,323,1691,595,31,564,216,30,186,307,48,259,105,16,89,253,60,193,466,128,338,72,10,62
95FF12W1,2184,325,1859,671,35,636,240,30,210,298,57,241,103,12,91,263,45,218,549,138,411,60,8,52
95FF13W1,2087,366,1721,583,34,549,260,30,230,326,76,250,100,6,94,224,45,179,528,169,359,66,6,60
95FF14W1,1917,390,1527,474,29,445,182,24,158,291,71,220,81,9,72,198,44,154,625,206,419,66,7,59
95FF15W1,2144,265,1879,783,44,739,252,32,220,328,52,276,101,9,92,260,39,221,315,80,235,105,9,96
95FF16W1,1910,319,1591,482,30,452,217,25,192,303,57,246,73,10,63,242,47,195,530,143,387,63,7,56
95FF17W1,1434,135,1299,558,22,536,185,9,176,197,23,174,51,3,48,149,18,131,233,55,178,61,5,56
95GG01S1,1507,172,1335,519,19,500,159,10,149,226,28,198,71,6,65,175,32,143,308,69,239,49,8,41
95GG01S2,1293,146,1147,533,27,506,170,16,154,157,25,132,66,5,61,140,26,114,184,46,138,43,1,42
95GG01S3,1351,181,1170,456,17,439,179,14,165,205,31,174,63,7,56,147,29,118,268,77,191,33,6,27
95GG02S1,1326,121,1205,623,22,601,214,16,198,192,24,168,45,4,41,118,29,89,104,24,80,30,2,28
95GG02S2,1469,124,1345,692,17,675,227,18,209,236,37,199,56,1,55,130,26,104,91,21,70,37,4,33
95GG02S3,1659,134,1525,848,26,822,236,21,215,231,20,211,48,7,41,135,24,111,120,32,88,41,4,37
95GG03S1,1603,368,1235,287,17,270,110,19,91,176,45,131,45,3,42,193,50,143,737,230,507,55,4,51
95GG03S2,1520,374,1146,249,20,229,122,17,105,212,45,167,56,7,49,186,46,140,644,226,418,51,13,38
95GG03S3,1774,335,1439,412,20,392,162,17,145,211,43,168,66,6,60,202,43,159,638,194,444,83,12,71
95GG04S1,1356,131,1225,599,18,581,202,20,182,181,26,155,42,2,40,89,17,72,184,42,142,59,6,53
95GG04S2,1151,102,1049,548,23,525,188,13,175,162,26,136,33,3,30,108,18,90,86,19,67,26,0,26
95GG04S3,1355,107,1248,663,19,644,149,14,135,168,22,146,53,4,49,95,8,87,157,39,118,70,1,69
95GG05S1,1514,302,1212,253,14,239,103,11,92,160,31,129,41,2,39,162,35,127,715,198,517,80,11,69
95GG05S2,1721,352,1369,264,12,252,140,17,123,148,17,131,28,2,26,214,54,160,824,238,586,103,12,91
95GG05S3,1808,349,1459,393,24,369,143,17,126,188,25,163,34,3,31,228,57,171,719,214,505,103,9,94
95GG06S1,1529,121,1408,648,18,630,227,15,212,232,22,210,73,3,70,148,28,120,148,32,116,53,3,50
95GG06S2,1486,160,1326,549,28,521,212,15,197,235,30,205,86,5,81,170,35,135,178,42,136,56,5,51
95GG06S3,1488,202,1286,414,21,393,234,20,214,240,47,193,70,9,61,210,41,169,261,62,199,59,2,57
95GG07S1,1487,170,1317,510,18,492,204,26,178,202,29,173,44,8,36,157,15,142,304,69,235,66,5,61
95GG07S2,1399,124,1275,543,12,531,227,13,214,191,28,163,42,5,37,136,19,117,201,47,154,59,0,59
95GG07S3,1356,90,1266,567,7,560,211,12,199,201,22,179,49,3,46,155,21,134,133,24,109,40,1,39
95GG08S1,1113,167,946,279,22,257,119,17,102,171,26,145,50,3,47,133,27,106,335,71,264,26,1,25
95GG08S2,1371,131,1240,507,16,491,180,11,169,230,26,204,37,1,36,157,22,135,204,48,156,56,7,49
95GG08S3,1386,183,1203,364,20,344,170,18,152,218,44,174,57,3,54,181,26,155,345,67,278,51,5,46
95GG09S1,1721,405,1316,268,15,253,119,19,100,221,60,161,59,7,52,197,64,133,796,230,566,61,10,51
95GG09S2,1635,239,1396,416,21,395,208,28,180,220,34,186,80,5,75,196,32,164,456,114,342,59,5,54
95GG09S3,1662,206,1456,542,18,524,215,17,198,234,23,211,72,7,65,142,29,113,379,103,276,78,9,69
95GG10S1,1568,185,1383,576,15,561,149,15,134,180,22,158,51,5,46,166,44,122,319,73,246,127,11,116
95GG10S2,1820,269,1551,612,15,597,220,16,204,204,45,159,54,4,50,238,60,178,362,112,250,130,17,113
95GG11S1,1562,180,1382,510,17,493,165,16,149,209,21,188,75,8,67,164,33,131,343,78,265,96,7,89
95GG11S2,1370,305,1065,312,13,299,131,18,113,159,35,124,57,11,46,161,49,112,513,171,342,37,8,29
95GG11S3,1612,218,1394,452,23,429,160,16,144,176,16,160,52,4,48,195,32,163,462,117,345,115,10,105
95GG12S1,1453,420,1033,71,1,70,61,6,55,88,21,67,8,0,8,648,233,415,515,149,366,62,10,52
95GG12S2,1855,502,1353,112,8,104,75,13,62,176,40,136,15,1,14,949,285,664,475,148,327,53,7,46
95GG12S3,1394,348,1046,102,2,100,57,8,49,129,30,99,12,1,11,628,172,456,406,124,282,60,11,49
95GG12S4,1636,466,1170,125,7,118,66,7,59,127,21,106,17,3,14,665,232,433,561,185,376,75,11,64
95GG12S5,1733,255,1478,517,26,491,237,21,216,200,25,175,28,4,24,282,68,214,375,102,273,94,9,85
95GG13S1,1089,123,966,454,18,436,137,14,123,137,23,114,41,5,36,102,24,78,166,37,129,52,2,50
95GG13S2,1360,267,1093,272,13,259,111,13,98,171,30,141,35,5,30,189,45,144,561,159,402,21,2,19
95GG13S3,1371,166,1205,481,15,466,167,14,153,178,27,151,57,2,55,133,22,111,315,83,232,40,3,37
95GG14S1,1292,245,1047,233,22,211,136,19,117,201,44,157,50,9,41,191,37,154,450,108,342,31,6,25
95GG14S2,1294,297,997,176,21,155,96,17,79,192,49,143,33,5,28,171,42,129,602,161,441,24,2,22
95GG14S3,1304,283,1021,239,17,222,136,23,113,186,46,140,53,9,44,178,37,141,470,145,325,42,6,36
95GG15S1,1610,386,1224,284,22,262,100,17,83,185,37,148,41,4,37,174,38,136,759,261,498,67,7,60
95GG15S2,1677,329,1348,232,18,214,133,15,118,249,51,198,54,4,50,230,48,182,727,185,542,52,8,44
95GG15S3,1614,249,1365,462,29,433,172,11,161,215,26,189,76,6,70,154,29,125,478,138,340,57,10,47
95GG16S1,1596,244,1352,474,24,450,196,26,170,200,28,172,48,7,41,176,29,147,438,123,315,64,7,57
95GG16S2,1581,254,1327,365,17,348,149,18,131,244,38,206,44,6,38,215,43,172,514,126,388,50,6,44
95GG16S3,1166,218,948,265,17,248,129,23,106,174,29,145,40,8,32,155,36,119,359,101,258,44,4,40
95GG17S1,1450,166,1284,480,20,460,206,12,194,259,28,231,41,2,39,153,28,125,272,71,201,39,5,34
95GG17S2,1328,189,1139,365,22,343,212,16,196,203,29,174,55,6,49,172,33,139,277,78,199,44,5,39
95GG17S3,1270,107,1163,494,17,477,191,13,178,210,16,194,55,4,51,130,22,108,149,34,115,41,1,40
95GG18S1,1905,145,1760,853,28,825,272,31,241,270,18,252,48,3,45,196,23,173,209,39,170,57,3,54
95GG18S2,1936,206,1730,751,22,729,277,23,254,312,31,281,62,4,58,175,31,144,294,88,206,65,7,58
95GG19S1,1695,56,1639,1076,14,1062,199,6,193,147,13,134,55,2,53,96,13,83,73,6,67,49,2,47
95GG19S2,1924,128,1796,986,33,953,288,12,276,250,19,231,46,4,42,167,26,141,113,27,86,74,7,67
95GG20S1,2375,260,2115,901,24,877,293,31,262,286,47,239,65,6,59,231,45,186,495,97,398,104,10,94
95GG20S2,1617,145,1472,754,29,725,218,18,200,184,22,162,42,3,39,146,17,129,212,52,160,61,4,57
95GG21S1,1212,92,1120,660,21,639,139,11,128,144,13,131,35,5,30,94,19,75,99,22,77,41,1,40
95GG21S2,1305,102,1203,714,25,689,200,14,186,151,20,131,27,1,26,104,22,82,83,18,65,26,2,24
95GG21S3,1617,145,1472,703,19,684,209,25,184,171,17,154,46,2,44,138,25,113,250,52,198,100,5,95
95GG22S1,1393,208,1185,441,22,419,164,23,141,226,33,193,53,6,47,168,31,137,309,91,218,32,2,30
95GG22S2,1620,172,1448,537,16,521,244,22,222,242,28,214,66,6,60,183,24,159,297,72,225,51,4,47
95GG22S3,1387,158,1229,490,17,473,153,11,142,189,25,164,74,8,66,152,29,123,294,67,227,35,1,34
95GG23S1,1160,200,960,251,14,237,100,13,87,153,28,125,65,6,59,140,30,110,397,104,293,54,5,49
95GG23S2,1269,261,1008,233,9,224,108,15,93,159,31,128,35,4,31,173,43,130,529,152,377,32,7,25
95GG23S3,1337,233,1104,284,24,260,115,14,101,165,27,138,58,10,48,163,37,126,506,117,389,46,4,42
95GG24S1,1186,201,985,360,15,345,112,13,99,151,25,126,47,4,43,125,30,95,343,103,240,48,11,37
95GG24S2,1279,163,1116,441,19,422,167,20,147,199,23,176,72,7,65,134,32,102,202,51,151,64,11,53
95GG24S3,1291,206,1085,322,13,309,116,16,100,137,27,110,41,7,34,146,26,120,477,115,362,52,2,50
95GG25S1,1742,196,1546,635,19,616,220,21,199,285,38,247,64,4,60,201,32,169,300,77,223,37,5,32
95GG25S2,1509,190,1319,496,16,480,194,20,174,257,45,212,69,3,66,216,45,171,242,57,185,35,4,31
95GG25S3,1232,159,1073,431,17,414,190,18,172,217,29,188,50,5,45,155,42,113,161,45,116,28,3,25
95GG26S1,1560,138,1422,760,23,737,212,27,185,206,29,177,72,6,66,138,22,116,117,28,89,55,3,52
95GG26S2,1430,123,1307,676,21,655,180,23,157,222,26,196,65,6,59,124,21,103,110,19,91,53,7,46
95GG27S1,1150,137,1013,311,8,303,168,9,159,210,33,177,47,4,43,148,27,121,236,54,182,30,2,28
95GG27S2,1207,105,1102,453,8,445,206,15,191,199,23,176,44,5,39,155,28,127,130,22,108,20,4,16
95GG27S3,1413,142,1271,520,25,495,190,18,172,227,16,211,71,10,61,182,33,149,191,39,152,32,1,31
95GG27S4,1287,103,1184,561,22,539,198,11,187,179,12,167,37,4,33,134,22,112,149,31,118,29,1,28
95GG28S1,1651,164,1487,515,23,492,235,24,211,250,26,224,92,9,83,222,31,191,281,48,233,56,3,53
95GG28S2,1393,145,1248,503,23,480,197,19,178,199,19,180,83,3,80,153,31,122,206,39,167,52,11,41
95GG28S3,1349,91,1258,644,15,629,192,11,181,186,19,167,48,4,44,139,16,123,98,22,76,42,4,38
95GG29S1,1754,163,1591,750,22,728,184,15,169,189,26,163,49,6,43,135,15,120,354,73,281,93,6,87
95GG29S2,2238,324,1914,625,16,609,206,20,186,274,37,237,84,8,76,245,47,198,655,174,481,149,22,127
95GG30S1,1315,175,1140,485,20,465,152,20,132,158,20,138,63,2,61,143,27,116,262,71,191,52,15,37
95GG30S2,1347,295,1052,232,11,221,120,9,111,174,35,139,61,6,55,155,38,117,572,193,379,33,3,30
95GG30S3,1285,188,1097,347,23,324,131,19,112,213,24,189,110,11,99,166,30,136,283,77,206,35,4,31
95GG31S1,1760,234,1526,380,19,361,212,24,188,338,49,289,80,3,77,242,30,212,471,106,365,37,3,34
95GG31S2,1652,195,1457,571,22,549,191,18,173,264,39,225,83,4,79,191,43,148,289,60,229,63,9,54
95GG31S3,1703,174,1529,654,25,629,294,22,272,235,22,213,78,9,69,170,32,138,224,57,167,48,7,41
95GG32S1,2308,241,2067,785,31,754,323,32,291,388,43,345,73,4,69,243,40,203,409,79,330,87,12,75
95GG32S2,1250,114,1136,494,12,482,158,18,140,170,18,152,54,2,52,155,28,127,173,33,140,46,3,43
95GG32S3,1357,189,1168,422,18,404,191,14,177,201,32,169,64,5,59,168,29,139,250,82,168,61,9,52
95GG33S1,1595,429,1166,131,11,120,76,16,60,173,51,122,21,3,18,170,56,114,989,283,706,35,9,26
95GG33S2,1338,323,1015,117,9,108,53,4,49,131,21,110,13,2,11,157,45,112,831,232,599,36,10,26
95GG33S3,1601,405,1196,125,14,111,60,11,49,159,44,115,20,4,16,164,49,115,1023,274,749,50,9,41
95GG34S1,1150,157,993,404,21,383,146,15,131,132,22,110,51,3,48,110,19,91,256,75,181,51,2,49
95GG34S2,1334,230,1104,253,10,243,137,23,114,177,29,148,65,4,61,197,40,157,458,119,339,47,5,42
95GG34S3,1573,282,1291,253,15,238,108,20,88,184,35,149,37,4,33,196,42,154,747,162,585,48,4,44
95GG35S1,1606,127,1479,879,29,850,154,11,143,191,25,166,45,4,41,116,13,103,181,40,141,40,5,35
95GG35S2,1206,102,1104,659,10,649,156,20,136,135,11,124,23,3,20,87,17,70,118,39,79,28,2,26
95GG35S3,1119,91,1028,528,9,519,148,12,136,151,11,140,25,4,21,100,25,75,125,26,99,42,4,38
95GG36S1,1481,229,1252,370,15,355,159,23,136,178,25,153,93,8,85,170,37,133,433,119,314,78,2,76
95GG36S2,1582,302,1280,369,30,339,174,31,143,212,44,168,83,8,75,191,50,141,502,137,365,51,2,49
95GG36S3,1562,260,1302,334,19,315,185,24,161,242,43,199,95,10,85,207,47,160,436,110,326,63,7,56
95GG37S1,1714,437,1277,220,23,197,86,19,67,162,47,115,38,7,31,178,40,138,964,295,669,66,6,60
95GG37S2,1545,296,1249,302,23,279,132,22,110,174,24,150,59,8,51,147,37,110,641,177,464,90,5,85
95GG37S3,1859,295,1564,303,18,285,132,15,117,173,27,146,58,6,52,192,28,164,914,193,721,87,8,79
95GG38S1,2633,594,2039,352,37,315,123,16,107,226,52,174,50,3,47,234,66,168,1583,410,1173,65,10,55
95GG38S2,1591,306,1285,332,14,318,93,9,84,154,33,121,32,2,30,154,34,120,770,200,570,56,14,42
95GG38S3,1287,254,1033,189,15,174,92,16,76,148,25,123,29,2,27,119,22,97,672,169,503,38,5,33
95GG39S1,2034,267,1767,627,14,613,167,14,153,195,33,162,42,1,41,183,28,155,688,170,518,132,7,125
95GG39S2,2327,300,2027,834,35,799,199,20,179,200,24,176,50,5,45,274,58,216,628,148,480,142,10,132
95GG39S3,1773,266,1507,699,24,675,145,10,135,170,28,142,47,2,45,252,81,171,386,107,279,74,14,60
95GG40S1,1294,69,1225,710,12,698,166,8,158,166,13,153,44,0,44,96,11,85,90,23,67,22,2,20
95GG40S2,1726,107,1619,986,20,966,172,13,159,177,18,159,45,1,44,134,18,116,147,31,116,65,6,59
95GG41S1,1619,428,1191,196,17,179,134,31,103,243,55,188,26,5,21,175,55,120,803,260,543,42,5,37
95GG41S2,1246,376,870,131,15,116,61,9,52,162,42,120,23,2,21,159,55,104,673,247,426,37,6,31
95GG41S3,1658,363,1295,320,20,300,134,22,112,203,51,152,58,5,53,178,47,131,707,212,495,58,6,52
95GG42S1,1472,356,1116,129,15,114,68,9,59,172,53,119,20,1,19,158,43,115,882,222,660,43,13,30
95GG42S2,1708,721,987,48,3,45,49,14,35,146,63,83,11,0,11,1047,486,561,342,125,217,65,30,35
95GG42S3,2062,678,1384,62,3,59,51,5,46,153,33,120,7,1,6,957,386,571,762,233,529,70,17,53
95GG42S4,1878,434,1444,185,19,166,73,6,67,162,31,131,22,3,19,216,54,162,1162,305,857,58,16,42
95GG43S1,1259,141,1118,485,23,462,130,16,114,152,17,135,47,3,44,122,23,99,260,55,205,63,4,59
95GG43S2,1396,177,1219,431,11,420,169,15,154,158,25,133,82,10,72,162,33,129,320,76,244,74,7,67
95GG43S3,1432,195,1237,398,14,384,180,14,166,187,34,153,64,6,58,167,34,133,364,87,277,72,6,66
95GG44S1,2316,207,2109,911,20,891,259,15,244,279,36,243,96,6,90,220,34,186,375,82,293,176,14,162
95GG44S2,2168,236,1932,826,16,810,257,22,235,236,29,207,92,7,85,227,49,178,400,105,295,130,8,122
95GG45S1,1408,336,1072,185,10,175,88,13,75,159,44,115,22,3,19,113,23,90,796,236,560,45,7,38
95GG45S2,1226,121,1105,547,14,533,160,16,144,119,19,100,66,7,59,113,20,93,170,40,130,51,5,46
95GG45S3,1322,242,1080,284,15,269,130,15,115,159,24,135,31,2,29,148,36,112,520,140,380,50,10,40
95GG46S1,1348,133,1215,627,28,599,198,10,188,187,24,163,31,3,28,144,29,115,123,36,87,38,3,35
95GG46S2,1418,134,1284,691,20,671,189,11,178,199,28,171,45,6,39,144,33,111,108,32,76,42,4,38
95GG46S3,1326,116,1210,681,13,668,190,11,179,180,26,154,31,2,29,110,26,84,91,31,60,43,7,36
95GG47S1,1831,218,1613,706,28,678,278,22,256,237,45,192,65,8,57,182,29,153,307,76,231,56,10,46
95GG47S2,1373,163,1210,619,25,594,197,21,176,186,24,162,33,3,30,129,24,105,164,61,103,45,5,40
95GG47S3,1425,208,1217,471,13,458,192,24,168,216,31,185,47,5,42,157,30,127,276,96,180,66,9,57
95GG48S1,1222,93,1129,565,12,553,163,11,152,167,10,157,27,3,24,128,20,108,128,33,95,44,4,40
95GG48S2,1661,122,1539,872,19,853,251,19,232,217,31,186,35,3,32,147,26,121,100,22,78,39,2,37
95GG48S3,1259,95,1164,670,15,655,184,12,172,152,24,128,21,4,17,112,16,96,99,20,79,21,4,17
95GG49S1,1441,336,1105,149,5,144,68,10,58,108,22,86,19,0,19,274,97,177,776,192,584,47,10,37
95GG49S2,2123,597,1526,138,13,125,63,7,56,144,40,104,21,3,18,710,246,464,958,273,685,89,15,74
95GG49S3,1976,512,1464,174,7,167,79,9,70,165,35,130,17,0,17,749,251,498,685,195,490,107,15,92
95GG49S4,1935,523,1412,192,7,185,97,21,76,154,39,115,25,4,21,754,251,503,618,182,436,95,19,76
95GG50S1,1275,177,1098,366,12,354,184,17,167,152,16,136,37,3,34,130,33,97,331,83,248,75,13,62
95GG50S2,1637,181,1456,624,22,602,205,21,184,183,20,163,43,6,37,141,31,110,330,70,260,111,11,100
95GG50S3,1565,177,1388,524,21,503,212,18,194,184,28,156,42,5,37,158,20,138,354,79,275,91,6,85
95GG51S1,1081,94,987,514,24,490,164,9,155,121,15,106,50,4,46,104,15,89,79,24,55,49,3,46
95GG51S2,1143,78,1065,599,23,576,161,4,157,114,9,105,55,4,51,88,14,74,91,23,68,35,1,34
95GG51S3,1095,78,1017,584,13,571,164,20,144,130,8,122,32,4,28,67,10,57,68,22,46,50,1,49
95HH01W1,1711,283,1428,435,26,409,174,23,151,268,44,224,82,5,77,188,33,155,487,144,343,77,8,69
95HH02S1,1088,197,891,221,15,206,154,17,137,179,30,149,67,8,59,165,30,135,266,93,173,36,4,32
95HH02S2,1205,207,998,161,16,145,173,25,148,242,29,213,57,7,50,215,44,171,321,82,239,36,4,32
95HH03W1,1404,259,1145,362,36,326,148,17,131,191,35,156,102,14,88,154,29,125,397,118,279,50,10,40
95HH04S1,1378,197,1181,306,14,292,177,31,146,239,30,209,106,10,96,210,37,173,302,73,229,38,2,36
95HH04S2,1153,174,979,229,16,213,139,18,121,199,31,168,80,6,74,164,27,137,294,73,221,48,3,45
95HH05W1,1630,136,1494,575,26,549,264,14,250,246,25,221,91,5,86,212,25,187,180,38,142,62,3,59
95HH06S1,1655,260,1395,241,12,229,249,35,214,283,41,242,119,11,108,282,59,223,426,96,330,55,6,49
95HH06S2,1956,302,1654,419,32,387,306,31,275,379,49,330,114,7,107,273,63,210,414,115,299,51,5,46
95HH07W1,1234,139,1095,439,16,423,186,17,169,205,30,175,62,4,58,129,25,104,164,42,122,49,5,44
95HH08W1,2169,410,1759,453,33,420,211,25,186,325,69,256,100,6,94,284,63,221,706,200,506,90,14,76
95HH09W1,2301,300,2001,732,43,689,268,27,241,320,44,276,104,5,99,250,47,203,506,125,381,121,9,112
95HH10W1,1923,396,1527,291,23,268,172,23,149,325,67,258,71,8,63,263,62,201,757,207,550,44,6,38
95HH11W1,1143,87,1056,457,10,447,176,10,166,165,16,149,68,7,61,115,19,96,117,17,100,45,8,37
95HH12W1,1252,168,1084,360,37,323,183,12,171,216,28,188,79,8,71,163,21,142,204,56,148,47,6,41
95HH13W1,1052,94,958,410,22,388,194,9,185,155,20,135,62,4,58,128,17,111,80,20,60,23,2,21
95HH14W1,1281,141,1140,529,33,496,169,16,153,182,25,157,63,3,60,134,21,113,146,37,109,58,6,52
95HH15W1,2154,279,1875,573,24,549,259,30,229,350,50,300,115,10,105,324,56,268,468,103,365,65,6,59
95HH16W1,1767,333,1434,356,16,340,179,20,159,270,55,215,80,10,70,197,40,157,618,186,432,67,6,61
95HH17W1,1953,315,1638,443,32,411,256,30,226,335,60,275,119,8,111,258,53,205,472,123,349,70,9,61
95II01S1,1282,208,1074,264,10,254,136,23,113,207,34,173,84,8,76,175,36,139,370,91,279,46,6,40
95II01S2,1313,306,1007,248,29,219,115,21,94,205,43,162,71,10,61,173,42,131,459,153,306,42,8,34
95II02S1,1385,253,1132,291,14,277,111,28,83,168,33,135,34,0,34,153,39,114,600,135,465,28,4,24
95II02S2,1309,212,1097,253,13,240,126,9,117,190,39,151,46,6,40,164,30,134,489,113,376,41,2,39
95II02S3,1283,226,1057,388,17,371,145,20,125,162,34,128,53,4,49,136,33,103,355,110,245,44,8,36
95II03S1,1290,242,1048,140,9,131,107,14,93,193,40,153,37,2,35,197,46,151,573,125,448,43,6,37
95II03S2,1462,219,1243,241,17,224,132,15,117,214,31,183,57,8,49,187,33,154,574,108,466,57,7,50
95II04S1,1838,300,1538,360,27,333,218,25,193,301,48,253,88,3,85,280,56,224,526,133,393,65,8,57
95II04S2,1528,173,1355,519,21,498,228,27,201,247,35,212,72,6,66,174,31,143,249,51,198,39,2,37
95II05S1,1324,284,1040,188,7,181,113,21,92,182,36,146,54,4,50,199,45,154,556,167,389,32,4,28
95II05S2,1530,220,1310,395,19,376,154,18,136,211,32,179,67,8,59,184,29,155,458,106,352,61,8,53
95II06S1,1169,219,950,171,19,152,93,10,83,206,46,160,43,4,39,169,27,142,451,104,347,36,9,27
95II06S2,1479,238,1241,224,14,210,154,11,143,230,47,183,48,7,41,199,32,167,579,120,459,45,7,38
95II07W1,1687,169,1518,672,26,646,255,19,236,230,29,201,75,7,68,173,32,141,220,49,171,62,7,55
95II08W1,1983,273,1710,537,24,513,249,31,218,285,33,252,114,15,99,263,50,213,448,109,339,87,11,76
95II09S1,1605,234,1371,323,15,308,172,12,160,268,37,231,94,7,87,183,26,157,495,126,369,70,11,59
95II09S2,1107,176,931,229,12,217,162,17,145,174,29,145,77,8,69,144,30,114,269,73,196,52,7,45
95II10W1,2118,231,1887,761,29,732,359,28,331,330,50,280,104,7,97,229,44,185,259,61,198,76,12,64
95II11W1,2105,405,1700,323,20,303,178,23,155,270,59,211,84,6,78,248,55,193,929,229,700,73,13,60
95II12W1,2036,427,1609,334,29,305,181,28,153,329,63,266,74,11,63,269,61,208,785,226,559,64,9,55
95II13W1,2198,265,1933,710,35,675,336,31,305,332,57,275,135,14,121,232,36,196,362,84,278,91,8,83
95II14W1,2123,430,1693,377,31,346,186,29,157,289,64,225,86,14,72,259,64,195,845,213,632,81,15,66
95II15S1,1373,229,1144,170,8,162,109,15,94,187,38,149,37,5,32,171,30,141,659,128,531,40,5,35
95II15S2,1296,252,1044,223,10,213,89,10,79,171,36,135,41,3,38,133,29,104,595,159,436,44,5,39
95II16W1,1748,192,1556,583,29,554,258,22,236,259,21,238,107,9,98,187,35,152,289,72,217,65,4,61
95II17W1,2085,329,1756,644,36,608,245,29,216,293,45,248,118,6,112,241,53,188,471,149,322,73,11,62
95II18W1,1861,240,1621,684,31,653,246,20,226,257,38,219,93,8,85,183,27,156,331,104,227,67,12,55
95II19S1,1450,334,1116,248,14,234,135,29,106,237,62,175,82,8,74,214,55,159,481,156,325,53,10,43
95II19S2,1615,294,1321,385,25,360,189,26,163,261,48,213,117,14,103,216,52,164,388,125,263,59,4,55
95II20W1,2284,395,1889,420,25,395,203,29,174,291,51,240,85,8,77,253,59,194,939,212,727,93,11,82
95II21W1,1879,191,1688,716,29,687,277,19,258,306,44,262,110,6,104,182,32,150,222,51,171,66,10,56
95II22W1,1854,248,1606,519,26,493,266,27,239,259,35,224,108,10,98,214,39,175,407,99,308,81,12,69
95II23W1,1801,337,1464,378,21,357,159,19,140,247,50,197,58,6,52,214,46,168,671,182,489,74,13,61
95JJ01W1,1993,362,1631,602,44,558,224,28,196,280,58,222,79,11,68,234,53,181,505,161,344,69,7,62
95JJ02W1,1960,365,1595,464,34,430,188,33,155,280,60,220,61,10,51,210,33,177,690,180,510,67,15,52
95JJ03S1,1027,114,913,424,19,405,182,21,161,176,20,156,26,6,20,96,19,77,99,27,72,24,2,22
95JJ03S2,785,84,701,293,16,277,126,12,114,142,17,125,25,4,21,82,21,61,100,14,86,17,0,17
95JJ04S1,1226,196,1030,409,29,380,160,15,145,173,34,139,57,5,52,127,30,97,249,72,177,51,11,40
95JJ04S2,1275,257,1018,331,22,309,123,14,109,193,43,150,62,11,51,142,33,109,387,125,262,37,9,28
95JJ05W1,1597,152,1445,694,29,665,186,18,168,237,28,209,48,4,44,140,20,120,190,49,141,102,4,98
95JJ06W1,1914,191,1723,739,35,704,305,24,281,291,42,249,52,6,46,193,31,162,222,43,179,112,10,102
95JJ07W1,2035,179,1856,875,30,845,294,25,269,346,42,304,67,4,63,183,31,152,196,40,156,74,7,67
95JJ08S1,1154,188,966,411,15,396,112,14,98,162,40,122,55,8,47,124,22,102,242,80,162,48,9,39
95JJ08S2,1524,375,1149,191,22,169,135,12,123,219,52,167,36,6,30,389,128,261,503,151,352,51,4,47
95JJ09W1,1700,298,1402,548,37,511,153,28,125,243,50,193,68,7,61,172,36,136,456,132,324,60,8,52
95JJ10W1,2122,298,1824,746,33,713,268,29,239,312,61,251,113,15,98,196,36,160,394,109,285,93,15,78
95JJ11S1,1424,263,1161,333,20,313,156,18,138,239,48,191,57,7,50,144,31,113,442,130,312,53,9,44
95JJ11S2,1535,305,1230,319,19,300,157,32,125,226,39,187,47,9,38,199,52,147,507,141,366,80,13,67
95JJ12W1,2090,235,1855,697,31,666,209,17,192,335,46,289,120,13,107,235,45,190,419,75,344,75,8,67
95JJ13S1,1597,271,1326,318,26,292,213,33,180,283,37,246,56,6,50,213,46,167,443,110,333,71,13,58
95JJ13S2,1427,263,1164,297,28,269,172,17,155,233,43,190,45,7,38,181,43,138,457,123,334,42,2,40
95JJ14W1,1837,324,1513,584,35,549,226,27,199,271,52,219,70,7,63,197,50,147,422,144,278,67,9,58
95JJ15W1,1604,297,1307,407,27,380,138,16,122,211,45,166,50,6,44,158,28,130,547,162,385,93,13,80
95JJ16W1,1560,260,1300,475,32,443,149,20,129,188,37,151,55,7,48,204,48,156,417,103,314,72,13,59
95JJ17W1,1885,329,1556,605,25,580,206,23,183,253,59,194,96,19,77,224,54,170,439,137,302,62,12,50
95JJ18W1,1762,232,1530,581,21,560,186,28,158,236,31,205,63,2,61,155,29,126,441,108,333,100,13,87
95JJ19S1,1459,337,1122,201,14,187,97,17,80,187,42,145,38,5,33,304,68,236,579,171,408,53,20,33
95JJ19S2,1121,312,809,128,6,122,66,13,53,115,34,81,19,3,16,371,125,246,366,114,252,56,17,39
95JJ20S1,1669,257,1412,358,31,327,205,25,180,309,47,262,57,12,45,223,36,187,462,103,359,55,3,52
95JJ20S2,1588,225,1363,474,30,444,226,31,195,254,29,225,74,6,68,197,35,162,303,86,217,60,8,52
95JJ21W1,2479,504,1975,661,30,631,259,38,221,358,60,298,66,5,61,608,220,388,417,113,304,110,38,72
95JJ22W1,2268,494,1774,447,46,401,226,30,196,364,95,269,72,12,60,288,69,219,752,227,525,119,15,104
95KK01W1,1968,215,1753,749,28,721,230,19,211,284,40,244,88,6,82,213,33,180,336,78,258,68,11,57
95KK02W1,1595,173,1422,557,21,536,187,15,172,221,30,191,72,3,69,182,31,151,318,62,256,58,11,47
95KK03W1,1754,213,1541,627,29,598,213,27,186,273,50,223,90,11,79,207,28,179,290,61,229,54,7,47
95KK04W1,2126,245,1881,612,30,582,288,23,265,351,49,302,68,7,61,257,49,208,387,76,311,163,11,152
95KK05W1,2020,273,1747,629,31,598,255,30,225,277,47,230,110,17,93,275,39,236,416,100,316,58,9,49
95KK06W1,1527,168,1359,602,32,570,168,17,151,248,36,212,39,6,33,162,21,141,217,54,163,91,2,89
95KK07W1,1583,232,1351,538,32,506,173,28,145,229,41,188,71,9,62,197,36,161,308,77,231,67,9,58
95KK08W1,1985,288,1697,646,33,613,230,26,204,287,53,234,84,9,75,219,47,172,421,109,312,98,11,87
95KK09W1,1776,238,1538,584,41,543,207,22,185,263,53,210,60,10,50,188,36,152,291,67,224,183,9,174
95KK10W1,1654,253,1401,551,35,516,175,30,145,279,44,235,69,11,58,178,31,147,347,84,263,55,18,37
95KK11W1,1864,232,1632,639,41,598,247,27,220,283,41,242,59,5,54,228,33,195,291,82,209,117,3,114
95KK12W1,1781,277,1504,612,28,584,217,28,189,266,48,218,76,11,65,222,61,161,312,96,216,76,5,71
95KK13W1,1468,221,1247,490,23,467,165,22,143,232,45,187,52,11,41,160,35,125,297,76,221,72,9,63
95KK14W1,1612,234,1378,566,23,543,171,32,139,275,45,230,57,6,51,195,41,154,299,84,215,49,3,46
95KK15W1,2189,314,1875,658,28,630,231,31,200,343,56,287,97,16,81,271,48,223,518,125,393,71,10,61
95KK16W1,1817,246,1571,607,31,576,207,25,182,248,42,206,73,8,65,202,43,159,373,91,282,107,6,101
95LL01S1,1887,252,1635,507,21,486,190,23,167,294,43,251,87,5,82,265,47,218,476,103,373,68,10,58
95LL01S2,1802,253,1549,414,19,395,197,23,174,282,37,245,85,5,80,256,48,208,510,116,394,58,5,53
95LL02S1,1244,172,1072,301,15,286,135,13,122,216,35,181,35,0,35,171,35,136,308,67,241,78,7,71
95LL02S2,1205,103,1102,433,16,417,129,10,119,129,12,117,26,2,24,95,11,84,184,40,144,209,12,197
95LL03W1,1884,177,1707,724,43,681,267,23,244,258,29,229,61,4,57,172,22,150,266,49,217,136,7,129
95LL04W1,2335,278,2057,792,43,749,309,28,281,355,54,301,90,7,83,226,33,193,386,98,288,177,15,162
95LL05S1,1820,357,1463,340,45,295,193,30,163,300,59,241,67,7,60,235,50,185,616,152,464,69,14,55
95LL05S2,1362,204,1158,385,25,360,155,18,137,215,26,189,68,8,60,183,38,145,294,80,214,62,9,53
95LL06S1,1286,177,1109,380,28,352,180,27,153,231,33,198,41,3,38,149,25,124,219,55,164,86,6,80
95LL06S2,1448,158,1290,555,35,520,196,17,179,188,25,163,56,7,49,132,26,106,228,43,185,93,5,88
95LL07W1,1727,132,1595,799,35,764,196,18,178,259,29,230,54,7,47,139,16,123,146,20,126,134,7,127
95LL08S1,1219,98,1121,442,17,425,178,10,168,179,18,161,35,2,33,117,14,103,142,30,112,126,7,119
95LL08S2,1334,103,1231,537,28,509,169,9,160,163,19,144,40,4,36,114,15,99,149,23,126,162,5,157
95LL09S1,1178,80,1098,560,17,543,158,13,145,166,14,152,35,1,34,89,17,72,92,13,79,78,5,73
95LL09S2,1379,108,1271,683,27,656,131,8,123,164,15,149,41,1,40,124,17,107,162,30,132,74,10,64
95LL10S1,2306,297,2009,594,29,565,261,27,234,413,54,359,85,7,78,303,50,253,577,123,454,73,7,66
95LL10S2,1835,286,1549,502,26,476,195,35,160,304,43,261,75,12,63,217,42,175,459,120,339,83,8,75
95LL11S1,1226,190,1036,343,30,313,126,16,110,227,34,193,56,4,52,132,25,107,302,79,223,40,2,38
95LL11S2,1822,284,1538,367,20,347,196,14,182,325,43,282,76,10,66,250,44,206,548,148,400,60,5,55
95LL12S1,2080,207,1873,620,27,593,337,29,308,382,45,337,59,3,56,243,34,209,328,65,263,111,4,107
95LL12S2,915,67,848,429,15,414,129,10,119,134,13,121,21,2,19,86,13,73,68,12,56,48,2,46
95LL13S1,1066,108,958,308,10,298,154,9,145,158,20,138,30,3,27,87,13,74,219,45,174,110,8,102
95LL13S2,1030,100,930,403,18,385,151,14,137,153,20,133,42,6,36,87,16,71,127,20,107,67,6,61
95LL14S1,1017,71,946,521,8,513,132,10,122,138,20,118,39,7,32,87,9,78,77,15,62,23,2,21
95LL14S2,1123,132,991,428,22,406,122,12,110,182,30,152,46,5,41,123,19,104,190,40,150,32,4,28
95LL15S1,1201,217,984,378,23,355,113,13,100,158,29,129,46,5,41,117,31,86,319,108,211,70,8,62
95LL15S2,1330,208,1122,406,25,381,148,26,122,209,33,176,54,8,46,163,27,136,260,81,179,90,8,82
95LL16S1,2158,453,1705,408,39,369,208,32,176,346,62,284,58,14,44,244,60,184,789,232,557,105,14,91
95LL16S2,2551,362,2189,583,38,545,287,31,256,405,61,344,71,10,61,305,61,244,628,144,484,272,17,255
95LL17W1,2106,341,1765,653,34,619,213,26,187,318,58,260,88,11,77,221,51,170,485,145,340,128,16,112
95LL18S1,1574,298,1276,422,36,386,146,17,129,247,42,205,87,17,70,195,51,144,402,117,285,75,18,57
95LL18S2,1142,193,949,273,17,256,131,21,110,202,31,171,61,5,56,162,35,127,267,75,192,46,9,37
95LL19S1,1767,292,1475,414,30,384,196,27,169,306,50,256,72,4,68,229,52,177,483,124,359,67,5,62
95LL19S2,2208,368,1840,526,37,489,259,32,227,344,50,294,81,9,72,263,57,206,660,174,486,75,9,66
95LL20W1,1897,176,1721,732,37,695,283,27,256,300,29,271,115,9,106,184,38,146,198,34,164,85,2,83
95LL21W1,3060,348,2712,986,41,945,343,38,305,458,54,404,108,14,94,322,51,271,656,135,521,187,15,172
95LL22W1,2827,290,2537,829,31,798,393,38,355,490,45,445,121,12,109,395,60,335,468,90,378,131,14,117
95LL23W1,1733,180,1553,761,33,728,201,20,181,231,26,205,47,7,40,165,39,126,209,46,163,119,9,110
95LL24S1,1561,274,1287,410,28,382,154,20,134,237,46,191,59,8,51,213,49,164,431,110,321,57,13,44
95LL24S2,1332,225,1107,448,30,418,136,14,122,188,33,155,67,10,57,167,41,126,284,89,195,42,8,34
95LL25S1,1995,364,1631,411,23,388,220,16,204,326,54,272,94,15,79,276,69,207,603,178,425,65,9,56
95LL25S2,1556,301,1255,288,25,263,164,20,144,311,63,248,77,9,68,217,45,172,456,131,325,43,8,35
95LL26S1,1294,107,1187,531,25,506,152,14,138,178,16,162,48,8,40,141,20,121,154,23,131,90,1,89
95LL26S2,1681,238,1443,352,14,338,170,8,162,289,38,251,63,9,54,273,46,227,486,119,367,48,4,44
95MM01S1,1182,104,1078,568,19,549,135,11,124,176,28,148,46,4,42,99,5,94,123,33,90,35,4,31
95MM01S2,1313,205,1108,247,14,233,158,17,141,198,36,162,42,6,36,159,28,131,460,102,358,49,2,47
95MM01S3,1302,209,1093,361,23,338,186,23,163,178,37,141,53,9,44,188,45,143,281,68,213,55,4,51
95MM02S1,1365,234,1131,370,17,353,118,19,99,173,30,143,37,6,31,143,26,117,481,128,353,43,8,35
95MM02S2,1373,336,1037,205,18,187,96,16,80,203,67,136,47,7,40,179,35,144,604,180,424,39,13,26
95MM03W1,2617,420,2197,869,44,825,326,45,281,357,77,280,132,22,110,267,43,224,602,178,424,64,11,53
95MM04W1,1822,232,1590,768,47,721,187,25,162,260,43,217,60,8,52,194,40,154,307,63,244,46,6,40
95MM05W1,1955,209,1746,943,36,907,240,29,211,241,35,206,65,8,57,208,34,174,211,60,151,47,7,40
95MM06S1,1071,117,954,419,16,403,142,8,134,153,23,130,47,8,39,117,22,95,161,39,122,32,1,31
95MM06S2,944,79,865,414,14,400,138,8,130,124,15,109,32,0,32,99,10,89,116,31,85,21,1,20
95MM07W1,2105,290,1815,800,51,749,230,23,207,311,52,259,66,6,60,204,48,156,410,103,307,84,7,77
95MM08S1,1033,109,924,426,16,410,135,11,124,159,26,133,31,1,30,98,16,82,151,37,114,33,2,31
95MM08S2,1375,265,1110,384,31,353,142,21,121,196,41,155,64,11,53,160,37,123,387,117,270,42,7,35
95MM09S1,1176,161,1015,413,20,393,144,21,123,172,32,140,43,10,33,124,22,102,241,47,194,39,9,30
95MM09S2,1487,221,1266,509,16,493,179,29,150,213,40,173,67,12,55,161,24,137,324,92,232,34,8,26
95MM10S1,1021,86,935,477,13,464,139,17,122,157,20,137,29,1,28,117,16,101,83,17,66,19,2,17
95MM10S2,1005,92,913,428,14,414,128,17,111,133,10,123,37,4,33,124,15,109,138,30,108,17,2,15
95MM11W1,1736,154,1582,891,39,852,212,21,191,236,24,212,51,5,46,161,27,134,154,36,118,31,2,29
95MM12S1,1487,212,1275,455,24,431,162,11,151,239,40,199,42,6,36,204,36,168,348,92,256,37,3,34
95MM12S2,917,91,826,397,16,381,146,12,134,140,19,121,27,4,23,98,17,81,89,22,67,20,1,19
95MM12S3,1769,206,1563,491,16,475,277,34,243,312,49,263,63,4,59,250,43,207,331,55,276,45,5,40
95MM13S1,925,185,740,188,11,177,83,14,69,135,35,100,41,7,34,115,21,94,319,95,224,44,2,42
95MM13S2,906,87,819,413,15,398,132,14,118,137,13,124,24,2,22,96,20,76,86,20,66,18,3,15
95MM13S3,1105,137,968,394,15,379,155,16,139,178,28,150,43,7,36,142,25,117,167,43,124,26,3,23
95MM13S4,1728,230,1498,508,20,488,237,29,208,274,53,221,66,10,56,229,34,195,365,79,286,49,5,44
95MM13S5,1556,266,1290,225,16,209,143,12,131,220,39,181,49,4,45,231,47,184,645,142,503,43,6,37
95MM14S1,710,108,602,275,11,264,58,3,55,80,21,59,19,1,18,54,11,43,190,57,133,34,4,30
95MM14S2,1387,142,1245,528,22,506,191,29,162,193,25,168,42,1,41,137,29,108,203,30,173,93,6,87
95MM15S1,1441,254,1187,452,26,426,113,13,100,221,49,172,64,10,54,150,34,116,377,115,262,64,7,57
95MM15S2,1917,306,1611,428,32,396,184,13,171,307,52,255,82,16,66,257,43,214,585,143,442,74,7,67
95MM16S1,1748,187,1561,583,26,557,223,11,212,255,39,216,45,4,41,204,33,171,347,66,281,91,8,83
95MM16S2,2461,430,2031,482,25,457,238,40,198,349,81,268,70,12,58,306,58,248,928,205,723,88,9,79
95MM17S1,1563,250,1313,308,21,287,175,22,153,269,59,210,78,7,71,240,39,201,464,99,365,29,3,26
95MM17S2,1466,211,1255,486,21,465,178,19,159,211,41,170,56,4,52,193,29,164,313,94,219,29,3,26
95MM18S1,1711,229,1482,581,22,559,208,29,179,246,38,208,73,7,66,220,41,179,316,80,236,67,12,55
95MM18S2,2139,313,1826,503,28,475,248,29,219,350,55,295,75,5,70,304,55,249,600,129,471,59,12,47
95MM19S1,1337,212,1125,348,24,324,144,24,120,212,38,174,55,7,48,197,38,159,314,72,242,67,9,58
95MM19S2,1141,169,972,253,17,236,137,16,121,201,34,167,41,3,38,168,27,141,288,65,223,53,7,46
95MM20S1,1313,180,1133,510,25,485,150,24,126,177,31,146,58,12,46,151,26,125,219,56,163,48,6,42
95MM20S2,1441,169,1272,467,17,450,196,25,171,225,26,199,66,9,57,168,33,135,266,54,212,53,5,48
95MM21S1,1275,130,1145,454,22,432,181,18,163,220,32,188,56,7,49,140,20,120,176,24,152,48,7,41
95MM21S2,1437,245,1192,295,20,275,136,22,114,199,45,154,63,8,55,171,34,137,515,109,406,58,7,51
95MM22S1,1020,169,851,320,24,296,117,18,99,130,22,108,44,10,34,118,23,95,253,68,185,38,4,34
95MM22S2,1097,183,914,273,18,255,80,9,71,126,23,103,25,5,20,137,27,110,418,96,322,38,5,33
95MM23W1,2143,282,1861,701,25,676,212,24,188,315,38,277,75,13,62,277,49,228,484,126,358,79,7,72
95MM24W1,1928,219,1709,863,40,823,237,18,219,265,44,221,54,7,47,200,36,164,256,65,191,53,9,44
95MM25S1,925,72,853,385,10,375,126,7,119,147,21,126,22,3,19,116,12,104,109,16,93,20,3,17
95MM25S2,990,101,889,418,19,399,156,16,140,143,16,127,35,6,29,117,20,97,96,21,75,25,3,22
95MM25S3,1043,134,909,350,19,331,151,18,133,195,29,166,35,3,32,125,22,103,163,42,121,24,1,23
95MM25S4,1447,209,1238,328,13,315,177,23,154,274,39,235,42,6,36,199,27,172,385,94,291,42,7,35
95MM26S1,1341,154,1187,451,20,431,169,18,151,202,29,173,53,5,48,187,43,144,240,37,203,39,2,37
95MM26S2,1162,176,986,274,21,253,139,10,129,189,31,158,40,5,35,203,34,169,285,70,215,32,5,27
95MM27S1,1777,250,1527,644,35,609,199,24,175,228,37,191,54,3,51,218,41,177,341,94,247,93,16,77
95MM27S2,1678,376,1302,301,17,284,114,11,103,232,56,176,34,3,31,487,144,343,437,132,305,73,13,60
95MM28W1,1977,220,1757,785,36,749,249,18,231,275,35,240,56,1,55,222,44,178,311,74,237,79,12,67
95MM29W1,2654,309,2345,895,36,859,340,37,303,382,62,320,78,11,67,297,54,243,551,99,452,111,10,101
95MM30W1,1719,184,1535,781,22,759,199,23,176,223,33,190,52,5,47,164,33,131,258,64,194,42,4,38
95NN01S1,1197,151,1046,361,14,347,159,22,137,213,23,190,45,5,40,129,26,103,245,57,188,45,4,41
95NN01S2,1308,177,1131,409,27,382,147,16,131,177,36,141,72,8,64,181,27,154,271,58,213,51,5,46
95NN02W1,1784,279,1505,357,19,338,169,15,154,323,58,265,61,6,55,233,46,187,567,126,441,74,9,65
95NN03S1,1064,138,926,294,13,281,126,13,113,190,29,161,64,3,61,118,20,98,211,53,158,61,7,54
95NN03S2,1246,172,1074,452,20,432,147,13,134,186,35,151,68,11,57,128,18,110,214,70,144,51,5,46
95NN04W1,2184,247,1937,718,33,685,269,29,240,348,48,300,90,15,75,263,31,232,395,81,314,101,10,91
95NN05W1,1959,246,1713,569,38,531,235,24,211,306,40,266,110,11,99,246,28,218,403,96,307,90,9,81
95NN06S1,870,123,747,294,17,277,114,14,100,140,22,118,52,7,45,101,22,79,139,36,103,30,5,25
95NN06S2,1783,274,1509,463,14,449,210,25,185,295,48,247,105,15,90,257,61,196,395,107,288,58,4,54
95NN07S1,1254,142,1112,308,7,301,159,19,140,264,28,236,67,13,54,166,21,145,254,49,205,36,5,31
95NN07S2,1244,134,1110,448,14,434,149,15,134,195,25,170,54,4,50,149,16,133,213,54,159,36,6,30
95NN08S1,1237,187,1050,336,18,318,140,9,131,219,43,176,69,9,60,164,30,134,263,72,191,46,6,40
95NN08S2,1375,240,1135,294,12,282,140,21,119,194,43,151,74,7,67,199,42,157,407,107,300,67,8,59
95NN09S1,1321,252,1069,272,17,255,120,26,94,214,42,172,74,11,63,192,37,155,420,115,305,29,4,25
95NN09S2,1083,199,884,320,21,299,109,15,94,181,28,153,52,7,45,132,34,98,258,89,169,31,5,26
95NN10S1,1294,226,1068,380,29,351,122,21,101,186,29,157,50,5,45,114,24,90,387,112,275,55,6,49
95NN10S2,1280,259,1021,205,15,190,118,14,104,215,43,172,58,10,48,163,39,124,478,131,347,43,7,36
95NN11S1,1377,168,1209,385,16,369,160,18,142,246,28,218,81,6,75,205,42,163,255,52,203,45,6,39
95NN11S2,1574,262,1312,322,21,301,170,16,154,239,46,193,121,14,107,236,51,185,437,111,326,49,3,46
95NN12W1,2204,368,1836,562,37,525,231,25,206,344,60,284,106,15,91,287,54,233,581,162,419,93,15,78
95NN13W1,2390,450,1940,565,39,526,225,41,184,375,58,317,135,24,111,332,80,252,648,191,457,110,17,93
95NN14S1,1370,202,1168,362,22,340,127,13,114,223,29,194,72,5,67,185,43,142,351,83,268,50,7,43
95NN14S2,1342,188,1154,295,15,280,230,18,212,257,39,218,67,14,53,161,30,131,265,65,200,67,7,60
95NN15W1,2381,304,2077,733,37,696,346,29,317,381,50,331,142,14,128,269,43,226,427,119,308,83,12,71
95NN16S1,1260,291,969,281,20,261,108,19,89,189,52,137,76,12,64,164,49,115,398,133,265,44,6,38
95NN16S2,1339,260,1079,269,19,250,151,22,129,208,40,168,82,8,74,171,39,132,418,128,290,40,4,36
95NN17W1,1782,216,1566,576,41,535,226,13,213,313,40,273,80,2,78,203,37,166,312,79,233,72,4,68
95NN18S1,994,151,843,319,13,306,93,15,78,156,29,127,45,5,40,117,23,94,226,62,164,38,4,34
95NN18S2,1187,203,984,247,16,231,93,4,89,164,31,133,42,6,36,158,32,126,451,110,341,32,4,28
95NN19S1,1345,219,1126,294,18,276,156,14,142,231,47,184,53,3,50,169,31,138,391,100,291,51,6,45
95NN19S2,1378,312,1066,241,20,221,122,18,104,213,48,165,55,9,46,182,47,135,527,162,365,38,8,30
95NN20W1,2367,445,1922,561,46,515,268,45,223,366,66,300,127,13,114,341,82,259,610,178,432,94,15,79
95NN21W1,2181,404,1777,542,46,496,261,29,232,321,57,264,95,12,83,256,59,197,610,194,416,96,7,89
95NN22W1,2145,401,1744,456,31,425,202,24,178,328,67,261,122,16,106,293,66,227,669,186,483,75,11,64
95NN23S1,1192,207,985,340,23,317,115,14,101,187,34,153,86,15,71,166,41,125,265,75,190,33,5,28
95NN23S2,1455,282,1173,369,23,346,160,21,139,215,36,179,73,9,64,176,40,136,388,139,249,74,14,60
95OO01W1,1936,273,1663,712,41,671,235,31,204,254,40,214,73,12,61,203,34,169,383,107,276,76,8,68
95OO02W1,1731,319,1412,476,40,436,188,26,162,247,47,200,74,12,62,251,55,196,413,119,294,82,20,62
95OO03W1,2028,293,1735,664,43,621,225,35,190,309,49,260,78,14,64,204,42,162,400,104,296,148,6,142
95OO04W1,1905,260,1645,666,31,635,186,13,173,308,54,254,68,4,64,189,37,152,414,116,298,74,5,69
95OO05W1,2100,175,1925,794,23,771,211,26,185,237,22,215,42,5,37,162,25,137,297,61,236,357,13,344
95OO06W1,2190,344,1846,605,36,569,241,30,211,321,65,256,96,6,90,271,55,216,502,137,365,154,15,139
95OO07W1,1950,348,1602,574,35,539,235,33,202,264,52,212,110,22,88,278,69,209,394,123,271,95,14,81
95OO08W1,2111,343,1768,649,32,617,190,30,160,337,60,277,88,11,77,270,51,219,475,142,333,102,17,85
95OO09W1,1739,261,1478,600,30,570,196,31,165,242,53,189,68,8,60,165,36,129,369,90,279,99,13,86
95OO10W1,2649,270,2379,838,28,810,310,23,287,436,47,389,84,10,74,324,43,281,527,112,415,130,7,123
95OO11W1,1889,190,1699,645,18,627,254,19,235,275,42,233,72,8,64,225,25,200,275,68,207,143,10,133
95OO12W1,2081,263,1818,589,30,559,229,20,209,321,41,280,91,7,84,230,31,199,474,121,353,147,13,134
95OO13W1,2137,301,1836,594,39,555,221,23,198,284,40,244,52,4,48,215,53,162,429,128,301,342,14,328
95OO14W1,1961,307,1654,546,28,518,201,29,172,308,56,252,82,11,71,236,50,186,485,120,365,103,13,90
95OO15W1,1774,175,1599,625,23,602,178,22,156,232,33,199,59,4,55,172,21,151,288,64,224,220,8,212
95OO16W1,1695,249,1446,646,33,613,187,20,167,249,53,196,46,5,41,177,34,143,289,90,199,101,14,87
95OO17W1,2105,292,1813,636,29,607,234,19,215,316,57,259,84,15,69,287,46,241,452,116,336,96,10,86
95OO18W1,2291,408,1883,607,46,561,199,29,170,296,65,231,52,8,44,226,48,178,559,184,375,352,28,324
95OO19W1,2239,353,1886,599,36,563,217,22,195,330,53,277,75,13,62,279,54,225,605,162,443,134,13,121
95OO20W1,1708,249,1459,537,27,510,157,15,142,225,39,186,58,12,46,199,43,156,379,98,281,153,15,138
95OO21W1,1870,255,1615,568,23,545,178,20,158,247,47,200,54,9,45,200,35,165,423,103,320,200,18,182
95OO22W1,2378,338,2040,643,32,611,297,45,252,352,53,299,111,14,97,290,46,244,583,143,440,102,5,97
95PP01W1,1998,392,1606,508,41,467,243,39,204,387,91,296,94,7,87,258,65,193,419,135,284,89,14,75
95PP02W1,2029,333,1696,685,40,645,217,34,183,283,63,220,90,14,76,214,56,158,446,114,332,94,12,82
95PP03W1,2026,330,1696,683,37,646,241,27,214,274,56,218,78,17,61,215,49,166,418,128,290,117,16,101
95PP04W1,2460,477,1983,700,60,640,314,49,265,360,78,282,108,16,92,277,67,210,568,183,385,133,24,109
95PP05W1,1865,292,1573,658,32,626,210,37,173,282,55,227,63,12,51,205,54,151,387,98,289,60,4,56
95PP06S1,1500,201,1299,379,32,347,206,23,183,268,33,235,46,4,42,167,33,134,329,64,265,105,12,93
95PP06S2,1559,320,1239,329,25,304,169,22,147,258,51,207,57,6,51,178,45,133,469,160,309,99,11,88
95PP07W1,2205,420,1785,711,46,665,238,31,207,318,73,245,68,14,54,205,70,135,564,165,399,101,21,80
95PP08W1,2108,326,1782,695,44,651,214,31,183,289,56,233,96,16,80,213,45,168,438,119,319,163,15,148
95PP09W1,1437,189,1248,615,35,580,167,20,147,206,37,169,40,5,35,107,26,81,187,52,135,115,14,101
95PP10W1,1884,278,1606,710,43,667,197,16,181,277,47,230,60,9,51,185,45,140,370,101,269,85,17,68
95PP11W1,2072,350,1722,677,39,638,277,45,232,271,48,223,53,7,46,194,41,153,464,156,308,136,14,122
95PP12W1,2046,375,1671,675,51,624,234,37,197,324,73,251,67,6,61,230,63,167,414,130,284,102,15,87
95PP13W1,1980,279,1701,689,40,649,248,29,219,299,46,253,58,11,47,201,42,159,381,103,278,104,8,96
95PP14S1,1177,179,998,472,16,456,151,18,133,167,37,130,27,6,21,111,35,76,192,57,135,57,10,47
95PP14S2,1673,293,1380,534,26,508,215,39,176,254,55,199,70,15,55,193,46,147,351,101,250,56,11,45
95PP15W1,2385,459,1926,614,61,553,299,42,257,413,83,330,86,16,70,316,71,245,559,172,387,98,14,84
95PP16W1,1555,297,1258,476,31,445,185,26,159,263,68,195,50,9,41,170,40,130,348,116,232,63,7,56
95PP17W1,2071,290,1781,849,61,788,208,26,182,295,57,238,53,8,45,219,37,182,318,79,239,129,22,107
95PP18W1,2452,387,2065,733,47,686,311,37,274,397,67,330,85,11,74,307,66,241,513,144,369,106,15,91
95PP19W1,1927,267,1660,739,32,707,253,42,211,251,41,210,66,10,56,190,53,137,324,77,247,104,12,92
95PP20W1,2529,443,2086,672,64,608,290,40,250,384,67,317,70,13,57,243,62,181,687,168,519,183,29,154
95PP21W1,1722,257,1465,680,42,638,163,22,141,220,39,181,87,15,72,178,39,139,280,83,197,114,17,97
95PP22W1,1977,381,1596,559,43,516,223,39,184,290,66,224,58,10,48,230,54,176,495,145,350,122,24,98
95PP23W1,2027,349,1678,691,43,648,252,37,215,290,60,230,84,21,63,207,47,160,432,124,308,71,17,54
95QQ01W1,1227,117,1110,479,22,457,175,14,161,162,18,144,61,7,54,133,14,119,171,38,133,46,4,42
95QQ02W1,2044,319,1725,423,24,399,245,31,214,327,55,272,138,15,123,283,54,229,536,131,405,92,9,83
95QQ03W1,870,65,805,354,7,347,108,10,98,142,11,131,53,6,47,110,16,94,70,14,56,33,1,32
95QQ04W1,1302,184,1118,413,18,395,211,24,187,226,43,183,74,6,68,158,31,127,169,56,113,51,6,45
95QQ05W1,2345,434,1911,426,30,396,245,32,213,373,51,322,148,16,132,339,75,264,750,223,527,64,7,57
95QQ06W1,1603,212,1391,537,23,514,194,21,173,236,39,197,111,11,100,197,32,165,241,72,169,87,14,73
95QQ07W1,1594,199,1395,587,31,556,192,18,174,246,31,215,80,7,73,163,33,130,263,70,193,63,9,54
95QQ08W1,1238,98,1140,524,17,507,155,12,143,173,15,158,71,5,66,139,23,116,133,23,110,43,3,40
95QQ09W1,1669,227,1442,529,31,498,189,21,168,230,37,193,101,13,88,187,30,157,355,81,274,78,14,64
95QQ10W1,1449,237,1212,428,17,411,171,17,154,197,30,167,101,20,81,188,42,146,309,103,206,55,8,47
95QQ11W1,1621,246,1375,406,23,383,187,15,172,278,51,227,97,10,87,187,37,150,407,104,303,59,6,53
95QQ12W1,1524,218,1306,454,12,442,188,21,167,245,46,199,65,4,61,184,32,152,321,89,232,67,14,53
95QQ13W1,2093,380,1713,397,24,373,250,26,224,362,75,287,136,22,114,317,62,255,513,156,357,118,15,103
95QQ14S1,2646,352,2294,433,21,412,401,25,376,475,59,416,176,22,154,422,65,357,666,154,512,73,6,67
95QQ14S2,1435,224,1211,408,25,383,167,21,146,215,45,170,78,12,66,193,34,159,321,80,241,53,7,46
95QQ15W1,1339,129,1210,459,15,444,169,19,150,222,35,187,84,5,79,141,16,125,197,34,163,67,5,62
95RR01S1,1762,224,1538,367,18,349,242,17,225,342,50,292,65,9,56,311,50,261,388,74,314,47,6,41
95RR01S2,1438,218,1220,395,27,368,161,18,143,227,38,189,69,7,62,197,39,158,342,83,259,47,6,41
95RR02W1,1420,185,1235,540,26,514,168,15,153,222,38,184,51,4,47,166,41,125,216,49,167,57,12,45
95RR03W1,1154,87,1067,533,20,513,141,9,132,144,12,132,48,6,42,122,14,108,124,25,99,42,1,41
95RR04W1,1597,225,1372,590,26,564,152,15,137,217,46,171,76,11,65,195,46,149,304,77,227,63,4,59
95RR05S1,1021,161,860,269,10,259,128,15,113,186,32,154,46,6,40,156,35,121,193,55,138,43,8,35
95RR05S2,921,71,850,371,6,365,122,6,116,152,18,134,21,4,17,117,12,105,105,21,84,33,4,29
95RR06W1,1697,208,1489,658,25,633,183,21,162,242,45,197,97,13,84,183,37,146,274,59,215,60,8,52
95RR07W1,1923,226,1697,627,22,605,263,28,235,319,49,270,79,9,70,252,45,207,333,67,266,50,6,44
95RR08W1,1648,223,1425,559,17,542,145,15,130,262,50,212,104,10,94,212,37,175,306,88,218,60,6,54
95RR09S1,1661,186,1475,551,17,534,190,13,177,257,43,214,64,7,57,202,31,171,344,66,278,53,9,44
95RR09S2,1135,139,996,198,12,186,157,11,146,217,30,187,40,4,36,192,28,164,274,47,227,57,7,50
95RR10W1,1055,78,977,546,17,529,141,11,130,120,10,110,29,3,26,84,17,67,90,18,72,45,2,43
95RR11W1,2037,241,1796,811,28,783,234,21,213,268,56,212,101,11,90,193,47,146,309,61,248,121,17,104
95RR12W1,1257,201,1056,389,21,368,142,20,122,184,36,148,58,9,49,147,33,114,276,68,208,61,14,47
95RR13W1,1242,146,1096,516,21,495,121,13,108,157,16,141,37,2,35,105,17,88,243,71,172,63,6,57
95RR14W1,1510,223,1287,573,28,545,187,18,169,212,47,165,68,5,63,169,49,120,263,71,192,38,5,33
95RR15W1,1815,321,1494,574,35,539,202,38,164,288,55,233,78,13,65,232,59,173,369,113,256,72,8,64
95SS01S1,1933,401,1532,488,46,442,217,37,180,293,61,232,115,16,99,240,69,171,513,156,357,67,16,51
95SS01S2,2140,322,1818,418,22,396,243,20,223,334,49,285,103,6,97,297,54,243,680,160,520,65,11,54
95SS02S1,1725,275,1450,423,29,394,236,23,213,265,33,232,69,7,62,206,46,160,452,128,324,74,9,65
95SS02S2,1618,375,1243,239,25,214,151,28,123,263,69,194,54,9,45,242,46,196,637,195,442,32,3,29
95SS03S1,1266,297,969,228,18,210,107,20,87,219,48,171,58,13,45,161,42,119,449,145,304,44,11,33
95SS03S2,1477,352,1125,313,21,292,124,33,91,231,64,167,63,10,53,199,51,148,493,162,331,54,11,43
95SS04S1,1684,189,1495,440,19,421,255,19,236,277,35,242,92,10,82,209,37,172,347,64,283,64,5,59
95SS04S2,1505,209,1296,337,22,315,199,16,183,248,32,216,75,12,63,190,31,159,393,89,304,63,7,56
95SS04S3,2565,409,2156,462,19,443,338,24,314,393,70,323,114,13,101,395,70,325,763,204,559,100,9,91
95SS05S1,1337,159,1178,439,23,416,182,21,161,172,20,152,57,5,52,156,22,134,256,63,193,75,5,70
95SS05S2,1493,320,1173,289,28,261,138,21,117,198,45,153,62,8,54,193,49,144,559,160,399,54,9,45
95SS06S1,1106,116,990,403,13,390,182,11,171,211,30,181,27,2,25,125,17,108,131,40,91,27,3,24
95SS06S2,1518,102,1416,604,15,589,306,21,285,282,20,262,41,5,36,161,18,143,90,17,73,34,6,28
95SS06S3,1397,124,1273,575,25,550,240,13,227,236,23,213,38,3,35,158,24,134,114,28,86,36,8,28
95SS07S1,2367,288,2079,454,17,437,401,24,377,461,57,404,95,13,82,380,58,322,528,111,417,48,8,40
95SS07S2,1156,149,1007,242,15,227,199,18,181,233,30,203,41,3,38,206,32,174,208,50,158,27,1,26
95SS07S3,3169,422,2747,819,38,781,347,33,314,487,85,402,87,8,79,337,54,283,956,188,768,136,16,120
95SS08S1,1546,340,1206,246,17,229,143,22,121,267,56,211,74,13,61,206,54,152,557,168,389,53,10,43
95SS08S2,2114,357,1757,502,25,477,232,27,205,363,61,302,110,18,92,299,64,235,535,151,384,73,11,62
95SS09S1,1388,347,1041,176,14,162,74,13,61,165,45,120,38,3,35,161,39,122,739,224,515,35,9,26
95SS09S2,1344,266,1078,268,17,251,112,18,94,167,32,135,76,5,71,183,44,139,495,144,351,43,6,37
95SS10S1,1743,321,1422,355,20,335,164,26,138,238,51,187,51,10,41,220,41,179,660,166,494,55,7,48
95SS10S2,1745,316,1429,245,13,232,160,18,142,311,48,263,48,6,42,282,62,220,647,158,489,52,11,41
95SS11S1,2093,347,1746,441,38,403,242,29,213,370,60,310,92,9,83,272,46,226,626,159,467,50,6,44
95SS11S2,2119,370,1749,446,34,412,262,22,240,384,79,305,113,21,92,315,56,259,524,150,374,75,8,67
95SS12W1,2515,436,2079,554,39,515,257,34,223,422,81,341,117,9,108,307,60,247,761,198,563,97,15,82
95SS13S1,1257,137,1120,416,16,400,182,18,164,186,22,164,60,6,54,154,31,123,181,38,143,78,6,72
95SS13S2,1126,95,1031,423,12,411,171,10,161,172,17,155,57,3,54,91,10,81,148,38,110,64,5,59
95SS14S1,1149,106,1043,439,18,421,183,15,168,161,14,147,50,6,44,107,14,93,135,35,100,74,4,70
95SS14S2,1165,193,972,286,10,276,117,15,102,173,35,138,52,3,49,142,27,115,356,100,256,39,3,36
95SS15S1,1479,310,1169,308,33,275,100,11,89,196,49,147,43,7,36,152,37,115,631,166,465,49,7,42
95SS15S2,1624,342,1282,348,27,321,130,25,105,240,60,180,49,8,41,161,35,126,642,179,463,54,8,46
95SS16S1,1193,173,1020,258,13,245,119,16,103,215,23,192,53,5,48,190,23,167,331,92,239,27,1,26
95SS16S2,1326,132,1194,489,9,480,177,11,166,210,27,183,51,3,48,156,26,130,199,51,148,44,5,39
95SS17S1,2168,224,1944,584,22,562,307,26,281,301,31,270,88,10,78,237,32,205,522,97,425,129,6,123
95SS17S2,1257,107,1150,417,13,404,210,11,199,200,29,171,59,2,57,144,17,127,184,32,152,43,3,40
95SS18S1,1101,120,981,375,21,354,164,12,152,182,19,163,50,4,46,120,19,101,155,39,116,55,6,49
95SS18S2,1359,163,1196,552,31,521,147,19,128,152,26,126,49,6,43,118,14,104,259,58,201,82,9,73
95SS19S1,1106,143,963,282,7,275,142,9,133,184,28,156,60,4,56,135,22,113,270,70,200,33,3,30
95SS19S2,1115,121,994,395,15,380,169,15,154,180,23,157,57,6,51,120,16,104,149,43,106,45,3,42
95SS20W1,2234,375,1859,608,58,550,256,35,221,335,56,279,116,12,104,247,50,197,556,157,399,116,7,109
95SS21S1,1754,308,1446,306,19,287,216,15,201,314,56,258,106,11,95,254,61,193,508,141,367,50,5,45
95SS21S2,1868,307,1561,424,33,391,192,16,176,312,53,259,104,8,96,234,45,189,548,143,405,54,9,45
95SS22S1,1206,197,1009,224,26,198,165,19,146,212,30,182,65,7,58,185,32,153,312,78,234,43,5,38
95SS22S2,1399,282,1117,303,22,281,144,16,128,210,44,166,60,8,52,171,41,130,454,136,318,57,15,42
95SS23S1,1738,316,1422,325,21,304,174,21,153,217,41,176,88,8,80,183,42,141,688,177,511,63,6,57
95SS23S2,1313,232,1081,324,24,300,174,17,157,197,37,160,70,10,60,181,43,138,326,96,230,41,5,36
95SS24S1,2158,394,1764,346,20,326,216,26,190,302,53,249,95,12,83,281,47,234,830,225,605,88,11,77
95SS24S2,1808,319,1489,358,23,335,147,16,131,274,50,224,51,6,45,222,47,175,696,171,525,60,6,54
95SS25W1,1907,136,1771,780,28,752,343,19,324,285,30,255,90,5,85,177,25,152,139,18,121,93,11,82
95SS26S1,1416,99,1317,548,15,533,244,21,223,264,21,243,51,4,47,158,15,143,123,20,103,28,3,25
95SS26S2,1375,156,1219,289,15,274,209,14,195,233,20,213,78,4,74,235,42,193,286,58,228,45,3,42
95SS27W1,2106,300,1806,697,35,662,252,30,222,295,42,253,116,14,102,221,44,177,442,121,321,83,14,69
95SS28W1,2068,195,1873,808,33,775,248,15,233,303,38,265,96,6,90,208,30,178,274,61,213,131,12,119
95SS29S1,919,63,856,376,4,372,147,7,140,168,12,156,23,3,20,87,10,77,97,24,73,21,3,18
95SS29S2,1037,70,967,519,16,503,146,7,139,134,13,121,41,2,39,95,16,79,80,15,65,22,1,21
95SS30S1,994,147,847,140,10,130,142,8,134,189,25,164,40,8,32,145,26,119,269,66,203,69,4,65
95SS30S2,1837,405,1432,305,32,273,154,26,128,274,58,216,73,16,57,218,39,179,730,225,505,83,9,74
95TT01W1,2064,341,1723,586,32,554,223,32,191,316,62,254,118,25,93,278,69,209,481,111,370,62,10,52
95TT02W1,2020,277,1743,648,34,614,220,19,201,291,43,248,114,17,97,221,46,175,448,110,338,78,8,70
95TT03S1,1212,147,1065,407,22,385,153,14,139,173,25,148,41,6,35,143,20,123,254,58,196,41,2,39
95TT03S2,1301,198,1103,386,24,362,142,11,131,183,29,154,60,11,49,139,30,109,330,88,242,61,5,56
95TT04W1,2215,321,1894,679,35,644,250,28,222,336,64,272,102,16,86,274,52,222,482,117,365,92,9,83
95TT05S1,1388,268,1120,257,17,240,142,21,121,227,47,180,45,7,38,170,34,136,464,132,332,83,10,73
95TT05S2,1024,110,914,438,17,421,129,15,114,140,21,119,28,3,25,89,14,75,129,38,91,71,2,69
95TT06W1,2048,295,1753,629,32,597,210,28,182,306,52,254,105,15,90,251,41,210,498,125,373,49,2,47
95TT07W1,2141,339,1802,644,36,608,206,25,181,365,68,297,99,15,84,247,53,194,503,131,372,77,11,66
95TT08W1,2130,347,1783,670,43,627,209,31,178,345,74,271,95,17,78,307,60,247,426,108,318,78,14,64
95TT09S1,1128,148,980,385,28,357,119,7,112,157,29,128,60,7,53,148,19,129,222,54,168,37,4,33
95TT09S2,1136,207,929,336,26,310,88,14,74,156,30,126,50,6,44,155,30,125,316,97,219,35,4,31
95TT10W1,2234,225,2009,805,36,769,255,24,231,320,33,287,79,9,70,246,34,212,406,80,326,123,9,114
95TT11S1,1281,245,1036,394,20,374,125,17,108,169,41,128,66,10,56,180,65,115,305,90,215,42,2,40
95TT11S2,1166,197,969,330,24,306,137,15,122,189,35,154,54,7,47,161,31,130,267,76,191,28,9,19
95TT12W1,1996,286,1710,671,40,631,242,32,210,271,43,228,94,24,70,232,38,194,403,97,306,83,12,71
95TT13S1,1186,168,1018,301,14,287,166,22,144,203,29,174,50,6,44,147,19,128,269,77,192,50,1,49
95TT13S2,1083,101,982,400,14,386,131,11,120,178,25,153,31,4,27,106,11,95,164,30,134,73,6,67
95TT14W1,1760,234,1526,540,55,485,203,16,187,277,29,248,72,11,61,171,28,143,390,86,304,107,9,98
95TT15W1,1858,235,1623,675,30,645,237,21,216,269,58,211,80,10,70,231,30,201,319,72,247,47,14,33
95TT16W1,2090,287,1803,690,40,650,237,18,219,327,63,264,108,12,96,256,50,206,391,95,296,81,9,72
95UU06W1,1180,214,966,296,21,275,128,19,109,191,36,155,42,6,36,134,31,103,345,94,251,44,7,37
95UU09W1,1282,233,1049,291,14,277,155,20,135,236,46,190,66,14,52,177,43,134,296,87,209,61,9,52
95UU14W1,1357,166,1191,462,12,450,152,20,132,212,25,187,57,5,52,161,33,128,269,65,204,44,6,38
95UU99C1,1609,214,1395,581,29,552,194,24,170,247,37,210,82,11,71,169,34,135,275,68,207,61,11,50
95UU99C2,1415,161,1254,598,13,585,176,17,159,194,25,169,48,3,45,117,21,96,236,76,160,46,6,40
95UU99C3,1579,342,1237,440,27,413,163,31,132,215,45,170,65,8,57,172,42,130,455,173,282,69,16,53
95UU99C4,1441,252,1189,512,29,483,170,29,141,213,42,171,58,10,48,150,36,114,282,99,183,56,7,49
95UU99C5,1977,344,1633,539,17,522,228,35,193,295,60,235,119,21,98,218,43,175,496,153,343,82,15,67
95UU99C6,1763,262,1501,535,26,509,263,33,230,255,47,208,85,9,76,193,39,154,343,101,242,89,7,82
95VV01S1,1293,221,1072,388,22,366,151,24,127,187,33,154,78,16,62,179,39,140,273,82,191,37,5,32
95VV01S2,1226,184,1042,447,26,421,139,21,118,154,30,124,76,11,65,154,35,119,193,50,143,63,11,52
95VV02W1,1763,190,1573,752,27,725,201,19,182,215,34,181,70,7,63,169,32,137,257,59,198,99,12,87
95VV03W1,1990,196,1794,810,34,776,251,21,230,285,36,249,85,6,79,208,35,173,271,59,212,80,5,75
95VV04W1,2369,371,1998,746,49,697,283,42,241,336,61,275,154,27,127,329,65,264,416,110,306,105,17,88
95VV05S1,1467,271,1196,382,15,367,136,20,116,216,39,177,96,16,80,183,35,148,408,138,270,46,8,38
95VV05S2,1747,325,1422,329,27,302,172,27,145,282,49,233,98,18,80,224,54,170,585,148,437,57,2,55
95VV06W1,2565,384,2181,751,44,707,295,31,264,406,66,340,160,25,135,319,61,258,532,146,386,102,11,91
95VV07S1,1629,237,1392,482,29,453,216,27,189,219,39,180,73,7,66,212,41,171,326,86,240,101,8,93
95VV07S2,1733,312,1421,299,16,283,189,28,161,311,71,240,90,18,72,243,46,197,520,126,394,81,7,74
95VV08W1,2291,332,1959,777,37,740,252,36,216,309,61,248,141,23,118,249,40,209,449,116,333,114,19,95
95VV09W1,2097,268,1829,787,34,753,233,25,208,297,59,238,111,19,92,195,37,158,335,83,252,139,11,128
95VV10S1,1185,147,1038,429,21,408,174,17,157,178,32,146,32,3,29,149,30,119,155,35,120,68,9,59
95VV10S2,1234,153,1081,440,17,423,169,27,142,151,25,126,44,6,38,129,25,104,214,41,173,87,12,75
95VV11S1,1558,283,1275,418,36,382,162,27,135,247,58,189,69,9,60,194,42,152,380,98,282,88,13,75
95VV11S2,1808,322,1486,332,34,298,180,31,149,287,53,234,72,7,65,236,51,185,606,139,467,95,7,88
95VV12S1,1231,147,1084,407,19,388,143,17,126,186,34,152,46,2,44,138,16,122,243,56,187,68,3,65
95VV12S2,1182,121,1061,407,10,397,121,13,108,175,19,156,44,6,38,136,14,122,237,56,181,62,3,59
95VV13S1,1459,255,1204,373,29,344,182,27,155,234,51,183,81,10,71,174,42,132,359,87,272,56,9,47
95VV13S2,1096,186,910,298,18,280,115,25,90,164,26,138,55,9,46,127,27,100,288,76,212,49,5,44
95VV14S1,1515,225,1290,374,22,352,154,17,137,196,28,168,62,6,56,191,34,157,396,107,289,142,11,131
95VV14S2,1165,177,988,315,12,303,101,13,88,160,34,126,42,3,39,136,28,108,347,83,264,64,4,60
95VV15S1,1115,104,1011,445,23,422,145,17,128,146,16,130,56,0,56,105,17,88,155,27,128,63,4,59
95VV15S2,1321,156,1165,351,15,336,144,16,128,213,30,183,55,14,41,166,27,139,311,52,259,81,2,79
95VV16W1,2431,333,2098,659,38,621,296,32,264,377,62,315,122,20,102,312,55,257,531,109,422,134,17,117
95VV17S1,1613,251,1362,407,26,381,174,23,151,263,34,229,104,20,84,205,36,169,376,101,275,84,11,73
95VV17S2,1553,244,1309,403,16,387,165,19,146,218,49,169,114,13,101,214,43,171,333,88,245,106,16,90
95VV18S1,1484,267,1217,437,42,395,184,26,158,251,52,199,71,15,56,166,39,127,252,84,168,123,9,114
95VV18S2,1452,167,1285,571,22,549,186,18,168,183,32,151,87,11,76,145,35,110,189,41,148,91,8,83
95VV19S1,1059,174,885,371,25,346,116,21,95,164,35,129,56,8,48,107,26,81,175,48,127,70,11,59
95VV19S2,1256,135,1121,419,15,404,176,24,152,194,26,168,74,8,66,126,19,107,174,36,138,93,7,86
95VV20W1,2277,411,1866,761,50,711,226,34,192,318,74,244,145,31,114,292,56,236,450,153,297,85,13,72
95VV21S1,1683,237,1446,434,25,409,182,20,162,276,41,235,110,10,100,241,45,196,371,82,289,69,14,55
95VV21S2,1238,215,1023,340,28,312,134,15,119,176,35,141,63,6,57,178,33,145,314,93,221,33,5,28
95VV22W1,2096,326,1770,712,42,670,238,35,203,306,57,249,95,20,75,263,52,211,389,107,282,93,13,80
95VV23W1,2312,398,1914,562,31,531,227,31,196,327,44,283,113,7,106,291,48,243,701,224,477,91,13,78
95VV24S1,1241,237,1004,238,10,228,119,17,102,190,62,128,53,3,50,148,32,116,430,106,324,63,7,56
95VV24S2,1263,155,1108,410,21,389,129,13,116,209,35,174,54,4,50,142,21,121,244,56,188,75,5,70
95VV25S1,1303,197,1106,395,20,375,131,13,118,184,33,151,87,19,68,161,35,126,270,72,198,75,5,70
95VV25S2,1400,251,1149,390,26,364,134,19,115,198,28,170,77,12,65,177,35,142,381,124,257,43,7,36
95VV26W1,2630,427,2203,752,53,699,296,41,255,416,93,323,170,18,152,334,60,274,565,151,414,97,11,86
95VV27W1,1905,205,1700,738,33,705,197,23,174,255,37,218,79,10,69,180,29,151,274,61,213,182,12,170
95VV28S1,1737,236,1501,438,25,413,186,21,165,269,44,225,63,9,54,179,33,146,443,97,346,159,7,152
95VV28S2,1087,126,961,422,20,402,111,10,101,162,16,146,36,2,34,127,24,103,154,49,105,75,5,70
95VV29W1,2442,378,2064,640,50,590,295,44,251,405,59,346,130,19,111,319,52,267,533,134,399,120,20,100
95VV30S1,1326,268,1058,251,21,230,111,15,96,179,38,141,42,3,39,171,48,123,484,135,349,88,8,80
95VV30S2,1135,123,1012,366,16,350,155,10,145,165,27,138,48,6,42,120,19,101,194,42,152,87,3,84
95WW01S1,1258,198,1060,406,23,383,137,17,120,127,27,100,60,4,56,126,22,104,344,95,249,58,10,48
95WW01S2,1081,132,949,293,12,281,167,16,151,170,28,142,57,7,50,135,27,108,203,40,163,56,2,54
95WW02S1,1419,192,1227,501,16,485,146,15,131,219,31,188,58,8,50,157,31,126,293,85,208,45,6,39
95WW02S2,1571,209,1362,406,18,388,204,22,182,273,42,231,72,9,63,212,31,181,365,85,280,39,2,37
95WW03S1,1369,118,1251,526,17,509,178,17,161,213,15,198,76,5,71,153,23,130,183,37,146,40,4,36
95WW03S2,1523,205,1318,343,18,325,181,15,166,248,33,215,65,8,57,209,33,176,427,97,330,50,1,49
95WW04S1,1226,142,1084,332,15,317,213,13,200,210,26,184,76,7,69,149,35,114,200,44,156,46,2,44
95WW04S2,1011,120,891,220,14,206,140,10,130,184,18,166,67,6,61,131,24,107,204,41,163,65,7,58
95WW05S1,1231,175,1056,279,19,260,168,13,155,192,30,162,61,3,58,171,30,141,318,78,240,42,2,40
95WW05S2,1050,123,927,332,11,321,124,15,109,145,21,124,62,5,57,129,21,108,198,43,155,60,7,53
95WW06S1,1247,239,1008,260,15,245,124,9,115,200,49,151,74,8,66,150,32,118,401,120,281,38,6,32
95WW06S2,1280,252,1028,267,21,246,129,11,118,218,47,171,71,9,62,142,31,111,409,129,280,44,4,40
95WW07S1,1464,282,1182,317,20,297,139,22,117,216,40,176,87,11,76,200,48,152,453,131,322,52,10,42
95WW07S2,1922,327,1595,423,19,404,247,26,221,343,65,278,99,9,90,253,52,201,491,148,343,66,8,58
95WW08S1,961,141,820,258,19,239,126,14,112,154,23,131,65,8,57,132,34,98,188,41,147,38,2,36
95WW08S2,1124,148,976,341,24,317,126,14,112,175,23,152,71,7,64,126,18,108,235,54,181,50,8,42
95WW09S1,1014,105,909,370,19,351,154,11,143,158,18,140,40,3,37,113,13,100,145,37,108,34,4,30
95WW09S2,1082,162,920,270,21,249,133,21,112,172,35,137,66,6,60,138,24,114,249,53,196,54,2,52
95WW10S1,1308,174,1134,356,16,340,174,24,150,227,36,191,61,7,54,167,28,139,284,63,221,39,0,39
95WW10S2,976,124,852,343,15,328,135,14,121,140,22,118,72,9,63,118,24,94,127,37,90,41,3,38
95WW11S1,1306,212,1094,208,15,193,185,27,158,231,39,192,53,4,49,190,34,156,393,89,304,46,4,42
95WW11S2,1133,191,942,238,13,225,111,18,93,178,30,148,59,5,54,195,44,151,303,76,227,49,5,44
95WW12W1,1923,159,1764,801,31,770,305,24,281,248,21,227,94,13,81,203,28,175,193,36,157,79,6,73
95WW13S1,1487,233,1254,342,23,319,161,22,139,239,39,200,63,7,56,202,32,170,443,101,342,37,9,28
95WW13S2,1407,239,1168,297,16,281,177,21,156,254,45,209,75,14,61,207,34,173,353,104,249,44,5,39
95WW14W1,1791,114,1677,818,14,804,297,19,278,266,27,239,65,2,63,154,17,137,141,29,112,50,6,44
95WW15S1,1268,151,1117,306,15,291,151,11,140,223,21,202,60,6,54,157,27,130,326,67,259,45,4,41
95WW15S2,1357,200,1157,299,19,280,160,14,146,233,34,199,70,6,64,179,35,144,371,86,285,45,6,39
95WW16S1,1316,152,1164,323,10,313,179,14,165,193,30,163,74,4,70,171,27,144,308,60,248,68,7,61
95WW16S2,1058,99,959,390,15,375,168,9,159,160,17,143,50,4,46,104,21,83,146,30,116,40,3,37
95WW17W1,1886,247,1639,579,30,549,275,32,243,304,48,256,116,10,106,223,42,181,315,72,243,74,13,61
95WW18W1,1845,250,1595,526,35,491,219,22,197,296,38,258,113,13,100,212,37,175,394,91,303,85,14,71
95WW19S1,1530,238,1292,398,20,378,192,34,158,248,53,195,90,7,83,203,44,159,340,73,267,59,7,52
95WW19S2,1491,313,1178,144,20,124,155,20,135,237,39,198,69,8,61,215,54,161,640,165,475,31,7,24
95WW19S3,1756,427,1329,162,15,147,97,17,80,252,59,193,49,8,41,234,58,176,923,265,658,39,5,34
95WW20S1,1457,235,1222,313,16,297,177,16,161,227,35,192,69,6,63,225,54,171,400,104,296,46,4,42
95WW20S2,3313,462,2851,384,15,369,441,31,410,551,71,480,130,11,119,521,94,427,1205,234,971,81,6,75
95WW20S3,1519,259,1260,207,9,198,157,21,136,276,43,233,70,11,59,244,47,197,514,120,394,51,8,43
95WW21S1,1227,106,1121,564,16,548,202,17,185,168,22,146,54,4,50,108,20,88,89,23,66,42,4,38
95WW21S2,1455,223,1232,356,22,334,240,18,222,226,32,194,69,7,62,182,41,141,320,98,222,62,5,57
95WW22S1,1130,204,926,273,19,254,162,19,143,206,46,160,68,9,59,188,52,136,199,53,146,34,6,28
95WW22S2,1227,101,1126,463,14,449,196,19,177,192,24,168,61,4,57,131,21,110,135,15,120,49,4,45
95WW23S1,1845,324,1521,414,23,391,162,13,149,210,39,171,47,4,43,315,73,242,622,162,460,75,10,65
95WW23S2,2386,671,1715,165,7,158,102,16,86,287,64,223,33,5,28,856,325,531,807,203,604,136,51,85
95WW24S1,1284,147,1137,488,21,467,149,8,141,175,23,152,58,2,56,128,21,107,227,66,161,59,6,53
95WW24S2,1510,138,1372,569,19,550,242,18,224,225,19,206,53,8,45,155,28,127,203,37,166,63,9,54
95WW25W1,1768,178,1590,766,17,749,244,30,214,236,39,197,99,7,92,147,24,123,221,57,164,55,4,51
95XX01S1,1416,287,1129,159,12,147,149,19,130,280,62,218,75,10,65,212,49,163,497,129,368,44,6,38
95XX01S2,1397,247,1150,119,5,114,194,24,170,278,58,220,60,4,56,255,47,208,456,108,348,35,1,34
95XX01S3,1309,170,1139,214,8,206,172,14,158,245,34,211,77,7,70,206,26,180,348,74,274,47,7,40
95XX02W1,2154,519,1635,281,27,254,157,27,130,308,82,226,74,13,61,284,74,210,1001,287,714,49,9,40
95XX03S1,1028,202,826,161,12,149,110,11,99,206,34,172,60,11,49,145,33,112,301,85,216,45,16,29
95XX03S2,1212,191,1021,173,12,161,123,9,114,214,20,194,59,8,51,168,21,147,429,115,314,46,6,40
95XX04S1,1428,237,1191,238,13,225,167,21,146,290,43,247,76,8,68,193,40,153,418,105,313,46,7,39
95XX04S2,1504,220,1284,264,23,241,213,27,186,300,39,261,91,6,85,231,25,206,364,91,273,41,9,32
95XX05W1,2274,370,1904,597,38,559,290,33,257,343,62,281,119,12,107,249,56,193,562,151,411,114,18,96
95XX06S1,1340,180,1160,339,11,328,213,20,193,216,34,182,72,5,67,165,35,130,283,74,209,52,1,51
95XX06S2,1576,225,1351,358,15,343,216,29,187,275,44,231,67,4,63,224,42,182,388,83,305,48,8,40
95XX07S1,1238,262,976,205,20,185,111,18,93,225,52,173,57,5,52,181,41,140,405,118,287,54,8,46
95XX07S2,1171,214,957,219,17,202,110,16,94,166,29,137,34,2,32,153,40,113,452,104,348,37,6,31
95XX08S1,1133,225,908,208,20,188,101,15,86,180,37,143,50,5,45,144,30,114,409,115,294,41,3,38
95XX08S2,1088,164,924,238,15,223,123,14,109,149,22,127,56,7,49,133,21,112,352,82,270,37,3,34
95XX09S1,1178,171,1007,325,9,316,150,19,131,164,25,139,58,6,52,113,25,88,309,79,230,59,8,51
95XX09S2,1200,230,970,246,16,230,117,13,104,165,27,138,64,5,59,154,37,117,421,129,292,33,3,30
95XX10S1,1256,177,1079,285,11,274,178,14,164,206,31,175,58,9,49,185,26,159,305,81,224,39,5,34
95XX10S2,1377,217,1160,199,19,180,196,24,172,245,31,214,71,10,61,221,46,175,403,78,325,42,9,33
95XX10S3,964,97,867,264,10,254,139,12,127,179,17,162,53,5,48,148,20,128,138,26,112,43,7,36
95XX11S1,1902,250,1652,347,13,334,255,20,235,314,39,275,92,11,81,285,47,238,542,113,429,67,7,60
95XX11S2,1688,270,1418,253,12,241,192,20,172,286,44,242,74,8,66,265,52,213,572,130,442,46,4,42
95XX11S3,1206,132,1074,369,7,362,193,13,180,232,30,202,38,6,32,144,27,117,184,43,141,46,6,40
95XX12W1,2157,587,1570,333,33,300,170,47,123,323,101,222,63,9,54,272,88,184,933,291,642,63,18,45
95XX13W1,2312,505,1807,328,25,303,161,33,128,333,68,265,77,11,66,263,51,212,1073,306,767,77,11,66
95XX14W1,2060,502,1558,252,18,234,158,32,126,298,77,221,54,7,47,223,59,164,1020,299,721,55,10,45
95XX15W1,2048,218,1830,672,30,642,281,28,253,301,34,267,105,6,99,254,39,215,365,72,293,70,9,61
95XX16W1,2646,434,2212,550,18,532,281,32,249,411,88,323,150,15,135,311,52,259,829,213,616,114,16,98
95XX17S1,1296,182,1114,248,20,228,163,19,144,189,22,167,54,5,49,160,24,136,357,81,276,125,11,114
95XX17S2,1252,232,1020,173,13,160,121,19,102,195,34,161,38,5,33,151,28,123,515,129,386,59,4,55
95XX18W1,2536,510,2026,527,41,486,273,33,240,350,57,293,91,7,84,278,57,221,908,298,610,109,17,92
95XX19W1,2173,567,1606,355,33,322,147,29,118,301,81,220,95,16,79,261,78,183,952,318,634,62,12,50
95XX20S1,1636,207,1429,537,26,511,215,22,193,252,43,209,70,4,66,193,33,160,302,76,226,67,3,64
95XX20S2,1086,151,935,194,6,188,228,24,204,223,36,187,30,6,24,129,21,108,217,53,164,65,5,60
95XX21W1,2410,569,1841,468,41,427,187,38,149,332,84,248,56,12,44,240,61,179,1056,319,737,71,14,57
95XX22W1,1887,252,1635,480,21,459,259,34,225,311,43,268,110,13,97,242,41,201,408,92,316,77,8,69
95XX23W1,2633,321,2312,654,30,624,338,30,308,403,55,348,117,14,103,348,47,301,661,132,529,112,13,99
95XX24S1,1109,198,911,223,11,212,127,18,109,162,34,128,56,4,52,179,35,144,335,92,243,27,4,23
95XX24S2,1161,179,982,274,13,261,130,15,115,161,32,129,74,5,69,161,34,127,317,72,245,44,8,36
95XX25W1,1981,216,1765,634,40,594,287,22,265,312,33,279,102,9,93,247,39,208,300,63,237,99,10,89
95YY01W1,1879,383,1496,530,38,492,186,24,162,278,84,194,70,11,59,237,50,187,501,166,335,77,10,67
95YY02W1,1873,295,1578,624,40,584,184,33,151,295,53,242,49,3,46,203,37,166,417,118,299,101,11,90
95YY03W1,2336,406,1930,652,42,610,247,42,205,333,63,270,89,14,75,287,57,230,648,178,470,80,10,70
95YY04W1,2654,392,2262,801,44,757,274,24,250,386,79,307,85,10,75,312,54,258,644,173,471,152,8,144
95YY05W1,1421,237,1184,455,26,429,138,26,112,194,40,154,57,10,47,121,32,89,368,93,275,88,10,78
95YY06W1,1839,249,1590,633,35,598,196,16,180,279,53,226,83,11,72,192,28,164,381,96,285,75,10,65
95YY07W1,2174,373,1801,694,47,647,223,32,191,315,75,240,73,10,63,260,54,206,535,141,394,74,14,60
95YY08W1,1712,258,1454,671,34,637,187,25,162,245,53,192,58,15,43,156,35,121,327,85,242,68,11,57
95YY09W1,1982,364,1618,577,49,528,223,38,185,286,64,222,72,9,63,204,56,148,463,129,334,157,19,138
95YY10W1,1718,379,1339,480,45,435,171,34,137,299,94,205,59,8,51,194,60,134,469,132,337,46,6,40
95YY11W1,1637,227,1410,670,38,632,173,15,158,199,38,161,43,4,39,164,39,125,311,83,228,77,10,67
95YY12W1,2125,443,1682,583,38,545,184,37,147,298,76,222,70,9,61,256,71,185,609,198,411,125,14,111
95YY13S1,1091,137,954,265,13,252,142,12,130,200,32,168,33,4,29,130,15,115,272,57,215,49,4,45
95YY13S2,1106,110,996,437,22,415,137,8,129,155,12,143,40,4,36,98,16,82,179,44,135,60,4,56
95YY14S1,1156,194,962,307,16,291,124,15,109,177,38,139,34,5,29,132,28,104,333,90,243,49,2,47
95YY14S2,1182,160,1022,277,16,261,150,13,137,195,38,157,44,5,39,157,29,128,309,57,252,50,2,48
95YY15S1,327,50,277,123,6,117,31,8,23,49,11,38,6,1,5,22,8,14,74,13,61,22,3,19
95YY15S2,1203,134,1069,429,17,412,155,20,135,201,26,175,33,4,29,140,16,124,174,46,128,71,5,66
95YY16W1,1838,350,1488,582,56,526,209,29,180,251,61,190,88,12,76,206,53,153,438,129,309,64,10,54
95YY17W1,1770,330,1440,597,40,557,174,31,143,262,69,193,89,14,75,211,48,163,371,116,255,66,12,54
95YY18W1,1755,302,1453,620,31,589,171,29,142,248,65,183,70,21,49,213,46,167,369,101,268,64,9,55
95YY19W1,1259,163,1096,447,21,426,110,17,93,179,31,148,46,2,44,117,21,96,251,64,187,109,7,102
95YY20W1,1815,340,1475,555,29,526,186,32,154,264,62,202,89,14,75,200,50,150,463,143,320,58,10,48
95YY21W1,1837,290,1547,551,30,521,203,30,173,312,51,261,78,10,68,207,49,158,412,113,299,74,7,67
95ZZ01W1,2140,303,1837,787,47,740,274,30,244,307,56,251,64,7,57,233,44,189,374,102,272,101,17,84
95ZZ02W1,1440,157,1283,720,37,683,177,21,156,185,27,158,30,4,26,137,19,118,150,41,109,41,8,33
95ZZ03W1,1724,184,1540,790,35,755,172,14,158,236,35,201,45,5,40,175,26,149,202,61,141,104,8,96
95ZZ04W1,2099,291,1808,879,55,824,229,29,200,288,52,236,60,10,50,225,50,175,323,82,241,95,13,82
95ZZ05W1,1699,244,1455,758,35,723,163,23,140,216,41,175,66,7,59,176,42,134,281,84,197,39,12,27
95ZZ06W1,1363,144,1219,793,36,757,142,20,122,137,27,110,35,9,26,99,19,80,119,27,92,38,6,32
95ZZ07W1,2154,268,1886,822,45,777,239,25,214,343,60,283,73,9,64,271,38,233,333,84,249,73,7,66
95ZZ08W1,2022,236,1786,913,42,871,203,18,185,273,46,227,64,8,56,209,40,169,290,68,222,70,14,56
95ZZ09W1,1779,249,1530,824,56,768,216,34,182,219,41,178,30,6,24,170,36,134,254,69,185,66,7,59
95ZZ10W1,2443,296,2147,767,40,727,296,28,268,372,50,322,82,2,80,300,44,256,526,120,406,100,12,88
95ZZ11W1,1726,344,1382,608,41,567,192,34,158,237,56,181,89,18,71,187,63,124,331,116,215,82,16,66
95ZZ12W1,1730,196,1534,773,34,739,209,27,182,230,27,203,59,8,51,156,26,130,230,59,171,73,15,58
95ZZ13W1,1970,280,1690,690,33,657,247,33,214,265,43,222,76,8,68,257,59,198,361,95,266,74,9,65
95ZZ14S1,1405,168,1237,482,24,458,183,18,165,205,34,171,40,4,36,158,21,137,243,56,187,94,11,83
95ZZ14S2,1086,148,938,322,16,306,126,22,104,174,31,143,33,7,26,156,22,134,231,46,185,44,4,40
95ZZ15W1,1798,241,1557,743,46,697,223,26,197,230,44,186,54,8,46,195,35,160,290,76,214,63,6,57
95ZZ16S1,1332,150,1182,415,21,394,184,11,173,217,24,193,30,4,26,173,27,146,254,57,197,59,6,53
95ZZ16S2,1110,91,1019,484,16,468,113,7,106,119,14,105,40,3,37,123,10,113,199,38,161,32,3,29
